,ID,hostRa,hostDec,offby,hectoZ,redshift_dif,KronRad (kpc)_3,separation (kpc)_3,area (kpc^2)_3,sep/sqrt(area) (kpc)_3,x_3,y_3,KronMag_3,Abs. Mag_3,Angle_3,Ellipticity_3,RA_3,DEC_3,Discrepency (arcsecs)_3,pixelRank_3,chanceCoincidence_3,host_found_3,KronRad (kpc)_4,separation (kpc)_4,area (kpc^2)_4,sep/sqrt(area) (kpc)_4,x_4,y_4,KronMag_4,Abs. Mag_4,Angle_4,Ellipticity_4,RA_4,DEC_4,Discrepency (arcsecs)_4,pixelRank_4,chanceCoincidence_4,host_found_4,KronRad (kpc)_5,separation (kpc)_5,area (kpc^2)_5,sep/sqrt(area) (kpc)_5,x_5,y_5,KronMag_5,Abs. Mag_5,Angle_5,Ellipticity_5,RA_5,DEC_5,Discrepency (arcsecs)_5,pixelRank_5,chanceCoincidence_5,host_found_5,KronRad (kpc)_6,separation (kpc)_6,area (kpc^2)_6,sep/sqrt(area) (kpc)_6,x_6,y_6,KronMag_6,Abs. Mag_6,Angle_6,Ellipticity_6,RA_6,DEC_6,Discrepency (arcsecs)_6,pixelRank_6,chanceCoincidence_6,host_found_6
0,6,0.0,0.0,,0,-1.0,1.63453802657,0.85491151507,111.886894559,0.0808223654155,0.28360453036297884,-0.8542344764578047,19.361260329534264,-20.7859652346,-1.3084121942520142,0.29429968905609993,53.3664277644127,-28.371581581035528,-28.371581581035528,0.9838709677419355,0.002137462402478918,1,1.6436796249,0.930079130584,171.439596502,0.0710336828146,0.2934703620606314,-0.9342117772344096,18.142441571255333,-22.0047839928,-1.2968113422393799,0.2909853275903228,53.36642699949887,-28.371587135915906,-28.371587135915906,0.9947368421052631,0.0008269754415063391,1,1.50769560262,0.997831893006,238.210807771,0.0646512088848,0.31677500170712847,-1.001658269218055,18.452636369728847,-21.6945891944,-1.2633311748504639,0.2947237762450614,53.36642517186196,-28.37159182275923,-28.37159182275923,0.9962121212121212,0.0009792260324458235,1,1.64948804646,1.08587013952,184.974301489,0.0798403059627,0.33883431914101436,-1.091879600467749,18.067499408547125,-22.0797261555,-1.2473722696304321,0.2970515859634598,53.366423446402536,-28.371598090823042,-28.371598090823042,0.9951219512195122,0.00072893717212974,1
1,10,0.0,0.0,,0,-1.0,13.92002230721785,8.60437126362,668.56572828,0.332772236904,-8.649964916558503,0.6260706038012245,13.92002230721785,-26.596235998,-0.009789050556719303,0.3364417399988421,149.74959733585462,3.1575741648777718,3.1575741648777718,0.8159057437407953,0.0033820281314211886,0,4.38975303321,8.60437126362,668.56572828,0.332772236904,-8.649964916558503,0.6260706038012245,10.7194044440156,-29.5591921374,-0.009789050556719303,0.3364417399988421,149.74959733585462,3.1575741648777718,3.1575741648777718,0.8159057437407953,0.00029760767239084274,1,4.56951952085,8.43570620542,808.383597817,0.296696688724,-8.485103994619578,0.5450783473057186,12.408074010020739,-27.8705225714,-0.0325285829603672,0.2951071855469778,149.74958587253667,3.1575685392842696,3.1575685392842696,0.8112058465286236,0.0011259919628717752,1,4.20045373333,8.56676497306,676.442791352,0.32938310243,-8.623337723464388,0.4427831342528208,11.508972629225598,-28.7696239522,0.015257940627634525,0.3712081184630538,149.74959548636468,3.1575614398122838,3.1575614398122838,0.7321688500727802,0.0005535879560654156,1
2,11,0.0,0.0,,0,-1.0,13.02757892381159,26.6044314222,251.787384729,1.67662909515,-2.673792413523813,-19.65740530267861,13.02757892381159,-28.5909023382,0.16802899539470673,0.09247115088792335,149.97610253191002,2.4105349243184357,2.4105349243184357,0.0,0.00010915608557815482,0,3.3536617533,26.0602547102,124.095211045,2.33938200637,-3.342159155524783,-19.143072238463006,19.662560325556473,-21.6062232205,-0.42832067608833313,0.35334436637367894,149.97614898648308,2.4105706422211886,2.4105706422211886,0.0,0.01649495089027675,1,3.15966293897,26.5665334349,260.779791326,1.64512128703,-2.973996049998121,-19.585648592508704,19.29396245724945,-21.9748210888,0.05551692098379135,0.1152720436484328,149.976123397625,2.410539907721271,2.410539907721271,0.0,0.01299748163436687,1,3.04014220219,26.6044314222,251.787384729,1.67662909515,-2.673792413523813,-19.65740530267861,18.89415158120638,-22.3746319648,0.16802899539470673,0.09247115088792335,149.97610253191002,2.4105349243184357,2.4105349243184357,0.0,0.00937555014801461,1
3,34,0.0,0.0,,0,-1.0,13.012431921624787,4.11388233893,18.292500331,0.96186767642,0.12448310073543212,-4.080396113985728,13.012431921624787,-27.5565951945,0.8162770867347717,0.5854744902793338,36.066428913797715,-3.18681937440036,-3.18681937440036,0.0,1.2872126630036895e-05,0,2.69635295207,4.11388233893,18.292500331,0.96186767642,0.12448310073543212,-4.080396113985728,20.914309686447655,-19.4124423972,0.8162770867347717,0.5854744902793338,36.066428913797715,-3.18681937440036,-3.18681937440036,0.0,0.005201645873912697,1,2.51608016052,3.99835158912,23.3737504229,0.827021460489,0.14478810646673423,-3.9650093701855553,21.60662415731754,-18.7201279263,0.8579429984092712,0.445452967965429,36.06642749981604,-3.1868113644971943,-3.1868113644971943,0.0,0.007873294041458645,1,12.831746928241126,4.11388233893,18.292500331,0.96186767642,0.12448310073543212,-4.080396113985728,12.831746928241126,-27.7372801879,0.8162770867347717,0.5854744902793338,36.066428913797715,-3.18681937440036,-3.18681937440036,0.0,1.1220820481105953e-05,0
4,76,0.0,0.0,,0,-1.0,1.75562195277,10.0361323924,737.184849302,0.369639335823,-9.298335947020547,2.6839873117779405,17.091934038581257,-23.3229851934,1.1716656684875488,0.11031502670819315,129.26166828842366,43.73821057357325,43.73821057357325,0.5343065693430656,0.0015634866939489012,1,1.68539985068,9.9920668159,915.831104754,0.330177621496,-9.248534239799696,2.7031143691365003,16.10593030838643,-24.3089889236,1.096186637878418,0.08555397363738004,129.26166347406834,43.7382118458461,43.7382118458461,0.6474735605170387,0.0006636092745738731,1,1.6662435091,9.95393663802,1079.41080854,0.302971300171,-9.222089828357582,2.6623275117172227,16.51332359797386,-23.9015956341,1.1860947608947754,0.09996962921133545,129.26166099707876,43.73820898500665,43.73820898500665,0.7138584247258225,0.0008326175688586623,1,1.65281699929,9.8909155387,928.745291895,0.32455490777,-9.145545211054497,2.7075958523409724,16.147014136926927,-24.2679050951,1.2412806749343872,0.10872705131220373,129.26165357273618,43.73821204216774,43.73821204216774,0.6813441483198146,0.0006072973373120183,1
5,91,0.0,0.0,,0,-1.0,1.36384996899,0.681924984494,5.84363483085,0.282094791774,0.0,0.0,26.0,-13.2120021756,0.0,0.3,129.32890416666666,44.333733333333335,,0.5,1.0,0,1.36384996899,0.681924984494,5.84363483085,0.282094791774,0.0,0.0,26.0,-13.2120021756,0.0,0.3,129.32890416666666,44.333733333333335,,0.5,1.0,0,1.36384996899,0.681924984494,5.84363483085,0.282094791774,0.0,0.0,26.0,-13.2120021756,0.0,0.3,129.32890416666666,44.333733333333335,,0.5,1.0,0,1.36384996899,0.681924984494,5.84363483085,0.282094791774,0.0,0.0,26.0,-13.2120021756,0.0,0.3,129.32890416666666,44.333733333333335,,0.5,1.0,0
6,98,0.0,0.0,,0,-1.0,0.416621521375,1.39612147598,90.4166214213,0.146824682479,3.791740773407625,3.095905983225208,15.993892644534334,-21.0454308699,1.2512019872665405,0.36025772234349873,184.9060079182337,46.0324451614911,46.0324451614911,0.9162916291629163,0.0007237020584762721,1,0.415263522231,1.43149257256,97.4969509115,0.144975155092,3.7854392067355462,3.2957852656241187,15.467143937840858,-21.5721795766,1.2392889261245728,0.34737375538726256,184.90600852442327,46.03245903752226,46.03245903752226,0.9323873121869783,0.0004876164986111764,1,0.410109858481,1.41818421957,114.506018308,0.132531310358,3.8302939477754734,3.1708290102494487,15.998876218504149,-21.0404472959,1.2382609844207764,0.34782932530751,184.90600405353266,46.03245035944761,46.03245035944761,0.9509594882729211,0.0007190993425351122,1,0.42727442623,1.46345777256,97.1714185212,0.148460501832,3.890319898149585,3.345852652721888,15.799071935745568,-21.2402515787,1.2340493202209473,0.3504000599270576,184.9059980293082,46.03246250457553,46.03246250457553,0.9346733668341709,0.0006197650373023222,1
7,133,0.0,0.0,,0,-1.0,1.39438868202,2.61941253634,507.881201147,0.116231229729,-2.6387108681348934,-0.19218957170488693,17.042452091327654,-23.229707277,1.1510547399520874,0.4375359833946103,160.71856729701653,58.032826019168944,58.032826019168944,0.9073359073359073,0.0005672994161740608,1,1.28641234884,2.92052076258,696.130603888,0.110691668699,-2.859999257655005,-0.7223730626542277,15.862199192371241,-24.4099601759,1.1569138765335083,0.4247214876779134,160.718597549214,58.032789481597476,58.032789481597476,0.9140845070422535,0.00017528872372996052,1,1.22898075221,3.02493325106,858.887900008,0.10321612574,-2.9032744997928717,-0.9516619184170452,16.157810745291393,-24.114348623,1.1901034116744995,0.39955482237820206,160.71860375779937,58.03277361557272,58.03277361557272,0.934931506849315,0.00019275531893647724,1,1.23755467678,3.03947242654,724.564107427,0.112917121774,-2.894324863311155,-1.023462912766135,15.76613536800696,-24.5060240003,1.1951360702514648,0.4189848703831135,160.71860275141043,58.03276861946033,58.03276861946033,0.9215155615696887,0.00012946614770692477,1
8,137,multiple,multiple,,multiple,-1.0,0.858123036149,0.582984621893,297.239087384,0.0338145910419,0.3139449296222381,-1.0098705584593688,16.239253571388545,-22.4142479698,1.0724347829818726,0.12524520111082826,161.15922722357604,57.8110518560327,57.8110518560327,0.0,0.0003709061870963426,1,0.787124701259,0.567685298217,411.51505554,0.0279843215731,0.47469298696731244,-0.9138646872212917,15.312577284886197,-23.3409242563,1.0519936084747314,0.12382262395339105,161.15920613055889,57.81105839743449,57.81105839743449,0.0,0.00016028831687542322,1,0.750347437958,0.572773663373,524.27139646,0.0250152563974,0.515096665445796,-0.9023614611037232,15.730251970393606,-22.9232495708,0.9970139265060425,0.11629161125443777,161.1592008473524,57.81105916477798,57.81105916477798,0.0,0.0002095267605302098,1,0.780978082288,0.570528607799,429.142731479,0.0275407996183,0.5162506016902029,-0.8970060234330504,15.329733601013553,-23.3237679402,1.1083910465240479,0.11289055666728143,161.15920068910677,57.811059535745585,57.811059535745585,0.0,0.00014956891518524973,1
9,142,0.0,0.0,,0,-1.0,3.3510192568,12.8016093291,146.389835218,1.05805710672,-8.46112390967906,2.3791723498310944,19.908467060415678,-21.6692713868,-0.15672294795513153,0.4019232556011423,162.31037112130517,58.4673923311675,58.4673923311675,0.0,0.006481566888833945,1,2.53216714505,12.6570735235,362.792200324,0.664514301402,-8.39785462493856,2.2343914259735556,18.304884910364855,-23.2728535369,-0.2813185751438141,0.4064766291994544,162.31036260850033,58.467382303335995,58.467382303335995,0.23976608187134502,0.0017688639724322552,1,2.29988826026,12.5113562509,507.060443728,0.555615719593,-8.289577462358352,2.251800408120431,18.52530036431456,-23.0524380829,-0.28403425216674805,0.40945050918254555,162.31034824513688,58.46738355620843,58.46738355620843,0.5146443514644351,0.0018764232813767157,1,2.26706405813,12.5154817589,451.899056544,0.588744488137,-8.301132763935499,2.219807927717511,18.05943559966939,-23.5183028475,-0.3033422529697418,0.40447417825810883,162.3103497546734,58.46738132996531,58.46738132996531,0.4694835680751174,0.0012773460233885814,1
10,190,0.0,0.0,,0,-1.0,1.04455959363,1.82645233897,175.900676921,0.137712888765,2.2520617312914624,3.0667206089391783,17.058163900830582,-21.2445239934,-1.5455554723739624,0.6656783542602149,148.98831422244592,2.2636767131103577,2.2636767131103577,0.8047182175622543,0.003303463869108958,1,1.01924604718,2.08122563367,178.897674037,0.155602589188,2.2602954954823815,3.6996639866608376,16.622934030234376,-21.679753864,-1.5503302812576294,0.6624503094102524,148.98831362057842,2.2637206602077864,2.2637206602077864,0.7538659793814433,0.002227793489535612,1,1.10615613883,2.06836524829,230.538239739,0.136224664176,2.1625075867662247,3.726702307712884,16.8035568393966,-21.4991310548,-1.549980640411377,0.6797400349408189,148.9883204133145,2.263722542309231,2.263722542309231,0.882,0.004312840653269978,1,1.14636522976,2.38960464978,165.987532612,0.18547625572,2.117389144274611,4.505023743702054,16.66396291420477,-21.63872498,-1.542546272277832,0.6742887354401539,148.98832351135107,2.263776586102693,2.263776586102693,0.7694444444444445,0.0041566841449748315,1
11,196,0.0,0.0,,0,-1.0,2.18116871563,6.22426850814,87.3597909926,0.665936050687,-3.5772212638529197,-3.469915919143588,20.351340483323696,-20.6671799726,0.12361852079629898,0.3467126284995494,150.1153194974575,2.6937923618637845,2.6937923618637845,0.21428571428571427,0.003970049744615456,1,2.0446037113,6.13151709037,110.759735009,0.582608731534,-3.5688461992026532,-3.371267230328513,19.566161698227933,-21.4523587577,0.27670007944107056,0.1478240120397255,150.11531891576624,2.6937992119996585,2.6937992119996585,0.2676056338028169,0.002125201037558311,1,1.91705052018,6.03095229011,146.639649166,0.498035369264,-3.43026302012737,-3.398722133059252,20.05033154032893,-20.9681889156,0.3008384108543396,0.1321974201457573,150.11530928153704,2.6937973064648904,2.6937973064648904,0.40425531914893614,0.0030967259526701874,1,2.02473394466,6.17104972709,101.399757402,0.612830805444,-3.5466011788068954,-3.440282584567157,19.903292150542814,-21.1152283054,0.27140939235687256,0.13254211799362137,150.11531736895716,2.693794419778411,2.693794419778411,0.1076923076923077,0.002622864841927308,1
12,199,0.0,0.0,,0,-1.0,2.03305749772,51.9310813753,405.26723425,2.57962525341,-20.417624192958428,-33.68149076928026,18.008417018221934,-23.2003767342,-0.4202333390712738,0.15717307315532247,151.23281671952674,2.588579723727086,2.588579723727086,0.0,0.015858166645972394,1,1.97261251855,51.8609203665,455.708220487,2.42938747678,-20.32569346928119,-33.674897565587685,17.410006083582857,-23.7987876689,-0.42895883321762085,0.14089682895050715,151.23281033240846,2.588580187663259,2.588580187663259,0.0,0.010045296401028359,1,1.9319104175,51.9350757267,504.409862371,2.31243207383,-20.32373804262751,-33.74174717965563,17.85221477471682,-23.3565789777,-0.4160509407520294,0.146439796475479,151.23281019270513,2.5885755467488005,2.5885755467488005,0.0,0.014055796130749476,1,1.97259076519,51.8530226972,415.703300368,2.54321069813,-20.199572191135587,-33.743700869409565,17.765012480010995,-23.4437812725,-0.36679983139038086,0.1590782172436216,151.232801565347,2.588575419489962,2.588575419489962,0.0,0.013105090352704019,1
13,202,0.0,0.0,,0,-1.0,3.48729706701,1.74364853351,38.2056648614,0.282094791774,0.0,0.0,26.0,-16.3570591938,0.0,0.3,150.53914583333332,1.8991694444444445,,0.5,1.0,0,3.48729706701,1.74364853351,38.2056648614,0.282094791774,0.0,0.0,26.0,-16.3570591938,0.0,0.3,150.53914583333332,1.8991694444444445,,0.5,1.0,0,3.48729706701,1.74364853351,38.2056648614,0.282094791774,0.0,0.0,26.0,-16.3570591938,0.0,0.3,150.53914583333332,1.8991694444444445,,0.5,1.0,0,3.48729706701,1.74364853351,38.2056648614,0.282094791774,0.0,0.0,26.0,-16.3570591938,0.0,0.3,150.53914583333332,1.8991694444444445,,0.5,1.0,0
14,215,0.0,0.0,,0,10.836846372111879,3.00338449609,1.50169224805,28.338166117,0.282094791774,0.0,0.0,26.0,-15.6979766827,0.0,0.3,150.80992916666665,3.144225,,0.5,1.0,0,3.00338449609,1.50169224805,28.338166117,0.282094791774,0.0,0.0,26.0,-15.6979766827,0.0,0.3,150.80992916666665,3.144225,,0.5,1.0,0,3.00338449609,1.50169224805,28.338166117,0.282094791774,0.0,0.0,26.0,-15.6979766827,0.0,0.3,150.80992916666665,3.144225,,0.5,1.0,0,3.00338449609,1.50169224805,28.338166117,0.282094791774,0.0,0.0,26.0,-15.6979766827,0.0,0.3,150.80992916666665,3.144225,,0.5,1.0,0
15,218,0.0,0.0,,0,-1.0,0.618763067057,7.32119232377,296.678371177,0.425048876614,-0.08823469530634043,-16.412553782601762,15.852824067857776,-22.2670017606,0.9416486024856567,0.29051449944292884,148.87900281600568,1.4825217500445265,1.4825217500445265,0.44228187919463086,0.0013985904474668187,1,0.611107917847,7.38872047054,318.779914265,0.413831706531,-0.3298717830359834,-16.56083365899076,15.31672688638929,-22.8030989421,0.9232224225997925,0.29037036199313393,148.879019601975,1.4825114649068185,1.4825114649068185,0.5296689569019363,0.0009094473020089255,1,0.603209103331,7.38711827103,347.253073378,0.396416755998,-0.42935741468005517,-16.554936167721195,15.734223220727376,-22.3856026078,0.9319011569023132,0.29111241016752376,148.87902650951992,1.4825118778081052,1.4825118778081052,0.5389908256880734,0.0012084668640545138,1,0.609397337627,7.39154233296,317.784349261,0.414637728117,-0.44828639540736503,-16.564351488300247,15.626790983411292,-22.4930348451,0.9281889200210571,0.29410221709525364,148.87902782435762,1.48251122485917,1.48251122485917,0.4473684210526316,0.0011043264219470217,1
16,220,0.0,0.0,,0,-1.0,1.59784400951,17.4982843336,529.461463746,0.760463354986,19.083979016287316,0.8959163756527602,17.071980891470602,-22.9676559003,-0.22101721167564392,0.25770717649647856,150.53542758983474,2.718626685567632,2.718626685567632,0.0,0.0028093448316394154,1,1.43164687277,17.6555141062,813.071566355,0.619178661905,19.251589614122338,0.9827600932771077,15.941288553001666,-24.0983482388,-0.21262705326080322,0.22598005206778005,150.53541594075415,2.7186327207826912,2.7186327207826912,0.0,0.001158231342152538,1,1.3034616482,17.7480427129,1194.85439679,0.513443868858,19.347785331199532,1.075860413518896,16.212548080324815,-23.8270887115,-0.18624185025691986,0.16661970867756337,150.5354092561478,2.7186391882314846,2.7186391882314846,0.14817415730337077,0.0013716106229036962,1,1.31848477463,17.7504304956,958.232950235,0.573420664955,19.351745218833287,1.0513579825146167,15.983816603768474,-24.055820188,-0.2007829248905182,0.19462870489455963,150.53540898027003,2.7186374870093117,2.7186374870093117,0.2381786339754816,0.0011178228443250449,1
17,236,0.0,0.0,,0,-1.0,1.24126455417,9.44964576965,333.358788198,0.517558653646,-10.7347117818925,-3.6219029923530286,17.29541184910095,-22.4737139988,0.40458157658576965,0.06430658982056703,131.5812081327544,44.072789574521074,44.072789574521074,0.33820459290187893,0.0014406487231171106,1,1.18056753704,9.35599415984,406.433261603,0.464082637665,-10.643729766317492,-3.540020792002892,16.485175943559923,-23.2839499043,0.3586858808994293,0.0967259305273318,131.58119943614662,44.07279533569907,44.07279533569907,0.4606164383561644,0.000766896623692892,1,1.14229306976,9.2954975398,483.683419202,0.422660867721,-10.572423257648452,-3.524588381649778,16.86501089190238,-22.904114956,0.29353010654449463,0.08789114345226023,131.5811925634227,44.07279646667298,44.07279646667298,0.5870503597122302,0.0009506585462969452,1,1.18102499008,9.29405080827,402.953524774,0.462996345208,-10.584541821071468,-3.4824808940864926,16.610939078671215,-23.1581867692,0.33695515990257263,0.098801730432716,131.58119378358583,44.07279938021038,44.07279938021038,0.5060449050086355,0.0007865568300804426,1
18,248,0.0,0.0,,0,-1.0,1.25659024945,0.568664191296,403.353990817,0.0283147481141,-0.037024154854947255,-0.7162604173904441,16.638039074260178,-22.9888429022,0.781410813331604,0.24756753682979682,34.94398168073163,-3.2029580528006196,-3.2029580528006196,0.982839313572543,0.00044155139888180095,1,1.11116176563,0.630507397768,585.209378252,0.0260636087636,-0.037419465257727325,-0.7943332793075797,15.680839675361653,-23.9460423011,0.7979507446289062,0.2468316106480064,34.94398170167796,-3.202963472026276,-3.202963472026276,0.989247311827957,0.000163643076693476,1,1.03537530737,0.682070106073,706.656055674,0.025658128339,-0.023751445251036785,-0.8599136899080406,16.07425345477245,-23.5526285217,0.8276291489601135,0.22699099763307495,34.94398074594308,-3.202968023238403,-3.202968023238403,0.9910952804986642,0.00019386323337478029,1,1.05886425686,0.641532622477,595.906753983,0.0262802560129,0.12454403729400099,-0.7994278573567755,15.778445687246546,-23.8484362892,0.8084061741828918,0.245665121579009,34.94397044103672,-3.2029638154434497,-3.2029638154434497,0.9873284054910243,0.00014186771865720704,1
19,10010,0.0,0.0,,0,-1.0,0.686328630584,9.15370847235,178.344711506,0.685436076793,15.776469795507126,-11.484932303056837,16.556200211423413,-21.6888969861,-0.42754849791526794,0.6659410038894589,150.85755841775892,1.0286225967488671,1.0286225967488671,0.45925925925925926,0.0021682882727331876,1,0.676959246438,9.13774331689,192.876502813,0.657959698482,15.735114589312388,-11.483887492944902,15.991811069328499,-22.2532861282,-0.4352576732635498,0.6605520068400726,150.85756128890952,1.0286226684953137,1.0286226684953137,0.5273972602739726,0.0013245587477880294,1,0.6431992958,9.1076689853,220.398834836,0.613483082199,15.619522412839586,-11.533008035292852,16.421763888463556,-21.8233333091,-0.43373551964759827,0.6541418277127846,150.85756931200322,1.028619256997879,1.028619256997879,0.5664335664335665,0.001759711608875003,1,0.654979094263,9.05796207529,172.840245101,0.688982294062,15.561505398426391,-11.43309435652641,16.29249304600876,-21.9526041515,-0.42657119035720825,0.66420996852944,150.85757334385357,1.0286261906892429,1.0286261906892429,0.5006369426751592,0.0015292694648727512,1
20,10043,0.0,0.0,,0,1.6088715147180328,1.27321644761,0.636608223807,5.09277340364,0.282094791774,0.0,0.0,26.0,-13.028573178,0.0,0.3,129.05252499999997,44.00708888888889,,0.5,1.0,0,1.27321644761,0.636608223807,5.09277340364,0.282094791774,0.0,0.0,26.0,-13.028573178,0.0,0.3,129.05252499999997,44.00708888888889,,0.5,1.0,0,1.27321644761,0.636608223807,5.09277340364,0.282094791774,0.0,0.0,26.0,-13.028573178,0.0,0.3,129.05252499999997,44.00708888888889,,0.5,1.0,0,1.27321644761,0.636608223807,5.09277340364,0.282094791774,0.0,0.0,26.0,-13.028573178,0.0,0.3,129.05252499999997,44.00708888888889,,0.5,1.0,0
21,10163,150.54059166666664,1.2335916666666666,0.4150241039196941,0.0863,-1.0,0.939793865042,0.690604742522,19.2094747007,0.157569374851,-0.46584264557751,-1.5940258643048253,19.0288201103556,-18.9178104242,1.3652100563049316,0.3826244934471916,150.54062397677185,1.2334810002729852,1.2334810002729852,0.9819819819819819,0.0021004537497856246,1,1.06201412068,0.544238620332,20.0747663539,0.121468622749,-0.3071975923000707,-1.2721630103899173,18.551296790171698,-19.3953337444,1.4928878545761108,0.2947215822656738,150.54061296784496,1.233503346743565,1.233503346743565,0.9913793103448276,0.0020950958570198353,1,0.977145580806,0.651682719449,24.5742829504,0.13146065076,-0.3873754818783084,-1.5184674905214308,19.114535888016434,-18.8320946465,1.4493645429611206,0.32591518403614295,150.5406185295612,1.233486246762498,1.233486246762498,0.9929577464788732,0.0025958135476635835,1,1.05972971722,0.542883508059,13.6716081203,0.146823931164,-0.10708028702188699,-1.3010460722879174,19.202953992535644,-18.743676542,1.5106546878814697,0.31329105547861025,150.54059907007624,1.2335013444574032,1.2335013444574032,0.9873417721518988,0.002346175198857936,1
22,10411,0.0,0.0,,0,-1.0,0.611090975393,1.05038163704,108.320045235,0.1009235932,0.3626178329294021,-2.871124241999169,16.768475928778084,-20.8460742893,-0.19731369614601135,0.34728714734663046,162.06571910847876,57.405211811115606,57.405211811115606,0.9805352798053528,0.0008642293091618569,1,0.61817609121,0.873140322843,114.51352714,0.0815935162258,0.22505960309911188,-2.395062070182334,16.366814290831687,-21.2477359272,-0.10911495983600616,0.3219038814177846,162.0657369753646,57.40524484536235,57.40524484536235,0.9873417721518988,0.0007060738677904244,1,0.605525154297,0.840425143402,134.675287384,0.0724194265317,0.3279628031431798,-2.2921310188755797,16.958848856903284,-20.6557013612,-0.11729352176189423,0.2936787267976604,162.06572374005594,57.40525200795524,57.40525200795524,0.9853228962818004,0.0010638474201276615,1,0.66162324709,0.802522807351,95.4059765814,0.082161733373,0.17969598322224556,-2.2037393526014455,16.806834976364545,-20.8077152417,-0.12924563884735107,0.33311197291169703,162.06574287722086,57.40525812286923,57.40525812286923,0.9834254143646409,0.0009686780201104694,1
23,10454,0.0,0.0,,0,-1.0,0.543947413421,0.56659750811,259.73447699,0.0351568421823,0.892641937931117,1.1316291144654542,15.581856336029805,-22.2274167907,1.1603550910949707,0.6294397688049178,164.4220940226606,57.613516903448875,57.613516903448875,0.9928528886241811,0.0008994856596888923,1,0.552956363492,0.564252395089,285.41400241,0.0333991776124,0.9061753044380794,1.1131474162365578,14.971047303260278,-22.8382258235,1.1611077785491943,0.6243214749063519,164.42209218139038,57.613515655987655,57.613515655987655,0.9962059620596206,0.0005366088199488805,1,0.539304828162,0.598088939662,314.651534364,0.0337171489294,0.9901276133598742,1.155176684212904,15.488114610605136,-22.3211585161,1.163207769393921,0.6165506992080145,164.42208151273277,57.61351878681999,57.61351878681999,0.9960668633235005,0.000745530623173063,1,0.56461004814,0.562767386894,269.480320975,0.0342819402443,0.9812543845208239,1.042419722565569,15.224761349298253,-22.5845117775,1.1612015962600708,0.6218489167260173,164.42208211950307,57.61351094174558,57.61351094174558,0.9954075774971297,0.0005882212957140087,1
24,20021,0.0,0.0,,0,-1.0,2.24607277799,4.97341984655,191.560442592,0.35933722299,-1.3833337490592612,4.593179535241305,18.42766729597864,-21.987251936,0.43710219860076904,0.2255030913517353,131.71133484465,45.49235077132,45.49235077132,0.46629213483146065,0.0014914618557750892,1,2.35166835832,4.94482008981,250.750466989,0.312269537326,-1.2829642283380593,4.593567691425932,17.48273653118863,-22.9321827008,0.5555771589279175,0.2387449124495742,131.711324907089,45.492350895332,45.492350895332,0.630901287553648,0.0006995245229143299,1,3.23866470595,5.01488374965,307.788126862,0.285847855749,-1.2490021127997721,4.672893271551885,17.2733375555138,-23.1415816765,0.5168613195419312,0.2925592863352101,131.71132165154395,45.49235643353101,45.49235643353101,0.5874125874125874,0.005008802264482526,1,3.44797761481,5.09222931261,285.188299365,0.301538035291,-1.2737731211462062,4.743489871240385,16.73669025413822,-23.6782289779,0.49313607811927795,0.2830768334148275,131.71132419966048,45.49236130911758,45.49236130911758,0.6150943396226415,0.005162413589607451,1
25,20027,0.0,0.0,,0,-1.0,0.870450010777,11.8844685674,966.01533213,0.38237347388,10.524427422227149,17.5098611836099,15.404653078773825,-23.3892774252,-1.1893802881240845,0.031627458124489194,186.33513642549522,46.01643577067195,46.01643577067195,0.2876183795159593,0.0020724858810939883,1,0.906469838701,12.1931852938,1115.44106397,0.365084890339,11.183937785773992,17.726950210148402,14.749584736017383,-24.044345768,-1.0401864051818848,0.09064996956105875,186.3350708842032,46.01645160423918,46.01645160423918,0.33657351154313486,0.0012135507328455697,1,0.998186642549,12.1019299103,1352.96359916,0.329011878042,10.951009799246464,17.687527660175476,15.16350489560177,-23.6304256084,-0.9702658653259277,0.11549734217683894,186.33509409586628,46.01644859721834,46.01644859721834,0.6283496118206862,0.001671892997947677,1,0.906267908427,11.5751277393,1161.86130266,0.339585117541,10.75995111959088,16.73739361453886,14.992223779117563,-23.8017067249,1.0672918558120728,0.040074231641714864,186.33511156873678,46.01638243556369,46.01638243556369,0.3992417614464859,0.0012607899090101293,1
26,20075,0.0,0.0,,0,-1.0,1.49651185343,0.667096887796,19.4183578814,0.151384936879,-0.5342023033217771,-0.7947679874080364,20.218679531864133,-19.0513110676,1.0055314302444458,0.14382072809027058,214.7288280792688,53.999133052355994,53.999133052355994,0.875,0.0013985463670801446,1,1.44884184533,0.658472226645,25.7293241929,0.129814520113,-0.49699529920631846,-0.8040338465298191,19.46481422878268,-19.8051763707,0.18474021553993225,0.08334954951042461,214.72882366584759,53.99913245566258,53.99913245566258,0.9245283018867925,0.0007172584111369007,1,1.68327201957,0.462910270304,26.7002420869,0.0895858083532,-0.2830018560235601,-0.6012413760455075,20.15091726972675,-19.1190733298,1.3316324949264526,0.04428166598726868,214.72879882154749,53.99914679996134,53.99914679996134,0.9272727272727272,0.0017163692171429101,1,1.94879261979,0.572386451074,11.1655557818,0.171296769346,-0.34108228596153367,-0.7475343250855673,20.480560518799777,-18.7894300807,-0.2870015799999237,0.09671494163704919,214.72880537246508,53.99913657242971,53.99913657242971,0.8260869565217391,0.003841221318479082,1
27,20082,0.0,0.0,,0,-1.0,1.59250278065,0.775188078403,15.9214024991,0.194274779308,-0.5518317118787053,-1.0083790220491693,20.50747413157999,-18.6749684342,0.9344437122344971,0.020287948575087533,131.4430447940321,44.970157366070744,44.970157366070744,0.8285714285714286,0.0028198395484273497,1,1.34847235678,0.781001414679,25.0193467843,0.156139878529,-0.7828572123292048,-0.8534298155033184,19.892231573353783,-19.2902109924,-0.624595582485199,0.139383391887696,131.44306762364016,44.9701679554547,44.9701679554547,0.8363636363636363,0.0015117376195891152,1,1.27199944807,0.628046903033,26.8389356413,0.121229812635,-0.7517013949484976,-0.5497822539945361,20.52229942103461,-18.6601431447,-0.9405583739280701,0.04640417063289293,131.44306487540135,44.97018905973471,44.97018905973471,0.9152542372881356,0.0021639318107405936,1,1.2893433698,0.706871831993,21.3801690702,0.15287452065,-0.7612225561538821,-0.7205725883279683,20.272185011579037,-18.9102575542,-0.7477541565895081,0.04147722199180859,131.4430656358223,44.97017719520416,44.97017719520416,0.9361702127659575,0.0018182331044216404,1
28,20090,212.87939166666663,53.579572222222225,1.975800549091602,0.4087,-1.0,2.52492127297,12.4067941584,796.906327303,0.439497024718,6.656311732502189,-5.824764375675869,18.20065968773651,-23.2334789601,1.2019282579421997,0.43645843339665447,212.87863947367924,53.57916958206981,53.57916958206981,0.0,0.0044077129291015815,1,1.96609650281,11.7331189822,1296.69449307,0.325832680744,6.3287362317464755,-5.469556946691242,16.97657870879191,-24.4575599391,1.1386642456054688,0.38603079674419716,212.87867745158653,53.579194430962794,53.579194430962794,0.24127465857359637,0.001449821528428985,1,1.97426394634,11.4392972558,1526.91187651,0.292746936449,6.029357073385796,-5.491387271560569,17.29136668268258,-24.1427719652,1.1357618570327759,0.3895507191391824,212.87871248653087,53.57919308306761,53.57919308306761,0.43041237113402064,0.001622455714592852,1,2.04758437941,11.3474137626,1273.08245374,0.318030392077,6.109655201442422,-5.302496724603287,16.954246468350085,-24.4798921795,1.1377431154251099,0.38435017672035354,212.87870291739978,53.57920615430275,53.57920615430275,0.2302936630602782,0.0011704138600090452,1
29,20096,0.0,0.0,,0,-1.0,1.37619489464,54.2900367827,567.287045403,2.27939033703,-55.94881711126882,-12.392916091602814,16.664051518089366,-23.4753768572,-1.2312334775924683,0.195245062386308,161.32149803687585,58.191885071296106,58.191885071296106,0.0,0.012001202379682163,1,1.25764486846,54.3535291449,734.24177712,2.00589502895,-55.994501803076375,-12.496229777224528,15.712165710780635,-24.4272626645,-1.2129637002944946,0.19993165885976105,161.32150417567627,58.19187792516842,58.19187792516842,0.0,0.005835776738159604,1,1.21659516647,54.2286749139,885.039599315,1.82283618493,-55.859083328839546,-12.497933761914226,16.127424419779455,-24.0120039555,-1.1609476804733276,0.1942984944462688,161.3214863369855,58.19187772378357,58.19187772378357,0.0,0.007941251072512645,1,1.24517455946,54.2641142131,785.405323936,1.93626946964,-55.893885566790544,-12.513708529350623,15.699256705830587,-24.4401716695,-1.1649060249328613,0.21011446214806662,161.3214909403326,58.191876649723014,58.191876649723014,0.0,0.0057472067147148476,1
30,20121,0.0,0.0,,0,-1.0,0.566666572015,6.07976976217,603.973573922,0.247387735109,-14.425479212423397,2.353170604595107,14.808333709841323,-23.1382968247,-1.426181674003601,0.6468996711625483,162.01693327318233,58.85991468127893,58.85991468127893,0.6355300859598854,0.001107532649682219,1,0.548769462069,6.00252334966,647.584273243,0.235877062965,-14.224431943550059,2.429695654942037,14.079376515665862,-23.8672540189,-1.4209613800048828,0.6387311498033685,162.0169062927715,58.859920015371245,58.859920015371245,0.5788348476750401,0.0005255603009182153,1,0.534700570988,5.96075373067,722.345472078,0.22178322883,-14.110135415161594,2.500806962572568,14.525987061074092,-23.4206434735,-1.4199004173278809,0.6339456160840096,162.0168909597347,58.859924964585005,58.859924964585005,0.6463823670340201,0.00067708414619716,1,0.54957290711,6.01616732344,618.510473696,0.241905853529,-14.206169974104213,2.7149069087690805,14.18777141445053,-23.7588591201,-1.4354724884033203,0.6338704387022214,162.0169038973261,58.859939819929544,58.859939819929544,0.5705092333519866,0.0004902654132863393,1
31,20132,0.0,0.0,,0,-1.0,1.10410409119,9.50061033896,169.221763704,0.730337158688,10.977752641320308,-8.82944557024453,17.4758318957275,-21.70661067,1.2966562509536743,0.03162482072781081,150.08756245929823,1.4175119879799183,1.4175119879799183,0.0,0.0017254889191423706,1,1.00380373565,9.46243251603,237.911243058,0.613472800435,10.88767738074543,-8.850815501349558,16.535288545187996,-22.6471540206,1.3577741384506226,0.027799157078689518,150.08756871575446,1.41751050399892,1.41751050399892,0.0,0.0008224232124020014,1,0.961058401421,9.44732790373,338.898424623,0.513185307911,10.912425737134896,-8.784601076966354,16.852738950766835,-22.329703615,1.3422867059707642,0.03158047446160883,150.0875669970266,1.417515101424969,1.417515101424969,0.2523489932885906,0.0010242594072870093,1,0.999968379091,9.41308703607,257.471823271,0.586633986458,10.85260486712346,-8.7778867857795,16.635389721659383,-22.5470528441,1.3906465768814087,0.03345793664006225,150.08757115215562,1.417515567450646,1.417515567450646,0.0,0.0008565349709844794,1
32,20200,213.04849166666662,53.463175,5.321508945210308,0.1157,-1.0,0.776266307899,11.4574676859,581.145517797,0.475276339779,15.39851654113474,14.481734490233919,15.811418487250451,-22.7986350555,-1.356285572052002,0.10645275550497202,213.04667759803408,53.464188430277574,53.464188430277574,0.16582406471183014,0.0017822795171233974,1,0.783712675702,11.4353005305,595.835748278,0.468472718445,15.305529871593649,14.520618355011692,15.342324818467388,-23.2677287243,-1.497421145439148,0.09967201189695174,213.0466884186079,53.464191167321296,53.464191167321296,0.22879684418145957,0.0011794762319156105,1,0.762212353115,11.4291661893,645.488727301,0.449852581082,15.231593268633645,14.581795079352219,15.895052904418092,-22.7150006383,1.564029574394226,0.10086989432468263,213.0466970022823,53.464195444861105,53.464195444861105,0.3081474738279472,0.0017323611698063512,1,0.781961511797,11.5467239553,496.529790231,0.518186540591,15.360938270191554,14.76026843281059,15.785498943624637,-22.8245545991,1.4744901657104492,0.08948578081817404,213.04668179629076,53.464207787041666,53.464207787041666,0.002366863905325444,0.0015331914301480731,1
33,30006,0.0,0.0,,0,-1.0,13.02757892381159,11.869786815,75.6571886492,1.36463912728,-5.447401738348731,5.119710871503614,13.02757892381159,-29.3489384805,-0.9402630925178528,0.0903701109796351,162.5252483539374,58.77777147585922,58.77777147585922,0.0,2.3709729375709365e-05,0,4.33809163854,11.869786815,75.6571886492,1.36463912728,-5.447401738348731,5.119710871503614,20.262368063041677,-21.666706973,-0.9402630925178528,0.0903701109796351,162.5252483539374,58.77777147585922,58.77777147585922,0.0,0.00576974016858689,1,3.43529030744,11.5357474568,95.8324389557,1.17839114193,-5.291421169823678,4.978482233473443,21.002553187298055,-20.9265218487,-0.9372215867042542,0.32589944779023694,162.52522728981586,58.77776176863355,58.77776176863355,0.0,0.00858954258073652,1,4.3944228206,11.9432570967,52.9600320545,1.64115145305,-5.245584292524384,5.391079981137281,20.662000618387488,-21.2670744176,-1.0568459033966064,0.25221871762693737,162.52522164796216,58.777790444321724,58.777790444321724,0.0,0.007431758274940692,1
34,30010,0.0,0.0,,0,-1.0,0.76131462248,0.216682921328,26.756968779,0.0418896012386,0.3191240871201444,-0.37224180886636304,18.820758815702433,-19.2751274038,-0.09194964170455933,0.20924940255328428,150.1902736551673,2.023132486194223,2.023132486194223,0.9416058394160584,0.0009235899518097446,1,0.856063828312,0.193186921435,21.6790039012,0.0414913972286,0.39260623325377253,-0.19223754978941088,18.92663006828936,-19.1692561513,-0.010864576324820518,0.24638386857479377,150.19026855073258,2.023144986900501,2.023144986900501,0.954954954954955,0.0011828464219407753,1,0.809769822536,0.533356246797,30.4677892666,0.0966266480988,1.1621573646696817,-0.3255071931491784,19.219344766320777,-18.8765414532,-0.14619311690330505,0.455480873914894,150.19021507601082,2.023135738467336,2.023135738467336,0.9551282051282052,0.0014793042530668599,1,0.969602314632,0.7051547034,22.8508419499,0.147514021819,1.533173520251026,-0.44205242276726153,19.18128797951235,-18.91459824,-0.0777803286910057,0.5300449554206117,150.19018929430365,2.023127648189594,2.023127648189594,0.9230769230769231,0.002424111377728133,1
35,30066,0.0,0.0,,0,-1.0,2.85860373107,4.00753707431,24.3334111706,0.812411479564,-0.23071992554865517,4.370852661284758,20.248296128511384,-19.7913406633,-0.9787105321884155,0.5996490020376728,150.18340775085014,3.4042783928019147,3.4042783928019147,0.0,0.008721930585399607,1,3.01915791283,3.52794214552,52.8622380602,0.485231159296,0.4029842632144778,3.8319566481267913,19.064241781806395,-20.97539501,-1.004861831665039,0.37653245903901855,150.18336367140517,3.404240994550443,3.404240994550443,0.0,0.0107295580919754,1,3.59863106184,3.45107225394,66.2875683612,0.42387520035,0.016091072683721563,3.76913344716867,19.201154985903496,-20.8384818059,-0.9734765887260437,0.3134278661920429,150.18339057972497,3.4042366286723746,3.4042366286723746,0.0,0.0228759611504199,1,2.73682749882,2.97311348589,31.8851594649,0.526522809723,0.557604624948155,3.198862170684521,19.949680165635687,-20.0899566262,-0.8813308477401733,0.3430596565023506,150.18335291197585,3.404197051338274,3.404197051338274,0.0,0.008996200827685596,1
36,30129,0.0,0.0,,0,-1.0,13.02757892381159,45.6887780955,426.814787648,2.21151461861,4.340891813284145,21.00269200296748,13.02757892381159,-31.6336807377,-0.6234105229377747,0.06787638294882936,183.17534184501073,46.992972979996765,46.992972979996765,0.0,0.00012265193235527772,0,6.41355703566,45.895855955,177.082731045,3.44893784829,4.449855969580369,21.079237081323896,19.304017637304568,-24.4982282539,-0.8397766351699829,0.017383713842053283,183.17533057767872,46.99297811675752,46.99297811675752,0.0,0.01784174968327279,1,6.15377234042,45.7830981416,444.977119037,2.17038279523,4.278481427338065,21.06067121736848,19.063841772349086,-24.7384041189,-0.17790423333644867,0.08632786879846244,183.1753480566877,46.99297710516234,46.99297710516234,0.0,0.01557539955304832,1,5.43068072272,45.6887780955,426.814787648,2.21151461861,4.340891813284145,21.00269200296748,18.6551817059041,-25.1470641853,-0.6234105229377747,0.06787638294882936,183.17534184501073,46.992972979996765,46.992972979996765,0.0,0.008788092369624745,1
37,40137,0.0,0.0,,0,0.679172518017408,2.95511962736,1.47755981368,27.4346867347,0.282094791774,0.0,0.0,26.0,-15.6336649071,0.0,0.3,214.4604333333333,52.80105,,0.5,1.0,0,2.95511962736,1.47755981368,27.4346867347,0.282094791774,0.0,0.0,26.0,-15.6336649071,0.0,0.3,214.4604333333333,52.80105,,0.5,1.0,0,2.95511962736,1.47755981368,27.4346867347,0.282094791774,0.0,0.0,26.0,-15.6336649071,0.0,0.3,214.4604333333333,52.80105,,0.5,1.0,0,2.95511962736,1.47755981368,27.4346867347,0.282094791774,0.0,0.0,26.0,-15.6336649071,0.0,0.3,214.4604333333333,52.80105,,0.5,1.0,0
38,40146,215.0443,53.56175833333333,2.552670896548029,0.0652,-1.0,0.45025448635,3.49114337178,222.752018029,0.233914347558,-10.742126160539058,-1.4271365958705218,15.578411708283253,-21.7501217967,0.5462616682052612,0.39252471379679355,215.04554323189973,53.56164538642622,53.56164538642622,0.8909090909090909,0.0013726496316520675,1,0.44888387229,3.3151382688,236.979069996,0.215350880311,-10.193294967597339,-1.4087763807793294,15.089521997997702,-22.239011507,0.5510165691375732,0.39163316266106796,215.04547914584498,53.56164751237212,53.56164751237212,0.8965819456617002,0.0008718206109288307,1,0.455127334478,3.26973070212,252.03689872,0.205958595582,-10.063572364825404,-1.3159686920920706,15.63235574652224,-21.6961777585,0.5405603647232056,0.38170220528745413,215.04546422848156,53.56165415591347,53.56165415591347,0.8978162340337865,0.0012704364730719009,1,0.480950314644,3.20606895274,222.648170934,0.214863819972,-9.874675652484768,-1.2353608240859586,15.467213708697223,-21.8613197963,0.5511732697486877,0.37961287116381914,215.04544236457147,53.561660044395715,53.561660044395715,0.8908582089552238,0.0011075775524392872,1
39,40150,0.0,0.0,,0,-1.0,2.68654002112,1.34327001056,22.6744364481,0.282094791774,0.0,0.0,26.0,-15.2746947539,0.0,0.3,162.09779583333332,57.148202777777776,,0.5,1.0,0,2.68654002112,1.34327001056,22.6744364481,0.282094791774,0.0,0.0,26.0,-15.2746947539,0.0,0.3,162.09779583333332,57.148202777777776,,0.5,1.0,0,2.68654002112,1.34327001056,22.6744364481,0.282094791774,0.0,0.0,26.0,-15.2746947539,0.0,0.3,162.09779583333332,57.148202777777776,,0.5,1.0,0,2.68654002112,1.34327001056,22.6744364481,0.282094791774,0.0,0.0,26.0,-15.2746947539,0.0,0.3,162.09779583333332,57.148202777777776,,0.5,1.0,0
40,40166,0.0,0.0,,0,3.4154676258992804,2.93997600111,1.46998800056,27.1542269414,0.282094791774,0.0,0.0,26.0,-15.6134920013,0.0,0.3,214.11961666666664,54.05356111111111,,0.5,1.0,0,2.93997600111,1.46998800056,27.1542269414,0.282094791774,0.0,0.0,26.0,-15.6134920013,0.0,0.3,214.11961666666664,54.05356111111111,,0.5,1.0,0,2.93997600111,1.46998800056,27.1542269414,0.282094791774,0.0,0.0,26.0,-15.6134920013,0.0,0.3,214.11961666666664,54.05356111111111,,0.5,1.0,0,2.93997600111,1.46998800056,27.1542269414,0.282094791774,0.0,0.0,26.0,-15.6134920013,0.0,0.3,214.11961666666664,54.05356111111111,,0.5,1.0,0
41,40198,0.0,0.0,,0,-1.0,2.60963230229,0.518324601436,66.0562511952,0.063774176717,-0.2369124627648489,-0.45638784706484614,19.960988126068237,-20.3657639576,0.24447596073150635,0.3912744749097796,161.2890862650102,58.55459068648767,58.55459068648767,0.9846153846153847,0.004447492276378862,1,2.03560854655,0.646633190883,108.738751968,0.0620105838761,-0.5349522613633013,-0.3540505752219332,19.29839860269589,-21.028353481,0.4776545763015747,0.2575048947675612,161.28912580761647,58.55459798582711,58.55459798582711,0.8878504672897196,0.002512790557620659,1,1.90160163849,0.793321549968,127.031252299,0.0703872441902,-0.5778714760501202,-0.5343052350365127,19.94595866108647,-20.3807934226,0.31309744715690613,0.35337669277784167,161.2891317433698,58.55458549760449,58.55458549760449,0.928,0.003457705159123581,1,2.02848068343,0.776513615532,87.3975015814,0.0830614610889,-0.4399855016512504,-0.6323481794566987,19.719819055303127,-20.6069330283,0.3528853952884674,0.3864370393008466,161.28911351204093,58.554578600421024,58.554578600421024,0.8604651162790697,0.0025314240307688918,1
42,40201,0.0,0.0,,0,-1.0,2.36764606837,54.1712898523,364.381299681,2.83786110845,42.65032709414737,25.409988489387416,17.926750295042797,-22.6467909937,1.2256832122802734,0.23815861337727284,184.45518589302782,47.448504893745486,47.448504893745486,0.0,0.02425678552875732,1,2.03042219294,53.8851071397,653.742920015,2.10748868423,42.540773837413695,25.080412664122008,16.575475992646393,-23.9980652961,1.4773898124694824,0.14000888279624335,184.45519737792486,47.44848206162414,47.44848206162414,0.0,0.00860293448170324,1,1.89426293019,53.7940447419,879.992746614,1.81340435181,42.49050278110198,25.001319250409324,16.88937499110833,-23.6841662976,-1.523806095123291,0.16926324086839206,184.4552025964217,47.44847659391028,47.44847659391028,0.0,0.010822867190575902,1,2.00179459239,53.8208903272,709.709982384,2.02027467988,42.49216226860864,25.046985048740652,16.530025384985095,-24.0435159037,-1.5146487951278687,0.13974713638110237,184.45520239335198,47.44847976408967,47.44847976408967,0.0,0.008237265662166537,1
43,40301,213.25780416666663,54.46298055555556,0.7296389713511938,0.3726,-1.0,2.56195499158,3.86873693062,163.412524979,0.302640139831,0.04277375124402738,-2.919570059466892,19.722233760047043,-21.5047268192,-1.1297475099563599,0.25440188353702975,213.25780001410317,54.46277789243524,54.46277789243524,0.7204301075268817,0.0029063408532593593,1,2.07979522502,4.07859657926,240.725977657,0.262874991147,0.08123700850194382,-3.0771984542562194,18.78683019905505,-22.4401303802,-1.0011845827102661,0.2734268703436775,213.2577954713232,54.46276694360194,54.46276694360194,0.8686131386861314,0.0013468175159310203,1,1.92925906211,4.09809232072,289.925447543,0.240679205802,0.06582028995227063,-3.0922851672045084,19.24340080169994,-21.9835597776,-0.9917286038398743,0.3286299647286297,213.25779731779477,54.46276589937704,54.46276589937704,0.8727272727272727,0.0017624125876795071,1,2.07924348756,3.99757264835,251.268721204,0.252189586885,-0.0829277430690496,-3.0159857429228936,18.892473702063256,-22.3344868772,-0.9772325158119202,0.32131034365360966,213.2578150607479,54.46277122429256,54.46277122429256,0.8531468531468531,0.0013940762729702794,1
44,40662,0.0,0.0,,0,-1.0,0.313342130025,0.498836126055,9.86364410716,0.158832437527,-0.861467179994662,-2.6378211231108537,17.767265322550514,-18.2015567574,-1.3743294477462769,0.3394979572204041,182.88892870413258,47.27464078431066,47.27464078431066,0.9245901639344263,0.0008068574264491479,1,0.315785601007,0.483016527735,11.7393534784,0.140974285377,-0.9692197316671667,-2.5060695243982565,17.186103893833245,-18.7827181861,-1.318198323249817,0.3725492296253182,182.88893935799538,47.2746501298762,47.2746501298762,0.9476584022038568,0.0005620868643205768,1,0.311248445617,0.476678793097,15.1673740533,0.12239696032,-0.9324889446795765,-2.4823334754235447,17.75632674513541,-18.2124953348,-1.3320024013519287,0.41313683876893503,182.88893553670516,47.27465170807869,47.27465170807869,0.9594882729211087,0.0009120655295050684,1,0.31256636635,0.459692185458,11.2542562272,0.13702781155,-0.9713271107598018,-2.365572337907963,17.572000269003,-18.3968218109,-1.3110010623931885,0.41732347741697706,182.88893918545045,47.27465988388987,47.27465988388987,0.9425287356321839,0.000771659214034881,1
45,40780,243.61947916666665,54.72580833333333,0.5486057734898863,0.2306,-1.0,2.04549423172,2.0121726349,231.29372665,0.132307149114,1.5240269441714105,1.469486802693524,17.83479304014384,-22.3143776475,-1.4292787313461304,0.46204658595314374,243.61928969409533,54.72591440163403,54.72591440163403,0.80859375,0.0014403757513150595,1,1.82880081698,1.9682736093,293.634613911,0.114863446924,1.4177609047473965,1.5094892009805818,16.964597021211205,-23.1845736665,-1.3913146257400513,0.4628045237951327,243.61930252816362,54.725917091733216,54.725917091733216,0.8769230769230769,0.0005800519506680146,1,1.70633382445,1.93022675168,368.624376848,0.100534773697,1.3602808141236977,1.507991768214552,17.340132122292758,-22.8090385654,-1.4337691068649292,0.44736192810571107,243.61930943712525,54.72591694042222,54.72591694042222,0.8872549019607843,0.0006973374094146889,1,1.72662246216,1.90926583962,288.213667192,0.112462858162,1.3497076246421358,1.4878182692003747,17.035015185903408,-23.1141555018,-1.4243266582489014,0.45108053684625693,243.6193106795426,54.72591553094686,54.72591553094686,0.8620689655172413,0.00047472466875730923,1
46,50081,0.0,0.0,,0,-1.0,2.51408895967,10.2389185201,439.717983221,0.488277793393,3.8317574979283506,-15.628855118595084,15.426650295838012,-23.6019228822,0.2837594449520111,0.3591998633400224,242.83042517522546,53.63639872958141,53.63639872958141,0.0,0.00944690791843783,1,2.50993992808,10.2663982322,605.878695774,0.417085666818,3.862139934457602,-15.665856558273362,14.340086141923967,-24.6884870361,0.23368993401527405,0.38698910936664443,242.83042161492278,53.63639616267541,53.63639616267541,0.0,0.004228995693405957,1,2.41168720184,10.3086233349,725.838624837,0.382631423763,3.942830618962745,-15.71416173959183,14.740952435898432,-24.2876207421,0.22925670444965363,0.3835076478502283,242.8304121629837,53.63639281333115,53.63639281333115,0.0,0.0057265530278139964,1,2.59719813042,10.3064799147,572.241283233,0.430844713297,3.9099687755107624,-15.718903819825428,14.393137697395419,-24.6354354806,0.217618927359581,0.3767874215864295,242.83041601057812,53.63639248280111,53.63639248280111,0.0,0.004418505272057227,1
47,50088,0.0,0.0,,0,-1.0,1.92507032366,2.17092681166,50.0567743596,0.306841256263,-0.37548471861273924,-2.1807784169076854,20.211887869320368,-20.0324748538,0.8775182962417603,0.07036219942757449,184.1731778411511,46.689873855014234,46.689873855014234,0.8846153846153846,0.0018588308585365532,1,1.79307857804,2.14592694511,57.7578165687,0.282364145552,-0.31815114718573057,-2.1641272919702317,19.50514860699394,-20.7392141161,1.2001588344573975,0.036274139902058855,184.17317201999367,46.68987496935422,46.68987496935422,0.9333333333333333,0.0008692785930388691,1,1.59340775819,2.13561211731,62.5709679494,0.269982702111,-0.349149976084405,-2.148689351935218,20.339788783412207,-19.9045739397,1.1772273778915405,0.0566481128036076,184.1731751411868,46.68987606386435,46.68987606386435,0.9384615384615385,0.001526157837100195,1,1.83587246957,2.1909598574,44.2809927027,0.329249971699,-0.48815734426624147,-2.1792766931165204,20.132764658811492,-20.1115980643,1.1147871017456055,0.10757885765242325,184.1731892443259,46.68987404143584,46.68987404143584,0.9130434782608695,0.0013156448787512431,1
48,50201,0.0,0.0,,0,-1.0,13.02757892381159,33.3069499357,171.578393431,2.54274943069,5.172478679058798,19.509729402084446,13.02757892381159,-29.5459687467,-1.2858078479766846,0.39919218786188426,241.70269596037204,54.982282368053724,54.982282368053724,0.0,0.00010574588679246322,0,4.0151908508,32.5675384257,125.27946187,2.9096784304,5.228835300464382,19.030412370483646,20.040194505606575,-22.0575239195,-1.49239981174469,0.38176085997148057,241.70269004033761,54.982249027468676,54.982249027468676,0.0,0.021192531384518043,1,3.13536064004,33.0409875791,269.623189677,2.01221507648,5.068892360491475,19.370343650399718,20.140297814982603,-21.9574206101,-1.4207298755645752,0.4217642641946151,241.7027087546275,54.98227280170049,54.98227280170049,0.0,0.02356036536621775,1,3.24321532925,33.3069499357,171.578393431,2.54274943069,5.172478679058798,19.509729402084446,19.89579887588664,-22.2019195492,-1.2858078479766846,0.39919218786188426,241.70269596037204,54.982282368053724,54.982282368053724,0.0,0.019344793826621798,1
49,50203,0.0,0.0,,0,-1.0,3.44865499456,107.699601388,689.339042287,4.1020189061,-41.61279455610784,48.37833031454949,18.301168841739127,-23.899472103,0.6798595190048218,0.08162676845958738,242.79801282588372,55.12566477978386,55.12566477978386,0.0,0.05035569396408279,1,2.83572035424,107.09440248,1689.16550445,2.60573754249,-41.44433432219381,48.05016584372996,16.65423862645458,-25.5464023183,1.0560253858566284,0.09507593331916575,242.79799235964924,55.125641992641604,55.125641992641604,0.0,0.014465569575301318,1,2.65361376958,107.393008254,2577.90013748,2.11515872453,-41.54221772694743,48.199380111303725,16.870956693234803,-25.3296842515,0.9285410642623901,0.12430634873578383,242.79800425070982,55.12565235357571,55.12565235357571,0.0,0.017123261098817344,1,2.67747148309,107.446907677,2082.25966906,2.35465062597,-41.51288208238702,48.26677961463662,16.479699339100243,-25.7209416057,1.0636115074157715,0.13466511965076766,242.7980006891001,55.12565703437375,55.12565703437375,0.0,0.012719005136246131,1
50,50221,212.66396666666662,53.98965277777778,,0.2865,-1.0,3.23978837975,1.61989418987,32.9748751174,0.282094791774,0.0,0.0,26.0,-16.0150445397,0.0,0.3,212.66396666666662,53.98965555555556,,0.5,1.0,0,3.23978837975,1.61989418987,32.9748751174,0.282094791774,0.0,0.0,26.0,-16.0150445397,0.0,0.3,212.66396666666662,53.98965555555556,,0.5,1.0,0,3.23978837975,1.61989418987,32.9748751174,0.282094791774,0.0,0.0,26.0,-16.0150445397,0.0,0.3,212.66396666666662,53.98965555555556,,0.5,1.0,0,3.23978837975,1.61989418987,32.9748751174,0.282094791774,0.0,0.0,26.0,-16.0150445397,0.0,0.3,212.66396666666662,53.98965555555556,,0.5,1.0,0
51,50251,0.0,0.0,,0,-1.0,2.85035353295,4.35403582122,195.002800999,0.311796742037,2.2367984962254326,-2.303642724806366,19.287716161086642,-22.0221203277,0.7232699394226074,0.05040763747332977,214.3270992782033,53.978161428597936,53.978161428597936,0.3584905660377358,0.00204704587093385,1,2.33514218941,4.17258138702,476.4691081,0.191155783466,1.9645388911969093,-2.368382142350981,17.623931893934554,-23.6859045948,0.83730548620224,0.062082481967283054,214.32713132669576,53.978156701077246,53.978156701077246,0.752895752895753,0.0005395907397246491,1,2.08074753183,4.07774040768,770.812958664,0.1468740502,1.8292850547082224,-2.386803244435427,17.825453396706745,-23.484383092,-0.03480645269155502,0.11804433647203127,214.32714726763342,53.978155306444705,53.978155306444705,0.8496420047732697,0.0005920072484816297,1,2.19429774732,4.10303039509,603.404893656,0.167032245736,1.9603004504243984,-2.3049592660003384,17.45889773378014,-23.850938755,0.30368319153785706,0.07473193430658154,214.3271319184908,53.97816110058022,53.97816110058022,0.8140243902439024,0.00043721453164691226,1
52,50291,0.0,0.0,,0,-1.0,2.40077286626,15.861553606,539.24039286,0.683053176108,5.518192641547785,-11.92802654597844,18.046137017133926,-22.8569391151,-0.5999127626419067,0.616239426572555,244.5654221574929,55.383887454555186,55.383887454555186,0.0,0.004629148490677637,1,2.13170026605,16.1286608033,683.523633112,0.616909617644,5.764272579525553,-12.056894326449182,17.126208020489152,-23.7768681118,-0.5913823246955872,0.5761374880851453,244.5653916953312,55.38387894660102,55.38387894660102,0.08315565031982942,0.002010416807264659,1,2.08461601067,16.1363815606,731.618046529,0.596573488942,5.680730522892318,-12.103528329880518,17.615086008703802,-23.2879901235,-0.5971810817718506,0.5595161094723118,244.56540175631844,55.38387556172924,55.38387556172924,0.1454183266932271,0.00266281263897028,1,2.0536944036,16.3705288781,638.344032629,0.647940771752,5.848342631321586,-12.238834641981697,17.252735070824464,-23.6503410614,-0.6005434393882751,0.5579894532569707,244.56538086008345,55.383866467745726,55.383866467745726,0.0,0.0019467511790823844,1
53,50293,0.0,0.0,,0,-1.0,1.76970911482,119.241849976,1469.87525553,3.11020106561,-11.822981183379795,91.25602615052401,16.392057709092512,-24.7550907383,-0.8852071166038513,0.48771397924849613,244.45048101778403,55.308603618314336,55.308603618314336,0.0,0.024721722890948095,1,1.66830636808,118.824982561,1755.45101946,2.83604685126,-11.521556785375935,90.97028036575918,15.550146907794883,-25.5970015396,-0.8754199743270874,0.48943807710178644,244.45044343296613,55.30858428353486,55.30858428353486,0.0,0.012958674243075063,1,1.63412033212,118.693839312,2044.38649826,2.62510498002,-11.37006746963921,90.8873290028485,15.929009045501616,-25.2181394018,-0.870682418346405,0.48233459353608277,244.45042471952286,55.30857877672964,55.30857877672964,0.0,0.017185734768322636,1,1.68788777223,118.561989677,1658.01928824,2.91172724156,-11.238879884377752,90.80110493019095,15.599525024352008,-25.547623423,-0.8774649500846863,0.4880624391472791,244.45040847223703,55.308573009110475,55.308573009110475,0.0,0.013351892931884768,1
54,50296,0.0,0.0,,0,-1.0,6.52218045646,95.9063806662,893.684155362,3.20815595996,73.30493327118211,-10.157844707418676,13.333444802785113,-27.8137036446,-1.484005331993103,0.37655281769388715,243.44188142684214,55.60788196215883,55.60788196215883,0.0,0.0021807938744706767,1,6.66283087069,95.9796577598,1196.05849364,2.77525559748,73.31960661906024,-10.4597462781025,12.65809556598825,-28.4890528814,-1.4338757991790771,0.43315684470346294,243.4418792758784,55.607861010514355,55.607861010514355,0.0,0.0013082853045278675,1,0.129609314283,96.1223504488,876.885581013,3.24603290161,73.38254310042021,-10.793473834010953,20.84573155006373,-20.3014168973,-1.433822751045227,0.41857788273212715,243.44187115563466,55.60783788077534,55.60783788077534,0.0,1.0,1,0.129609314283,96.1792543008,982.716599411,3.06808409724,73.41230394038496,-10.89252680839266,20.435236978751476,-20.7119114686,-1.4183766841888428,0.44469642763823025,243.4418673833938,55.607831022942776,55.607831022942776,0.0,1.0,1
55,50301,0.0,0.0,,0,-1.0,2.72591376467,6.0321247883,248.320415383,0.38279310305,-4.164588522196098,2.3226118117853787,18.935345931830533,-22.1290384257,-0.31831052899360657,0.6100880121896335,244.72471762965245,55.78306419437994,55.78306419437994,0.5806451612903226,0.00446406109009323,1,2.25733405187,5.94417745921,363.669253496,0.311701199797,-4.091464526374494,2.3108555808365736,18.092439278609163,-22.971945079,-0.3397200107574463,0.5847333481119948,244.72470856684228,55.78306352055788,55.78306352055788,0.6784140969162996,0.0019294273902112913,1,2.17800665975,6.55809910342,419.741605356,0.32010095193,-4.657984639716659,2.275839601869137,18.64547259739029,-22.4189117602,-0.27751994132995605,0.5648014514916007,244.7247783490303,55.78305999108683,55.78305999108683,0.7824427480916031,0.0026002635242736716,1,2.27178507739,5.87661614554,325.219640791,0.325865918508,-4.038491025376757,2.296010491929181,18.26342060061456,-22.800963757,-0.37565070390701294,0.5613863262955241,244.72470197980832,55.78306259328448,55.78306259328448,0.7339901477832512,0.0016619733997279562,1
56,50303,0.0,0.0,,0,-1.0,1.80230259999,6.43904148448,444.195718296,0.305516056114,2.3578245233624813,-4.68991322806653,18.234331140780814,-22.7238107252,0.008317154832184315,0.2810090148154357,241.43652221047338,56.074087993220814,56.074087993220814,0.6237288135593221,0.0016671611536996922,1,1.74864207029,6.41892434798,558.632581314,0.271580839471,2.3708697995905084,-4.664936809364988,17.193947417132037,-23.7641944488,-0.03112100437283516,0.30908682956658007,241.43652052827179,56.07408970883419,56.07408970883419,0.6469002695417789,0.0006971081308392302,1,1.70473730701,6.33528190823,667.046451542,0.245294553818,2.3079414735218364,-4.620300781108597,17.600326351996834,-23.357815514,-0.022808391600847244,0.2847222859004921,241.43652824666023,56.07409289194025,56.07409289194025,0.6997742663656885,0.0009405753018464358,1,1.75871040418,6.36619399845,566.161322302,0.267552966372,2.352579437532299,-4.626011892662717,17.186105818289874,-23.7720360477,-0.01407952606678009,0.2929690697668764,241.4365227093682,56.07409243499482,56.07409243499482,0.625,0.0006550624089926016,1
57,50577,0.0,0.0,,0,-1.0,3.14522697201,4.19149257715,294.695550321,0.244164158017,2.738525873777192,-0.5576918177048924,19.372750170056563,-22.3203457959,1.0345231294631958,0.11944804044390411,185.44331847537256,46.6536151232146,46.6536151232146,0.7099236641221374,0.002961510476000462,1,2.56739780729,4.92884485204,422.921858476,0.239670775901,3.2017180761801,-0.741109074765177,18.385378212989774,-23.307717753,1.1421529054641724,0.10820807279686784,185.44327151220097,46.65360256808995,46.65360256808995,0.6861702127659575,0.001265034403682641,1,2.52262707643,4.91300529015,533.151491802,0.212775645836,3.1592550026565505,-0.8660366465258562,18.766686330955483,-22.926409635,0.9564542174339294,0.09460555320542618,185.44327573625205,46.65359387680133,46.65359387680133,0.7215189873417721,0.0015864887652130566,1,2.60642775272,4.85587396876,416.173105415,0.238029289789,3.131075658755279,-0.8241135595077367,18.490793273932265,-23.202302692,1.1942839622497559,0.12119645566231096,185.44327861100527,46.65359677684002,46.65359677684002,0.654054054054054,0.0011645261574331212,1
58,50580,212.99069999999998,52.071844444444444,0.17962356075332378,0.1593,-1.0,13.02757892381159,1.11798326165,28.5982034228,0.209057583399,-0.06497101363642344,-0.7512798941298939,13.02757892381159,-29.0245151653,-0.797771155834198,0.13904399522508093,212.99071205482863,52.07179510227746,52.07179510227746,0.23076923076923078,4.273860617964864e-06,0,12.93157892381159,1.11798326165,28.5982034228,0.209057583399,-0.06497101363642344,-0.7512798941298939,12.93157892381159,-29.1205151653,-0.797771155834198,0.13904399522508093,212.99071205482863,52.07179510227746,52.07179510227746,0.23076923076923078,3.973199936280203e-06,0,3.6647289649,1.11798326165,28.5982034228,0.209057583399,-0.06497101363642344,-0.7512798941298939,22.14495270051461,-19.503721383,-0.797771155834198,0.13904399522508093,212.99071205482863,52.07179510227746,52.07179510227746,0.23076923076923078,0.004351190148156547,1,12.831746928241126,1.11798326165,28.5982034228,0.209057583399,-0.06497101363642344,-0.7512798941298939,12.831746928241126,-29.2203471609,-0.797771155834198,0.13904399522508093,212.99071205482863,52.07179510227746,52.07179510227746,0.23076923076923078,3.682950860284251e-06,0
59,50581,0.0,0.0,,0,-1.0,1.88253961579,12.117878323,390.078965797,0.613550509555,-9.30927224040883,-3.1835930735900604,18.410418164860275,-22.5612820486,-0.731686532497406,0.14043400865029276,211.8905310047498,52.638090268034475,52.638090268034475,0.0,0.0027961285094828536,1,1.85875722164,11.9716417916,522.129043713,0.523919771226,-9.115290347856288,-3.374349616852257,17.482203053340044,-23.4894971602,-0.7114083766937256,0.1262289466095302,211.89050929607666,52.63807673538098,52.63807673538098,0.19767441860465115,0.001325218491892488,1,1.74189976478,11.9138305467,546.414115513,0.509671634408,-9.068894927980708,-3.364466812948109,17.98188162110493,-22.9898185924,-0.757839024066925,0.11463151632164315,211.89050396510277,52.63807735149674,52.63807735149674,0.18333333333333332,0.001826402168883523,1,1.91951917375,11.9426229238,481.147985049,0.544452986526,-9.134183033917267,-3.253372491522839,17.62239742564546,-23.3493027878,-0.6802046298980713,0.11597453583462347,211.89051115426741,52.63808516095378,52.63808516095378,0.08832807570977919,0.0013918699900768994,1
60,50607,0.0,0.0,,0,-1.0,3.37436241032,2.30189339576,64.8259416535,0.285897784506,1.055640915085192,1.1566171309246442,21.02613869942837,-20.5873533019,1.464959740638733,0.2446469227282052,213.51379393441567,53.36226927058537,53.36226927058537,0.5333333333333333,0.0038794816403908694,1,2.64988268475,2.43400870703,105.882371367,0.236543107457,1.1332513730971527,1.2072435423969807,20.232301797691733,-21.3811902036,1.0121341943740845,0.22501642473968397,213.51378490780547,53.36227279080431,53.36227279080431,0.5306122448979592,0.0019955546171792626,1,2.89612441912,2.57004160012,114.525830254,0.240153228075,1.2038697877541438,1.267838670902691,20.83197006139373,-20.7815219399,1.0311527252197266,0.2222481757545406,213.51377669582823,53.362277002884696,53.362277002884696,0.6792452830188679,0.003009766996553087,1,2.96812913198,2.47812806163,73.4694005406,0.289114915367,1.1475036463413488,1.2350000014797615,20.686515810624513,-20.9269761907,1.180195927619934,0.3159049781017097,213.5137832519673,53.362274719155494,53.362274719155494,0.38235294117647056,0.002513702940820761,1
61,60270,0.0,0.0,,0,-1.0,4.07016991817,2.03508495909,52.0445134815,0.282094791774,0.0,0.0,26.0,-17.3106046709,0.0,0.3,333.40771249999995,1.2398805555555557,,0.5,1.0,0,4.07016991817,2.03508495909,52.0445134815,0.282094791774,0.0,0.0,26.0,-17.3106046709,0.0,0.3,333.40771249999995,1.2398805555555557,,0.5,1.0,0,4.07016991817,2.03508495909,52.0445134815,0.282094791774,0.0,0.0,26.0,-17.3106046709,0.0,0.3,333.40771249999995,1.2398805555555557,,0.5,1.0,0,4.07016991817,2.03508495909,52.0445134815,0.282094791774,0.0,0.0,26.0,-17.3106046709,0.0,0.3,333.40771249999995,1.2398805555555557,,0.5,1.0,0
62,60284,242.93515,56.085661111111115,3.63871590611306,0.0636,-1.0,0.441566432032,4.60173476043,378.226521328,0.236616809186,-13.162978223340474,6.056362141987975,14.705446088355764,-22.5889226817,-1.3570717573165894,0.41172230559483125,242.93678542014328,56.08608233102361,56.08608233102361,0.9127534685165422,0.0011053341156435081,1,0.431297039877,4.62774998957,442.508883678,0.219993014904,-13.14039868417791,6.297225111858978,14.121387712020509,-23.1729810581,-1.3623241186141968,0.3884262632922214,242.9367826745074,56.08609905438762,56.08609905438762,0.9290763968072976,0.00065516779502095,1,0.424341871282,4.62627954395,501.240963564,0.20663724049,-13.05799265087731,6.455999929728378,14.632175378345481,-22.6621933918,-1.3830287456512451,0.35945944702210375,242.93677246223766,56.08611008845676,56.08611008845676,0.9377894101067042,0.0009329950806370446,1,0.444467550536,4.6465660264,387.813372856,0.235950402434,-13.106926366851496,6.501130867893849,14.392856816696359,-22.9015119534,-1.354029893875122,0.3884863253494911,242.93677856353665,56.08611321393653,56.08611321393653,0.9128285193858965,0.0007475751738537095,1
63,70242,0.0,0.0,,0,2.7746340689942226,0.644506306104,0.322253153052,1.30498107862,0.282094791774,0.0,0.0,26.0,-11.328533505,0.0,0.3,36.800154166666665,-4.534686111111111,,0.5,1.0,0,0.644506306104,0.322253153052,1.30498107862,0.282094791774,0.0,0.0,26.0,-11.328533505,0.0,0.3,36.800154166666665,-4.534686111111111,,0.5,1.0,0,0.644506306104,0.322253153052,1.30498107862,0.282094791774,0.0,0.0,26.0,-11.328533505,0.0,0.3,36.800154166666665,-4.534686111111111,,0.5,1.0,0,0.644506306104,0.322253153052,1.30498107862,0.282094791774,0.0,0.0,26.0,-11.328533505,0.0,0.3,36.800154166666665,-4.534686111111111,,0.5,1.0,0
64,70291,35.01739166666666,-3.5128055555555555,1.57057977783427,0.1314,-1.0,0.924535733232,3.77922097797,517.619553023,0.166110448164,-4.436819969561782,-4.390681742187624,16.29375526237493,-22.6037276581,-0.5780068635940552,0.15100447168895492,35.017704092655435,-3.513110661897569,-3.513110661897569,0.9021970233876683,0.0015410251503369388,1,0.873381626178,3.92734758223,647.849844535,0.154298661935,-4.586574796635475,-4.58704481453006,15.660251371189666,-23.2372315493,-0.703628659248352,0.18096085975823684,35.01771449354202,-3.5131243039736293,-3.5131243039736293,0.9178935447338619,0.0008512429717524306,1,0.849524180625,3.90872231718,646.749306861,0.153697510274,-4.671420298631489,-4.456161212979524,16.224188939065147,-22.6732939814,-0.7485054135322571,0.16621409991179048,35.01772040497264,-3.513115222755833,-3.513115222755833,0.9200226885989791,0.0011317155740323548,1,0.923079492284,3.93322036952,560.173676447,0.166183128774,-4.775611908048333,-4.404223876611525,15.975519579145171,-22.9219633413,-0.608958899974823,0.13785586446808873,35.017727655911294,-3.5131116236287867,-3.5131116236287867,0.9102815979043877,0.000919830346805095,1
65,70763,352.4533041666666,-0.29139166666666666,,0.2588,2.7877337395533437,2.0689848531,1.03449242655,13.4482104017,0.282094791774,0.0,0.0,26.0,-14.4062551236,0.0,0.3,352.4533125,-0.2914083333333333,,0.5,1.0,0,2.0689848531,1.03449242655,13.4482104017,0.282094791774,0.0,0.0,26.0,-14.4062551236,0.0,0.3,352.4533125,-0.2914083333333333,,0.5,1.0,0,2.0689848531,1.03449242655,13.4482104017,0.282094791774,0.0,0.0,26.0,-14.4062551236,0.0,0.3,352.4533125,-0.2914083333333333,,0.5,1.0,0,2.0689848531,1.03449242655,13.4482104017,0.282094791774,0.0,0.0,26.0,-14.4062551236,0.0,0.3,352.4533125,-0.2914083333333333,,0.5,1.0,0
66,70955,0.0,0.0,,0,-1.0,3.39352237659,7.44114434005,76.1428401982,0.852756802892,0.9554153544196424,5.768299222932427,20.210661240525564,-20.8730956292,-0.3523257374763489,0.22293623544860042,241.47524147415135,55.19822977241791,55.19822977241791,0.0,0.006302103461817032,1,3.10127517075,7.11577785034,134.465015669,0.613645745943,1.1192960176122142,5.478067628594033,19.33289498964576,-21.7508618801,-1.4145135879516602,0.0911984534422503,241.47522220292055,55.198209409194554,55.198209409194554,0.0,0.0033643490588165514,1,2.85405947235,7.36112366558,145.805438677,0.609617256225,1.301486316925562,5.635713465909134,20.11037647080931,-20.9733803989,-0.7872853875160217,0.13790922663872573,241.4751996834601,55.198220115933964,55.198220115933964,0.0,0.005334807045217604,1,3.11593709743,7.52592704335,97.2036257849,0.763341319931,1.3284013266568309,5.762400515873907,19.81418506296412,-21.2695718068,-0.8947339653968811,0.14806114571274032,241.47519612089042,55.19822887604263,55.19822887604263,0.0,0.004351856033345203,1
67,71072,0.0,0.0,,0,-1.0,1.62133950474,1.28436431139,36.9139756164,0.211394078984,0.14231390619789863,2.0013494466950164,19.428210756008262,-19.616227926,0.1191171407699585,0.17172160169601847,35.2688735480764,-3.1039749639885352,-3.1039749639885352,0.0,0.004103016136530413,1,1.48102343995,1.44650491322,41.835839032,0.223638036949,0.04494197184639859,2.2592253762551024,19.023717764983655,-20.020720917,0.1543312668800354,0.22099112161526124,35.268880331896895,-3.103957067975162,-3.103957067975162,0.0,0.0023657982051220605,1,1.34415877784,1.43562164641,57.8318951324,0.188780132217,0.3452730526018257,2.2159888806548764,19.611905438867293,-19.4325332431,-0.07233091443777084,0.23870779811134324,35.26885944908244,-3.1039600571967862,-3.1039600571967862,0.0,0.0034079897330207,1,1.46878629327,1.22703162161,36.0936650472,0.204239746679,0.22483867014737768,1.9036233661582003,19.448625750887377,-19.5958129311,0.3611859977245331,0.22839874265261229,35.26886780523179,-3.1039817441458077,-3.1039817441458077,0.0,0.0027444760440380467,1
68,80064,0.0,0.0,,0,-1.0,0.622079867513,0.58699225602,70.6045696155,0.0698579708741,-1.6356001984090085,0.7424709901393101,17.08515854670139,-20.2770244348,-0.37025976181030273,0.36468060294660865,52.42542463263554,-27.877201846253367,-27.877201846253367,0.9954614220877458,0.0016479283462093042,1,0.619197035097,0.414648757823,66.1183488532,0.0509940339666,-1.1552511095841709,0.5247638850753873,16.804894283036877,-20.5572886985,-0.41434308886528015,0.3743859172182036,52.42538680654278,-27.877216780101087,-27.877216780101087,0.9951534733441034,0.001321003970557899,1,0.608793297307,0.480419063893,72.5272356565,0.0564117626859,-1.4273174358047243,0.352152407284251,17.407213307605996,-19.9549696739,-0.38463491201400757,0.3877311303903419,52.42540810332774,-27.877228870162885,-27.877228870162885,0.9926362297496318,0.0019943076911496105,1,0.660359917091,0.346975003904,54.0482787072,0.0471962242108,-1.0171378268826032,0.3046025634963172,17.327636441732935,-20.0345465398,-0.3648751974105835,0.371025228985709,52.42537586255159,-27.877232015195155,-27.877232015195155,0.9901185770750988,0.0019357405808151373,1
69,80308,0.0,0.0,,0,-1.0,2.00613699563,8.37523236185,351.385871437,0.446791309641,5.658823809661982,-3.6480679619501615,18.36051721127094,-22.6447253048,-0.817314624786377,0.08025781359354511,242.66873274821825,55.92817384428255,55.92817384428255,0.42290748898678415,0.001674553035271309,1,1.84802316531,8.27776364111,404.016354384,0.411825798227,5.636191958430615,-3.5376463512970417,17.547737844667417,-23.4575046714,-0.9579372406005859,0.05596172266218247,242.66873553004433,55.928181512885814,55.928181512885814,0.4329501915708812,0.000829768236195294,1,1.9002761371,8.19995180498,447.359105045,0.387688714829,5.629306077715654,-3.42983736527583,18.096742144236426,-22.9085003718,-0.8422915935516357,0.06915036459270507,242.6687363608902,55.928188998240685,55.928188998240685,0.4809688581314879,0.0012561711660302732,1,1.91125903579,8.33450851255,394.728622099,0.419498763642,5.6807694296804385,-3.552412150956485,17.68884309176983,-23.3163994243,-0.9208692312240601,0.047043146167494165,242.66873000828295,55.928180482491854,55.928180482491854,0.4392156862745098,0.0009095642985805785,1
70,80646,0.0,0.0,,0,-1.0,2.36794867451,8.37817012982,142.472556917,0.701913452209,5.475818082464954,-4.104154575810483,19.704850129691156,-21.2464817806,-0.23135654628276825,0.40478126385403945,334.62183224059527,0.9412012258806509,0.9412012258806509,0.0,0.004351035485213095,1,2.10058267449,7.94799649031,241.453491196,0.511494445623,5.057888441544918,-4.069544316120471,18.512008027758256,-22.4393238826,-0.25644218921661377,0.40296231390278536,334.62186126197963,0.9412036235632063,0.9412036235632063,0.40993788819875776,0.0017506629851118394,1,2.0259701561,8.14272403102,299.942225088,0.470165666271,5.213949017199468,-4.128980774298782,18.860721446877065,-22.0906104634,-0.28542712330818176,0.43728026579461887,334.62185042482383,0.9411994988289041,0.9411994988289041,0.535,0.002150396919890052,1,2.07570636044,8.0838255271,251.951469074,0.509282184458,5.184690411214248,-4.088414280550836,18.383986138361212,-22.567345772,-0.3075883388519287,0.4265150485712518,334.62185245671253,0.9412023150242803,0.9412023150242803,0.5,0.0014145452429349392,1
71,80723,0.0,0.0,,0,-1.0,13.012431921624787,2.49030124333,41.8674997951,0.384869390406,1.141346876118945,-1.2886914277983266,13.012431921624787,-28.9285075639,-0.4748139977455139,0.07640972168064186,34.98628713369715,-3.9606949500735698,-3.9606949500735698,0.5,6.666076797778864e-06,0,3.54080872366,2.49030124333,41.8674997951,0.384869390406,1.141346876118945,-1.2886914277983266,20.934706322335796,-20.6171340788,-0.4748139977455139,0.07640972168064186,34.98628713369715,-3.9606949500735698,-3.9606949500735698,0.5,0.002739219398265047,1,2.93859629611,2.27910370485,69.081374662,0.274210197496,1.1052119208384426,-1.1227668607346857,21.471496506859644,-20.0803438943,-0.42515966296195984,0.18894910080683647,34.986289661715496,-3.960683431901738,-3.960683431901738,0.6666666666666666,0.003833653372794177,1,3.69753493987,2.2847741263,35.5873748259,0.382996932569,1.1449869233896663,-1.0878824172447707,21.165111152630665,-20.3867292485,-0.32477325201034546,0.19371157540683348,34.986286896440326,-3.9606810067652765,-3.9606810067652765,0.5882352941176471,0.0031371338827735906,1
72,80735,0.0,0.0,,0,-1.0,12.925736223260834,4.24277658545,80.9727084287,0.471499059089,1.6067459889393803,-1.7884704742508575,12.925736223260834,-30.0252802119,-0.9529577493667603,0.28968563251460144,333.8735050847551,0.5417841347807751,0.5417841347807751,0.7692307692307693,7.081272686892959e-06,0,12.843713254558473,4.24277658545,80.9727084287,0.471499059089,1.6067459889393803,-1.7884704742508575,12.843713254558473,-30.1073031806,-0.9529577493667603,0.28968563251460144,333.8735050847551,0.5417841347807751,0.5417841347807751,0.7692307692307693,6.65340303307449e-06,0,4.1875957253,4.24277658545,80.9727084287,0.471499059089,1.6067459889393803,-1.7884704742508575,21.52539690595797,-20.8918251367,-0.9529577493667603,0.28968563251460144,333.8735050847551,0.5417841347807751,0.5417841347807751,0.7692307692307693,0.004863429837217437,1,4.58688454587,4.60159565837,59.1723638517,0.598203562503,1.6337027946346012,-2.032318312274242,21.1734721057463,-21.243749937,-1.1854248046875,0.19160126393582666,333.873503212852,0.541767201244506,0.541767201244506,0.10526315789473684,0.004173566687739383,1
73,80762,0.0,0.0,,0,-1.0,2.20454003392,1.10227001696,15.2681301214,0.282094791774,0.0,0.0,26.0,-14.605565464,0.0,0.3,333.51731249999995,1.1084277777777778,,0.5,1.0,0,2.20454003392,1.10227001696,15.2681301214,0.282094791774,0.0,0.0,26.0,-14.605565464,0.0,0.3,333.51731249999995,1.1084277777777778,,0.5,1.0,0,2.20454003392,1.10227001696,15.2681301214,0.282094791774,0.0,0.0,26.0,-14.605565464,0.0,0.3,333.51731249999995,1.1084277777777778,,0.5,1.0,0,2.20454003392,1.10227001696,15.2681301214,0.282094791774,0.0,0.0,26.0,-14.605565464,0.0,0.3,333.51731249999995,1.1084277777777778,,0.5,1.0,0
74,80768,0.0,0.0,,0,-1.0,0.556845082293,52.7515609028,859.893128408,1.79892507574,3.275541506482284,92.4825393650946,12.577850746194667,-26.1624700008,1.4780343770980835,0.06320142817653585,52.55353174998666,-28.63307544421699,-28.63307544421699,0.0,0.0013699664170794268,1,0.0570176614567,54.8566930983,825.757484369,1.90898872939,1.3337649244138703,96.22450994411724,14.59850593430539,-24.1418148127,1.265594244003296,0.14146035589619899,52.55368667177897,-28.63281626798895,-28.63281626798895,0.0,1.0,1,0.0570176614567,49.6934401062,563.075575956,2.09418824565,7.180246362186892,86.87902637926993,15.773178231389,-22.9671425156,0.6089499592781067,0.453789327258007,52.55322089304728,-28.633463237581935,-28.633463237581935,0.0,1.0,1,0.0570176614567,52.6512286088,682.712880778,2.01506686381,3.1889168384927444,92.30946246397949,13.9461725214597,-24.7941482256,1.1785063743591309,0.0750613350400251,52.55353854157913,-28.633087487848623,-28.633087487848623,0.0,1.0,1
75,90037,0.0,0.0,,0,-1.0,1.05337228641,1.63906394699,111.336674522,0.155337665814,1.0586271924300945,-2.265532228423993,18.039989515475398,-21.0668234078,-1.101736307144165,0.04121926917019836,130.01588782437125,43.421292209788,43.421292209788,0.8648648648648649,0.000720697411008886,1,0.993995441327,1.58101715006,134.549726353,0.13629978524,1.010996511281263,-2.190008779694139,17.24960868745174,-21.8572042358,-1.1361644268035889,0.05710085144581978,130.01589232678762,43.42129747578229,43.42129747578229,0.8945686900958466,0.00035349513790683407,1,0.946857171905,1.56548126581,162.061491486,0.122972487765,0.9600269002882698,-2.1869648765516843,17.661497797063703,-21.4453151262,-1.3660560846328735,0.051400913298505824,130.01589719705305,43.42129771156114,43.42129771156114,0.9124668435013262,0.0004327012193449109,1,0.982961798102,1.57830278774,135.839340344,0.135418357423,1.0344795220163974,-2.174429479760832,17.407311058205824,-21.699501865,-0.9395326972007751,0.04961074389922515,130.01589007152737,43.421298546090114,43.421298546090114,0.8924050632911392,0.0003716724978439778,1
76,90201,0.0,0.0,,0,2.0121592063792777,3.17610219502,1.58805109751,31.6912090736,0.282094791774,0.0,0.0,26.0,-15.929075036,0.0,0.3,353.3282708333333,-0.9507111111111111,,0.5,1.0,0,3.17610219502,1.58805109751,31.6912090736,0.282094791774,0.0,0.0,26.0,-15.929075036,0.0,0.3,353.3282708333333,-0.9507111111111111,,0.5,1.0,0,3.17610219502,1.58805109751,31.6912090736,0.282094791774,0.0,0.0,26.0,-15.929075036,0.0,0.3,353.3282708333333,-0.9507111111111111,,0.5,1.0,0,3.17610219502,1.58805109751,31.6912090736,0.282094791774,0.0,0.0,26.0,-15.929075036,0.0,0.3,353.3282708333333,-0.9507111111111111,,0.5,1.0,0
77,91034,0.0,0.0,,0,-1.0,1.75963087713,1.86837055918,167.575765256,0.144330265199,-2.3443783069922404,0.0669598677437051,18.158809407624496,-21.4802721414,0.8750301599502563,0.09055999148853822,333.58453778970505,-0.3166898012854002,-0.3166898012854002,0.9886363636363636,0.0016841523652495471,1,2.23348329786,1.76451601473,190.427005973,0.127867841717,-2.2129732376054534,-0.0937044987335014,16.584335108889597,-23.0547464401,1.0666297674179077,0.13060111872451308,333.5845286655283,-0.31670095669726656,-0.31670095669726656,0.9833333333333333,0.007542855752746269,1,3.61388769099,1.76913898822,257.076458064,0.110339446162,-2.2194797563209363,0.07573545465687914,16.106413761957974,-23.532667787,1.2923334836959839,0.1917727742018115,333.58452911692945,-0.31668919162003745,-0.31668919162003745,0.9925925925925926,0.00653239610129952,1,3.66033755624,1.6258065806,191.06176266,0.117620219907,-2.0082456175005206,0.3634635703720335,15.50498699685321,-24.1340945521,1.1799436807632446,0.16721981717775292,333.58451444848873,-0.3166692126055165,-0.3166692126055165,0.9867109634551495,0.004040845728560227,1
78,91040,0.0,0.0,,0,-1.0,2.21550141094,1.10775070547,15.4203394708,0.282094791774,0.0,0.0,26.0,-14.6214092039,0.0,0.3,54.46993333333333,-27.058205555555556,,0.5,1.0,0,2.21550141094,1.10775070547,15.4203394708,0.282094791774,0.0,0.0,26.0,-14.6214092039,0.0,0.3,54.46993333333333,-27.058205555555556,,0.5,1.0,0,2.21550141094,1.10775070547,15.4203394708,0.282094791774,0.0,0.0,26.0,-14.6214092039,0.0,0.3,54.46993333333333,-27.058205555555556,,0.5,1.0,0,2.21550141094,1.10775070547,15.4203394708,0.282094791774,0.0,0.0,26.0,-14.6214092039,0.0,0.3,54.46993333333333,-27.058205555555556,,0.5,1.0,0
79,91748,0.0,0.0,,0,-1.0,1.33707216887,0.581037377186,63.1668939014,0.0731070584321,0.8711698529285314,-0.02366750342888224,19.0112950834296,-20.1411975908,0.13357241451740265,0.15632108492100916,52.122823884112066,-26.82849562180068,-26.82849562180068,0.8661971830985915,0.0019455766811373731,1,1.32343819955,0.602631992956,67.1704294304,0.0735297554681,0.9036890561599336,0.019154512787409317,18.411836869073415,-20.7406558051,0.052367761731147766,0.15881085554713747,52.12282138095688,-26.828492631959485,-26.828492631959485,0.9205298013245033,0.001213454404070169,1,1.43189436247,0.657535231804,80.0707105792,0.07348220616,0.9830694196347451,-0.07872291957340849,18.827688645925356,-20.3248040283,0.034353628754615784,0.21386110694381932,52.12281514542614,-26.828499383642818,-26.828499383642818,0.9,0.0021593980512698563,1,1.72643063811,0.682749798337,56.9391719675,0.0904807114834,1.0237429449317972,0.02557308585261353,18.506437653916464,-20.6460550203,0.058031581342220306,0.25155441231566567,52.12281204599145,-26.828492122264773,-26.828492122264773,0.859375,0.0022189700732127005,1
80,91869,0.0,0.0,,0,-1.0,3.12010544195,12.1004598729,114.424215604,1.13120913566,-8.122562285556043,-7.109910403022468,19.406811119191563,-21.2537286571,0.05553656443953514,0.3470516034560085,351.908047460841,-1.762946365782427,-1.762946365782427,0.0,0.008375166062295825,1,2.49015403256,11.5662503449,284.174425565,0.686120021794,-7.913521267719048,-6.621199879789472,18.15434056215079,-22.5061992141,0.29054850339889526,0.3231919622592391,351.90803294367146,-1.7629124435281236,-1.7629124435281236,0.0,0.00305160030836904,1,2.03127980101,11.915463791,450.152408638,0.561605254013,-8.48571345289551,-6.40159030277799,18.382523722390335,-22.2780160539,0.15393836796283722,0.3486654120172129,351.90807268618596,-1.7628972100721134,-1.7628972100721134,0.0,0.0034605803921684553,1,2.1991105551,11.58742764,342.015237848,0.626562368214,-7.966462364829752,-6.587073805013716,17.977444172037764,-22.6830956042,0.39997899532318115,0.3152124149992621,351.9080366208303,-1.762910075794395,-1.762910075794395,0.0,0.0022819052581114496,1
81,100014,0.0,0.0,,0,-1.0,2.58819784663,27.139426318,44.8726230003,4.05144488118,21.057724127365532,-0.3162968000220725,21.059211333968143,-20.0691073247,0.8776689171791077,0.06136658321333177,353.29347122736857,-1.2353058311299112,-1.2353058311299112,0.0,0.04537067047983556,1,2.11307775774,27.287860267,88.0832970007,2.90751993742,21.17432079609111,-0.20477214537870347,19.721407254144236,-21.4069114045,0.7326393723487854,0.08909466228076945,353.29346313066253,-1.2352980920058154,-1.2352980920058154,0.0,0.016840698376811125,1,1.76034061427,27.2479382365,151.237359001,2.21566503267,21.144350325984533,-0.03111524791980136,19.168957926221285,-21.9593607325,0.46505796909332275,0.1319613181983268,353.2934652100532,-1.235286035863712,-1.235286035863712,0.0,0.011006742982449635,1,1.76575850895,27.2402510279,152.899308001,2.20296879535,21.13838659104161,-0.03020584500305601,18.412051896915134,-22.7162667618,0.30156317353248596,0.054663053803526984,353.29346562412746,-1.2352859725794891,-1.2352859725794891,0.0,0.006173754843302959,1
82,100020,0.0,0.0,,0,-1.0,1.9983390158,0.999169507899,12.5455067385,0.282094791774,0.0,0.0,26.0,-14.2996198311,0.0,0.3,131.68033333333335,44.00349166666667,,0.5,1.0,0,1.9983390158,0.999169507899,12.5455067385,0.282094791774,0.0,0.0,26.0,-14.2996198311,0.0,0.3,131.68033333333335,44.00349166666667,,0.5,1.0,0,1.9983390158,0.999169507899,12.5455067385,0.282094791774,0.0,0.0,26.0,-14.2996198311,0.0,0.3,131.68033333333335,44.00349166666667,,0.5,1.0,0,1.9983390158,0.999169507899,12.5455067385,0.282094791774,0.0,0.0,26.0,-14.2996198311,0.0,0.3,131.68033333333335,44.00349166666667,,0.5,1.0,0
83,100090,0.0,0.0,,0,-1.0,1.22247402616,2.88042211524,160.038527175,0.227689951039,-3.0097708796457425,-2.350183091953056,18.06966991804704,-21.4185083046,0.25316959619522095,0.42906070420961206,131.82825918263075,43.4079476630387,43.4079476630387,0.9537366548042705,0.0012378821575596,1,1.17513387178,2.83360449529,165.164316302,0.220486051875,-3.0320838124815737,-2.217727214988443,17.483831133128895,-22.0043470895,0.27013838291168213,0.44998265519471015,131.8282615053097,43.407956833940354,43.407956833940354,0.9551724137931035,0.0007123394683627993,1,1.15964850397,2.79960603824,171.429169679,0.213823070006,-2.9304583495170107,-2.277654625128065,17.98460578796298,-21.5035724347,0.2348550260066986,0.4747469891898862,131.82825170922558,43.40795277893749,43.40795277893749,0.9634551495016611,0.0009433852351967698,1,1.17899806905,2.7682295034,148.078352546,0.227486854656,-2.9329099467942683,-2.205961322806786,17.797739925995376,-21.6904382966,0.23423483967781067,0.4980136185689732,131.82825204673426,43.40795775270397,43.40795775270397,0.9538461538461539,0.0008246674620957517,1
84,100101,0.0,0.0,,0,-1.0,3.71740031847,19.4757485211,202.508398151,1.36858772021,-0.3846805702360001,-13.4765559608704,19.387592038326762,-22.1590320729,-1.437847375869751,0.1310515006884181,132.1409875477342,43.98431122227978,43.98431122227978,0.0,0.008847434249603325,1,2.75006583526,19.460112184,594.998901784,0.797787555374,-0.20492046117581708,-13.46964120291041,17.748967599520476,-23.7976565117,1.423997402191162,0.2371396021587776,132.14097022092992,43.98431193657297,43.98431193657297,0.0,0.002325600815212603,1,2.3667559708,19.3621089727,960.349104634,0.624795786616,-0.11535845387575705,-13.402850996693502,17.874143098448908,-23.6724810128,1.3850713968276978,0.19212169051333894,132.14096170361486,43.98431668966198,43.98431668966198,0.2891304347826087,0.0024388506746083616,1,2.56581572935,19.4318360457,799.59501538,0.687193113112,-0.05531300594027755,-13.451495273606142,18.41126260470019,-23.1353615065,1.4566118717193604,0.20560480410195847,132.14095582307343,43.98431339119543,43.98431339119543,0.0,0.0036168981800853706,1
85,100163,0.0,0.0,,0,-1.0,2.60280536271,4.31779777194,78.8260857612,0.486325808142,-2.089182034735984,-2.9408189327320144,20.315414226051658,-20.5596154905,-0.3811497688293457,0.40873906795073944,35.44248719617373,-5.151804265487236,-5.151804265487236,0.45454545454545453,0.004532795340929874,1,2.17839950565,4.72351301448,124.688535659,0.423011188024,-2.67025857434254,-2.9056430884282207,19.464303990617438,-21.4107257259,-0.38816994428634644,0.4089342035546666,35.44252770643892,-5.1518018507417676,-5.1518018507417676,0.41379310344827586,0.0023674956657878665,1,2.11028225555,4.705643891,149.052962167,0.385432873088,-2.8545878707552674,-2.703064657991021,20.082718177963297,-20.7923115386,-0.3501812815666199,0.41944799264264576,35.442540564583524,-5.151787795354647,-5.151787795354647,0.75,0.0034987698108798204,1,2.45166813727,4.53904894544,106.056915388,0.440753094346,-2.3479713918840446,-2.9778755022986445,19.7658948082137,-21.1091349083,-0.3446044325828552,0.3867584573506947,35.44250523584665,-5.151806850329008,-5.151806850329008,0.6486486486486487,0.002623419567883589,1
