"Name","R.A.","Dec.","z","Type","Phot.","Spec."
"SN2003dh","10:44:50.030,10:44:50.01,10:44:50.009,10:44:50.018","+21:31:18.15,+21:31:17.8,+21:31:17.80,+21:31:17.89","0.1685","Ic BL","2781","16"
"SN2002ap","01:36:23.85,01:36:23.851,01:36:23.87","+15:45:13.2,+15:45:13.21,+15:45:13.0","0.002108","Ic BL","1781","39"
"SN2015bn","11:33:41.57,11:33:41.550,11:33:41.52","+00:43:32.2,+00:43:33.50,+00:43:32.3,+00:43:33.46","0.1136","Ic","893","38"
"SN2007gr","02:43:27.98,02:43:27.979","+37:20:44.7,+37:20:44.70","0.0017,0.0017","Ic","768","45"
"SN2016coi","21:59:04.08,21:59:04.14,21:59:04.100,21:59:04.140,21:59:04.1376","+18:11:10.68,+18:11:10.5,+18:11:10.70,+18:11:10.46,+18:11:10.3308,+18:11:11.04","0.003646,0.003646","Ic BL","721",""
"SN2006jc","09:17:20.78,09:17:20.88,09:17:20.779","+41:54:32.7,+41:54:32.76,+41:54:32.69","0.005574","Ibn","694","75"
"SN1999ex","22:16:07.27,22:16:07.270","-36:50:53.7,-36:50:53.70","0.0114","Ib","630","9"
"SN1998bw","19:35:03.17,19:35:03.310,19:35:03.31,19:27:38.4","-52:50:46.1,-52:50:44.81,-52:50:46.65,-53:06:36","0.0085,0.0085,0.0085","Ic BL","527","30"
"SN2017ein","11:52:53.250,11:52:53.28","+44:07:26.11,+44:07:26.20,+44:07:26.04","0.002699","Ic","447","1"
"SN2006aj","03:21:39.670,03:21:39.71,03:21:39.710,03:21:31.2","+16:52:02.27,+16:52:02.6,+16:52:02.60,+16:54:36","0.033023","Ic BL","424","45"
"SN2009bb","10:31:33.92,10:31:33.87,10:31:33.871","-39:57:28.2,-39:57:30.0,-39:57:29.99","0.0104","Ic BL","408","11"
"SN2005hg","01:55:41.87,01:55:41.870","+46:47:47.4,+46:47:47.40","0.021","Ib","392","21"
"SN2013ge","10:34:48.46,10:34:48.461","+21:39:41.9,+21:39:41.90","0.004356","Ic","381","40"
"SN1994I","13:29:54.072,13:29:54.010,13:29:54.01,13:29:54.07","+47:11:30.50,+47:11:31.70,+47:11:31.7,+47:11:30.5","0.00156,0.00188","Ic","365","43"
"SN2006fo","02:32:38.89,02:32:38.88,02:32:38.890","+00:37:03.0,+00:37:03,+00:37:03.036,+00:37:03.0288,+00:37:02.7372,+00:37:03.00","0.020709","Ib","337","8"
"SN2011bm","12:56:53.89,12:56:53.890,12:56:53.88,12:56:53.94","+22:22:28.2,+22:22:28.20,+22:22:28.1","0.022","Ic","309","17"
"SN2014L","12:18:48.68,12:18:48.679,12:18:48.72","+14:24:43.5,+14:24:43.49,+14:24:43.4","0.008029","Ic","306","20"
"SN2004gk","12:25:33.21,12:25:33.230","+12:15:39.9,+12:15:40.10","-0.00055","Ic","274","37"
"SN2010gx","11:25:46.71,11:25:46.711,11:25:46.73","-08:49:41.4,-08:49:41.41,-08:49:41.9","0.2297,0.2301","SLSN-I","260","14"
"SN2004aw","11:57:50.24,11:57:50.239","+25:15:55.1,+25:15:55.12","0.016","Ic","259","40"
"SN2004gt","12:01:50.37,12:01:50.371","-18:52:12.7,-18:52:12.68","0.005477","Ic","244","16"
"SN2005mf","09:08:42.33,09:08:42.24,09:08:42.329,09:08:42.97","+44:48:51.4,+44:48:51.48,+44:48:51.41,+44:48:46.0","0.02675,0.027","Ic","216","6"
"SN2011kg","01:39:45.51,01:39:45.509,01:39:45.50,01:39:45.528","+29:55:27.0,+29:55:27.01,+29:55:27.43","0.1924","SLSN-I","212","12"
"PTF15dtg","02:30:20.05","+37:14:06.7","0.0524","Ic","209",""
"SN2005kl","12:24:35.68,12:24:35.681","+39:23:03.5,+39:23:03.52","0.003486","Ic","202","8"
"CSS121015:004244+132827","00:42:44.380,00:42:44.00,00:42:44","+13:28:26.20,+13:28:27.0,+13:28:27","0.2868","SLSN-II","202","27"
"PTF12gzk","22:12:41.53","+00:30:43.1","0.01377","Ic Pec","200","69"
"SN2011ke","13:50:57.77,13:50:57.79,13:50:57.790,13:50:57.798","+26:16:42.8,+26:16:42.2,+26:16:42.20,+26:16:42.44","0.1428","SLSN-I","195","16"
"SN2007I","11:59:13.15,11:59:13.2,11:59:13.150","-01:36:18.9,-01:36:19.08,-01:36:18.90","0.021638","Ic BL","183","7"
"SN1990B","12:36:33.86,12:36:33.84,12:36:33.83,12:36:33.869,12:36:33.87","+11:14:29.9,+11:14:29.76,+11:14:29.83,+11:14:30.08,+11:14:30.1,+11:14:29.8","0.00744,0.0075","Ic","180","22"
"SN2010md","16:37:47.00,16:37:47.04,16:37:47.040,16:37:47.074","+06:12:32.3,+06:12:32.29,+06:12:31.83","0.0987,0.0982","SLSN-I","180","20"
"SN2005em","03:13:47.74,03:13:47.712,03:13:47.736,03:13:47.71,03:13:47.710","-00:14:37.0,-00:14:36.96,-00:14:37.0284,-00:14:37.3344,-00:14:37.00","0.02517,0.0252","Ic Pec","177","1"
"SN2014ad","11:57:44.44,11:57:44.4,11:57:44.441","-10:10:15.7,-10:10:16,-10:10:15.71,-10:10:15.6","0.0057","BL-Ic","173","4"
"SN2004fe","00:30:11.27,00:30:11.270","+02:05:23.5,+02:05:23.50","0.018,0.018","Ic","169","12"
"SN2012bz","09:07:38.38,09:07:38.381,09:07:39.6","+14:01:07.5,+14:01:07.50,+13:58:26.4","0.283","Ic BL","160","5"
"SN2005az","13:05:46.97,13:05:46.970","+27:44:08.4,+27:44:08.41","0.0085","Ic","159","22"
"SN2006lc","22:44:24.48,22:44:24.451,22:44:24.45","-00:09:53.5,-00:09:53.532,-00:09:53.514,-00:09:54.1404,-00:09:53.89,-00:09:53.9","0.016104","Ib","159","8"
"SN2007ru","23:07:23.19,23:07:23.141","+43:35:34.1,+43:35:33.68","0.0155","Ic BL","159","5"
"SN2006gi","10:16:46.76,10:16:46.759","+73:26:26.4,+73:26:26.41","0.0094,0.0094","Ib","158","1"
"SN1962L","02:43:40,00:00:00.000,02:43:42.7,02:43:40.94","+01:23.9,+01:23:52.0,+01:23:49.7","0.004","Ic","154","1"
"SN2012hn","06:42:42.55,06:42:42.6,06:42:42.550,06:42:42.48","-27:26:49.8,-27:26:50,-27:26:49.81,-27:26:49.92","0.0076","Ic Pec","151","9"
"SN2006ir","23:04:35.68,23:04:35.681","+07:36:21.5,+07:36:21.49","0.02,0.02","Ic","146","1"
"SN2007iq","06:13:32.33,06:13:32.330","+69:43:49.2,+69:43:49.19","0.0133","Ic/Ic-BL","146","2"
"SN2004ff","04:58:46.19,04:58:46.190","-21:34:12.0,-21:34:12.00","0.023","IIb","138","3"
"SN2007bi","13:19:20.19,13:19:20.190,13:19:20.191","+08:55:44.3,+08:55:44.33,+08:55:44.29","0.1279","SLSN-I","135","4"
"SN2005nb","12:13:37.61,12:13:37.610","+16:07:16.2,+16:07:16.21","0.024","Ic BL","122","1"
"SN2007rz","04:31:10.84,04:31:10.841","+07:37:51.5,+07:37:51.49","0.013,0.013","Ic","121","2"
"SN2005aw","19:15:17.44,19:15:17.441","-54:08:24.9,-54:08:24.90","0.0095","Ic","117",""
"PTF09atu","16:30:24.55,16:30:24.553","+23:38:25.0,+23:38:25.43","0.5015","SLSN-I","113","9"
"SN2005at","19:09:53.57,19:09:53.570,19:09:53.62","-63:49:22.8,-63:49:22.80,-63:49:24.1","0.0028","Ic","112",""
"LSQ14efd","03:35:38.76","-58:52:38.3","0.08","Ic","108",""
"ASASSN-15no","15:38:25.30,15:38:25.44","+46:54:06.6,+46:54:06.12","0.043","Ic","106",""
"SN2004dn","02:35:37.30,02:35:37.301","+37:37:54.2,+37:37:54.19","0.0126","Ic","105","8"
"SN2009ca","21:26:22.20,21:26:22.200","-40:51:48.6,-40:51:48.60","0.0899","Ic","98",""
"SN2012ap","05:00:13.72,05:00:13.721","-03:20:51.2,-03:20:51.22","0.01224","Ic BL","94","19"
"SN2017dio","11:36:27.770,11:36:27.760","+18:17:47.46,+18:17:46.92","0.037,0.037","Ic","85","1"
"SN2007D","03:18:38.71,03:18:38.710","+37:36:26.4,+37:36:26.39","0.023,0.023","Ic BL","82","4"
"SN2003id","02:21:35.70,02:21:35.700","-05:31:51.0,-05:31:50.99","0.0076,0.0076","Ic Pec","81","2"
"SN2007ce","12:10:17.96,12:10:17.959","+48:43:31.5,+48:43:31.51","0.046,0.046","Ic BL","81","11"
"SN2007cl","17:48:21.19,17:48:21.190","+54:09:05.2,+54:09:05.18","0.0222","Ic","81","6"
"PTF12hni","22:31:55.86","-06:47:49.0","0.1056","Ic","80","3"
"SN2008hh","01:26:03.65,01:26:03.650","+11:26:26.5,+11:26:26.48","0.0194","Ic","79",""
"SN2013dg","13:18:41.35,13:18:41.350,13:18:41.28","-07:04:43.0,-07:04:43.00,-07:04:42.96","0.265","Super-Luminous Ic","77","7"
"SN2009dt","22:10:09.18,22:10:09.27,22:10:09.271","-36:05:44.2,-36:05:42.6,-36:05:42.61","0.0104","Ic","76",""
"SN2016G","03:03:57.700,03:03:57.74,03:03:57.696","+43:24:03.60,+43:24:03.5,+43:24:03.6","0.009146","Ic BL","76","1"
"PS1-12bqf","02:24:54.621","-04:50:22.72","0.522","Ic","75",""
"SN1997ef","07:57:02.87,07:57:02.88,07:57:02.870,07:57:02.82","+49:33:41.3,+49:33:40.32,+49:33:41.29,+49:33:40.2","0.01168,0.012","Ic BL","73","37"
"SN2003bg","04:10:59.42,04:10:59.424,04:10:59.419,04:10:59.428","-31:24:50.3,-31:24:50.4,-31:24:50.29,-31:24:50.39","0.00456,0.00436","IIb","73","14"
"SN2005bj","16:49:44.74,16:49:44.741","+17:51:48.7,+17:51:48.71","0.022,0.022","Ic","73","1"
"LSQ14an","12:53:47.83","-29:31:27.2","0.163","SLSN-I","72","27"
"SN2015K","23:35:52.26,23:35:52.260,23:35:52.32","+23:36:52.1,+23:36:52.09,+23:36:51.84","0.010184","Ic","70",""
"SN2006ck","13:09:40.42,13:09:40.32,13:09:40.421","-01:02:57.2,-01:02:57.12,-01:02:57.19","0.02443,0.024","Ic","69","11"
"SN2010bh","07:10:31.8,07:10:31.800,07:10:31.80","-56:15:20.2,-56:15:20.20","0.0593","Ic BL","69","16"
"SN2007hb","02:08:34.02,02:08:34.08,02:08:34.020,02:33:41.90,02:33:41.898,02:33:41.899","+29:14:14.3,+29:14:13.9,+29:14:14.32,+37:40:08.2,+37:40:08.12,+37:40:08.18","0.035184","Ic","68","5"
"PTF11qcj","13:13:41.51","+47:17:57.0","0.028","Ic","68","6"
"SN2007ju","00:11:50.465,00:11:50.438,00:11:50.4624,00:11:50.4384,00:11:50.46,00:11:50.460","-00:20:21.67,-00:20:21.408,-00:20:21.138,-00:20:21.4044,-00:20:21.1,-00:20:21.08","0.0636","Ia","64","1"
"SN2007bg","11:49:26.18,11:49:26.179","+51:49:21.8,+51:49:21.79","0.034,0.034","Ic BL","62","2"
"SN2018hom","22:59:22.950,22:59:22.970,22:59:23.04","+08:45:04.64,+08:45:05.07,+08:45:04.644","0.0362,0.0362","Ic BL","62","1"
"SN2003jd","23:21:03.38,23:21:03.379","-04:53:45.5,-04:53:45.49","0.019","Ic BL","61","28"
"PTF10bfz","12:54:41.27,12:54:41.288","+15:24:17.0,+15:24:17.08","0.1701,0.1699","SLSN-I","61","6"
"SN2016blz","15:40:29.300,15:40:29.23,15:40:29.28,13:28:47.00","+00:54:37.10,+00:54:36.4,+00:54:37.12,-27:39:04.5","0.01173,0.01173","II","61","2"
"SN1964L","11:52:49.09,11:52:49.2,11:52:49.07,11:52:49.099,11:52:49.10","+44:07:45.4,+44:07:45.48,+44:07:45.1,+44:07:45.41","0.00263,0.0027","Ic","61","1"
"OGLE15eo","03:02:15.55,03:02:15.552","-74:17:12.2,-74:17:12.3,-74:17:12.12","0.064","Ia","60","1"
"PS15cyo","09:39:23.94","+06:24:18.4","0.031","Ia","60","1"
"SN2005kz","19:00:49.82,19:00:49.819","+50:53:01.8,+50:53:01.79","0.027","Ic","56","1"
"SDSS-II SN 14475","22:24:30.96","+00:12:12.28,+00:12:12.013","0.144045","Ic BL","54",""
"SN2005ek","03:05:48.96,03:05:48.960","+36:46:10.6,+36:46:10.60","0.016551","Ic","54","9"
"iPTF16asu","12:59:09.36","+13:48:10.8","0.187","Ic BL","51",""
"SN2010mb","16:00:23.10,16:00:23.100","+37:44:57.0,+37:44:57.01","0.1325,0.1325","Ic","49","6"
"OGLE-2014-SN-067","04:57:50.49,04:57:50.43","-74:00:39.5,-74:00:39.9","0.0187","Ic","48","1"
"SN2011kf","14:36:57.53,14:36:57.530","+16:30:56.6,+16:30:56.59","0.245,0.245","Ic","47","2"
"SN2006nx","03:33:30.63,03:33:30.624,03:33:30.629","-00:40:38.2,-00:40:38.244,-00:40:38.2404,-00:40:38.6292,-00:40:38.21","0.125","Ic","45","3"
"SN2010hy","18:59:32.89,18:59:32.890,18:59:32.881","+19:24:25.9,+19:24:25.88,+19:24:25.74","0.1901","Super-Luminous Ic","45","7"
"SN2007ms","20:32:18.34,20:32:18.24,20:32:18.341","-01:00:53.1,-01:00:53.316,-01:00:53.10","0.039","Ic","44","3"
"SN2012il","09:46:12.91,09:46:12.850,09:46:12.85","+19:50:28.7,+19:50:28.21,+19:50:28.2","0.175,0.175","SLSN-I","44","7"
"SN2005kf","07:47:26.41,07:47:26.51,07:47:26.510","+26:55:32.6,+26:55:32.4,+26:55:32.41","0.0151","Ic","42","6"
"SN2017jmj","10:43:50.370,10:43:50.400,10:43:50.4,10:43:50.36","+06:45:55.22,+06:45:54.50,+06:45:55.224,+06:45:55.3,+06:45:55.188","0.027881,0.027881","Ic","41","1"
"SN2019gqd","16:28:50.128,16:28:50.12","+39:50:03.65,+39:50:03.7","0.035695","Ic","39","1"
"SN1983I","12:03:11,00:00:00.000,12:03:11.8,12:03:11.77","+44:31.2,+44:31:09.0,+44:31:00.6","0.0023","Ic","39",""
"SN2019yz","15:41:57.301,15:41:57.305,15:41:57.36,15:41:57.30","+00:42:39.45,+00:42:39.41,+00:42:39.38,+00:42:39.4","0.006388","Ic","38","1"
"SN2009dp","20:26:52.69,20:26:52.690","-18:37:04.2,-18:37:04.19","0.0232","Ic","37",""
"SN2013hx","01:35:33.28,01:35:33.281","-57:57:50.6,-57:57:50.62","0.135,0.135","Ic","37","18"
"SN2001ej","07:23:43.23,07:23:43.231","+33:26:38.0,+33:26:38.00","0.013","Ib","36","11"
"SN2019us","07:29:08.584,07:29:08.563,07:29:08.58","+51:00:44.67,+51:00:44.63,+51:00:44.6","0.029811,0.029811","Ic","35","1"
"SN2007md","01:21:56.85,01:21:56.9,01:21:56.856,01:21:56.832,01:21:56.851","-01:00:47.8,-01:00:48,-01:00:47.736,-01:00:48.132,-01:00:47.81","0.05458,0.054626","II","34",""
"SN2005eo","07:59:13.94,07:59:13.92,07:59:13.939","+32:55:19.7,+32:55:18.48,+32:55:19.70","0.0173,0.017","Ia","33","9"
"SN2005kr","03:08:29.67,03:08:29.664,03:08:29.64,03:08:29.66,03:08:29.659","+00:53:20.2,+00:53:20.15,+00:53:20.152,+00:53:19.856,+00:53:20.18","0.1338","Ic BL","33",""
"OGLE-2013-SN-134","06:13:58.04","-72:58:24.9","0.039","Ic","31","1"
"SN2018ebt","20:41:54.990,20:41:54.96,20:41:54.98","+64:12:52.63,+64:12:52.65,+64:12:52.56,+64:12:52.6","0.01,0.03","Ic","31","1"
"SN2005da","18:37:46.89,18:37:46.891","+17:32:35.3,+17:32:35.30","0.015,0.015","Ic BL","29","4"
"SN2007qv","22:35:07.92,22:35:07.91,22:35:07.910","-01:06:37.548,-01:06:37.5,-01:06:37.8,-01:06:37.51","0.094444,0.1","Ic","29",""
"PTF10vqv","03:03:06.80,03:03:06.84,03:03:06.859","-01:32:34.9,-01:32:35.42","0.4518","SLSN-I","29","8"
"SN2005gt","02:04:03.84,02:04:03.8,02:04:03.816,02:04:03.840","-00:21:56.9,-00:21:57,-00:21:56.988,-00:21:56.9808,-00:21:57.3516,-00:21:57.0,-00:21:56.99","0.273,0.334","Ia","28",""
"SN2018jme","06:24:37.768,06:24:37.835,06:24:37.77","+50:58:30.01,+50:58:30.73,+50:58:30.0","0.036939,0.036939","Ic","28","1"
"OGLE-2013-SN-091","05:44:44.23","-63:55:51.1","0.08","Ic","26","1"
"OGLE15rb","05:12:52.03","-61:52:00.3","0.028,0.036","Ic","26","1"
"SN2007ke","02:54:23.90,02:54:23.899","+41:34:16.3,+41:34:16.28","0.0173","Ib (Ca rich)","25","2"
"SN2017fwm","19:12:51.960,19:12:51.968,19:12:52.08","-60:22:58.37,-60:22:58.44","0.015557","Ic","25","1"
"SN1987M","09:08:06,00:00:00.000,09:08:06.7,09:08:07.47","+78:05.4,+78:05:25.0,+78:05:25.1","0.0044","Ic","25","8"
"SN2018ijp","10:21:38.051,10:21:38.050,10:21:38.04","+08:55:53.03,+08:55:53.12,+08:55:53.0","0.0848,0.0848","Ic","24",""
"OGLE15vk","01:24:40.98","-74:47:15.2,-74:47:15.3","0.05","Ic","23","1"
"SN2016dsg","06:07:08.200,06:07:08.20,06:07:08.17,06:07:08.16","-45:10:52.20,-45:10:52.2,-45:10:52.32","0.039","I Pec","23","1"
"SN1992ar","23:17:28.40,00:00:00.000,23:17:30.00","-44:38:53.8,-44:38:53.81,-44:39:00.0","0.145,0.14","Ic","22",""
"SN2013dk","12:01:52.72,12:01:52.721","-18:52:18.3,-18:52:18.30","0.005477","Ic","22","4"
"SN2014eh","20:25:03.86,20:25:03.859,20:25:03.85","-24:49:13.3,-24:49:13.30,-24:49:13.6","0.010614","Ic","22","4"
"SN2016ghi","02:55:02.360,02:55:02.364,02:55:02.376,02:55:02.36","-23:09:44.75,-23:09:44.64,-23:09:44.7","0.042,0.042","Ic","22","1"
"SN1996bx","03:59:16.42,03:59:16.45,03:59:16.450","-53:22:25.6,-53:22:26.3,-53:22:26.29","0.058","Ia","20",""
"SN1997X","12:48:14.28,12:48:14.4,12:48:14.280","-03:19:58.5,-03:19:59.16,-03:19:58.51","0.00372,0.0037,0.0036","Ib","20","8"
"SN2017hix","15:47:24.770,15:47:24.776,15:47:24.72,15:47:24.77","+68:47:11.26,+68:47:11.4,+68:47:11.2","0.012,0.012","Ic","20","2"
"SN2018cem","16:05:34.740,16:05:34.820,16:05:34.73","+32:39:47.55,+32:39:47.27,+32:39:47.5","0.029661","Ia","20","1"
"SN2018ise","07:07:16.740,07:07:16.770,07:07:16.74","+64:03:41.86,+64:03:41.92,+64:03:41.8","0.0552,0.0552","Ic","20","1"
"SN2019gfm","15:35:46.593,15:35:46.59","+24:03:44.93,+24:03:44.8","0.1816","SLSN-I","20","1"
"SN2004ge","06:50:00.13,06:50:00.130","+25:38:02.0,+25:38:02.00","0.016","Ic","19","2"
"SN2010bf","10:48:15.79,10:48:15.790,10:48:15.786,10:48:15.784","+57:24:19.5,+57:24:19.51,+57:24:19.47,+57:24:19.48","0.074,0.074","Ic","19",""
"OGLE15xx","05:35:40.35","-66:20:48.5","0.21","Ic Pec","19","1"
"PS15cvn","00:09:21.67,00:09:21.677","-00:04:06.5,-00:04:06.78","0.065","Ic","19","1"
"SN2018avk","13:11:27.750,13:11:27.748,13:11:27.84","+65:38:17.16","0.132,0.132","Ic","19","1"
"SN2018jaw","12:54:04.098,12:54:04.110,12:54:04.10","+13:32:47.97,+13:32:47.85,+13:32:47.9","0.037,0.037","Ic","19","1"
"SN2006sg","02:08:13.041,02:08:13.04,02:08:13.039","-03:46:21.93,-03:46:21.9,-03:46:21.90,-03:46:21.937","0.4441,0.4451","Ia","18","1"
"SN2007qw","22:35:29.04,22:35:29.01,22:35:29.011","+00:28:56.201,+00:28:56.2,+00:28:55.902,+00:28:56.21","0.150654","Ib","18",""
"SN2017eye","14:37:45.120,14:37:45.110,14:37:45.12","+21:20:29.29,+21:20:29.02,+21:20:29.4","0.031,0.031","Ic","18","1"
"SN2017rt","11:43:29.259,11:43:29.260,11:43:29.25","-16:47:37.27,-16:47:37.2","0.012208","Ic","18","1"
"SN2019eix","18:42:42.900,18:42:42.889,18:42:42.96,18:42:42.90","+40:22:08.08,+40:22:07.80,+40:22:08.04,+40:22:08.0","0.018369,0.018369","Ic","18",""
"PS15axw","17:52:23.91","+42:03:27.6","0.04","Ic","17",""
"SN2017iwh","10:46:32.650,10:46:32.649,10:46:32.64","-45:32:25.87,-45:32:25.8","0.042,0.042","Ic","17","1"
"SN2018cwx","23:01:12.282,23:01:12.280,23:01:12.28","+04:15:36.36,+04:15:36.87,+04:15:36.3","0.05,0.05","Ic","17","1"
"SN2018liq","04:50:28.000,04:50:28.004,04:50:28.008,04:50:28.00","+08:47:51.83,+08:47:51.97,+08:47:51.828,+08:47:51.9","0.034,0.034","Ic","17","1"
"SN2019ieh","16:42:10.840,16:42:10.843,16:42:10.8,16:42:10.84","+06:59:02.47,+06:59:02.42,+06:59:02.472,+06:59:02.5,+06:59:02.508","0.044,0.032","Ic","17",""
"SN2010X","04:48:27.90,04:48:27.900","+73:28:14.8,+73:28:14.81","0.015,0.015","Ic","16","5"
"SN2013cq","11:32:32.84,11:32:32.839,11:32:32.81,11:32:36","+27:41:56.2,+27:41:56.18,+27:41:56.1,+27:42:21.6","0.3399","Ic BL","16","1"
"SN2016dyn","22:37:45.400,22:37:45.42,22:37:45.36,22:37:45.43","+23:47:14.00,+23:47:13.9,+23:47:13.92,+23:47:14.1","0.00532","Ic","16",""
"SN2017igt","02:13:23.896,02:13:23.900,02:13:23.89","+03:23:35.58,+03:23:35.5","0.029,0.029","Ic","16","1"
"SN2018gwo","12:08:38.820,12:08:38.910,12:08:38.88,12:08:38.83","+68:46:44.47,+68:46:44.99,+68:46:44.4","0.007759,0.007759","Ic","16","2"
"SN2007aw","09:57:24.16,09:57:24.161","-19:21:23.1,-19:21:23.11","0.0114","Ic","15",""
"SN2018cow","16:16:00.220,16:16:00.24","+22:16:04.91,+22:16:04.83,+22:16:04.8","0.014145","Ic BL","15",""
"SN2019ilo","13:21:54.317,13:21:54.398","+32:25:19.32,+32:25:19.42","0.0343,0.0343","Ic","15","1"
"SN2016cce","13:33:27.100,13:33:27.20,13:33:27.2088,13:33:27.12,13:33:27.09","+05:28:55.70,+05:28:57.8,+05:28:57.8258,+05:28:55.704,+05:28:55.8","0.022,0.022,0.022","Ic","14","1"
"SN2018ium","10:10:31.700,10:10:31.750,10:10:31.68","+10:02:37.03,+10:02:39.43,+10:02:36.96","0.031695","Ic BL","14",""
"SN2019ape","10:51:42.538,10:51:42.53","+18:28:52.73,+18:28:52.7","0.02031","Ic","14","1"
"SN2019azq","15:16:39.560,15:16:39.558,15:16:39.6","-07:23:33.32,-07:23:33.06,-07:23:33.324","0.034,0.034","Ic BL","14","1"
"SN1983V","03:33:31.63,03:33:31.661,03:33:31.66","-36:08:55.0,-36:08:54.89,-36:08:54.9","0.0055,0.0055","Ic","14","5"
"SN2000F","03:12:52.69,03:12:52.71,03:12:52.711","+04:42:34.8,+04:42:34.4,+04:42:34.42","0.0195","Ic","13","2"
"SN2001ci","10:01:57.33,10:01:57.21,10:01:57.331","+55:41:14.6,+55:41:14.0,+55:41:14.60","0.0037,0.0037","Ic","13","3"
"SN2005fk","21:15:19.84,21:15:19.92,21:15:19.83,21:15:19.831","-00:22:58.6,-00:22:58.62,-00:22:58.5948,-00:22:58.7676,-00:22:58.58","0.233613","Ic BL","13",""
"SN2008an","17:38:28.18,17:38:28.181","+61:02:13.7,+61:02:13.70","0.0271","Ic","13","3"
"SN2017giq","23:57:54.745,23:57:54.730,23:57:54.7344,23:57:54.74,23:57:54.73","+28:30:12.07,+28:30:12.33,+28:30:12.0","0.029813,0.029813","Ic","13","1"
"SN2017ixh","06:44:26.550,06:44:26.500,06:44:26.64","-63:42:41.94,-63:42:40.00,-63:42:41.76","0.011,0.011","Ic","13","1"
"SN2018gsk","04:09:11.550,04:09:11.620,04:09:11.544","+08:38:50.57,+08:38:51.83,+08:38:50.568","0.011625","Ic","13","1"
"SN2019bjv","16:25:38.644,16:25:38.651,16:25:38.64","+47:26:14.21,+47:26:14.08,+47:26:13.92","0.0265,0.0265","Ic","13","1"
"SN2019cda","10:44:49.832,10:44:49.850","+06:36:04.34,+06:36:04.03","0.027652","Ic","13","1"
"SN2019cwt","20:00:40.190,20:00:40.177,20:00:40.08","-34:47:42.97,-34:47:42.59,-34:47:43.08,-34:47:42.72","0.018086,0.018086","Ic Pec","13","1"
"SN1991N","10:38:46.38,10:38:46.37,10:38:46.370","+53:30:05.0,+53:30:04.74,+53:30:04.72,+53:30:04.7","0.0033","Ic","12","9"
"SN2006ab","02:48:53.92,02:48:53.921","+53:02:20.8,+53:02:20.80","0.017","Ic","12","1"
"SN2013bk","09:40:47.55,09:40:47.6,09:40:47.549,09:40:47.52","-05:26:11.9,-05:26:12,-05:26:11.90,-05:26:10.068,-05:26:11.868","0.02","Ic","12","1"
"PS15bap","18:31:27.64","+48:28:24.8","0.05","Ic","12",""
"SN2016gcm","21:04:55.177,21:04:55.220,21:04:55.18,21:04:55.22","+65:42:28.88,+65:42:29.30,+65:42:28.9","0.0224227","Ic?","12","1"
"SN2016iae","04:12:05.530,04:12:05.52","-32:51:44.75,-32:51:44.53,-32:51:44.64","0.003468","Ic","12","2"
"SN1997ei","11:54:59.98,11:55:00,11:54:59.981","+58:29:26.4,+58:29:26.52,+58:29:26.41,+58:29:26.42","0.01063,0.011","Ic","11","4"
"SN2017iuk","11:09:39.510,11:09:39.520,11:09:39.120,11:09:39.6,11:09:39.52","-12:35:18.49,-12:35:18.34,-12:35:06.90,-12:35:18.6,-12:35:18.4","0.037022","Ic BL","11",""
"SN2019aje","12:53:45.041,12:53:45.056","+46:38:51.60,+46:38:52.96","0.127","SLSN-II","11","1"
"SN2000ew","11:40:58.52,11:40:58.60,11:40:58.519","+11:27:55.9,+11:27:55.8,+11:27:55.91","0.0033,0.0035","Ib","10","2"
"SN2004C","11:27:29.72,11:27:29.76,11:27:29.719","+56:52:48.2,+56:52:48.36,+56:52:48.22","0.0057,0.0057","IIb","10","9"
"SN2016glo","02:39:43.345,02:39:43.350,02:39:43.34","-16:00:08.26,-16:00:08.2","0.0482","Ib/c","10","1"
"SN2016gqv","04:02:48.534,04:02:48.530,04:02:48.53","+01:58:15.57,+01:58:15.60,+01:58:15.5","0.012,0.012","Ic Pec","10","1"
"SN2017hje","03:33:43.542,03:33:43.560,03:33:43.54","-26:10:38.01,-26:10:37.58,-26:10:37.9","0.042496","Ic","10","1"
"SN2019gwc","16:03:26.890,16:03:26.876,16:03:26.88","+38:11:02.62,+38:11:02.69,+38:11:02.76,+38:11:02.6","0.038003,0.038003","Ic BL","10",""
"SN2001ch","21:25:59.19,21:25:59.189","-03:48:46.8,-03:48:46.80","0.0098,0.0098","Ic","9","1"
"SN2012fh","10:43:34.05,10:43:34.049","+24:53:29.0,+24:53:29.00","0.001935","IIb/Ib/Ic","9","3"
"SN2018aks","10:29:51.620,10:29:51.628,10:29:51.6,10:29:51.70","+09:00:46.58,+09:00:46.830,+09:00:46.584,+09:00:46.836,+09:00:46.30","0.04797,0.04797","Ic","9","1"
"SN2018gle","04:25:03.010,04:25:03.012,04:25:03.024,04:25:03.01","-14:36:47.92,-14:36:47.88,-14:36:47.7","0.0175","Ic","9","1"
"SN2018hdp","02:13:45.074,02:13:45.048","+04:06:08.12,+04:06:08.18,+04:06:08.172","0.011461,0.011461","Ic","9","1"
"SN2018hpq","18:28:41.260,18:28:41.255,18:28:41.28","+75:48:47.41,+75:48:47.42,+75:48:47.52","0.124,0.124","Ic","9",""
"SN2019dps","20:58:41.570,20:58:41.566,20:58:41.52","-54:11:06.65,-54:11:06.92,-54:11:06.72,-54:11:07.08","0.044107,0.044107,0.044107","Ic","9","1"
"SN2002bl","10:12:17.28,10:12:17.280","+27:51:52.4,+27:51:52.42","0.016,0.016","Ic BL","8","4"
"SN2002jz","04:13:12.52,04:13:12.521","+13:25:07.3,+13:25:07.28","0.00516","Ib","8","3"
"SN2003L","11:03:12.33,11:03:12.24,11:03:12.331,11:03:12.328","+11:04:38.3,+11:04:37.92,+11:04:38.32,+11:04:38.09","0.02119,0.02119","Ib","8","5"
"SN2017dcc","12:49:04.880,12:49:04.890,12:49:04.9104,12:49:04.8","-12:12:22.57,-12:12:22.42,-12:12:22.5684,-12:12:22.68","0.0245","Ic BL","8","1"
"SN2017hbx","17:49:12.640,17:49:12.644,17:49:12.72","+25:22:20.93,+25:22:21","0.1652,0.1652","Ic","8","1"
"SN2017hfw","00:30:29.400,0:30:29.4105,00:30:29.405","-08:46:48.97,-08:46:49.24,-08:46:49.2215,-08:46:48.972","0.018,0.018","Ic","8","1"
"SN2018cbz","13:41:18.600,13:41:18.610,13:41:18.72","-04:20:46.72,-04:20:46.54,-04:20:46.716","0.0223,0.0223","Ic","8","1"
"SN2018eaw","17:44:13.250,17:44:13.25","+66:42:46.49,+66:42:46.68,+66:42:46.4","0.0472,0.0472","Ic","8",""
"SN2001ai","13:41:39.35,13:41:39.36,13:41:39.37,13:41:39.350","+55:40:05.1,+55:40:05.16,+55:40:05.8,+55:40:05.09","0.02597,0.025","Ib","7","2"
"SN2010S","01:39:04.48,01:39:04.481","-00:37:12.2,-00:37:12.22","","Ic","7",""
"SN2013ek","20:57:53.90,20:57:53.899","-51:52:24.5,-51:52:24.49","0.016","Ib","7","22"
"SN2016emb","20:23:37.200,20:23:37.2","+82:49:15.10,+82:49:14.88","0.059","Ic","7",""
"SN2018etk","15:17:02.530,15:17:02.540,15:17:02.64","+03:56:38.80,+03:56:38.69,+03:56:38.796","0.04415,0.04415","Ic","7",""
"SN2018oz","03:34:19.760,03:34:19.759,03:34:19.752","+39:35:34.55,+39:35:34.44","0.018109","Ic","7","1"
"SN1995F","09:04:57.40,09:04:57.401","+59:55:58.7,+59:55:58.69","0.0051","Ib","6","13"
"SN2002cj","15:21:20.71,15:21:20.710","-19:51:27.3,-19:51:27.29","0.023,0.023","Ic","6","2"
"SN2007qx","00:27:41.78,00:27:41.7816,00:27:41.7552,00:27:41.779","+01:13:59.7,+01:13:59.628,+01:13:59.232,+01:13:59.70","0.080778","Ic","6","1"
"SN2010ay","12:35:27.19,12:35:27.190","+27:04:02.8,+27:04:02.78","0.0671","Ic BL","6","3"
"SN2016eld","17:21:12.200,17:21:12.237,17:21:12.24","+01:59:23.20,+01:59:23.17,+01:59:23.172","0.039","Ic","6",""
"SN2016flq","00:28:36.514,00:28:36.510,00:28:36.51","-01:33:03.12,-01:33:03.10,-01:33:03.1","0.06,0.06","Ic","6","1"
"SN2018ffz","06:36:01.440,06:36:01.090,06:36:01.44,06:36:01.08","+83:47:33.65,+83:47:33.76,+83:47:33.72","0.01,0.01","Ic","6","1"
"SN2019dwy","11:14:10.880,11:14:10.822,11:14:10.8,11:14:10.584","+70:46:04.15,+70:46:04.55,+70:46:04.08,+70:46:04.44,+70:46:04.94","0.045,0.045","Ic","6","1"
"SN2001dq","16:35:10.95,16:35:10.951","+46:12:50.5,+46:12:50.51","0.031","Ic","5","1"
"SN2001em","21:42:23.6093,21:42:23.76,21:42:23.66,21:42:23.659","+12:29:50.300,+12:29:51,+12:29:50.9,+12:29:50.89","0.01951,0.02","Ib","5","3"
"SN2001eq","23:04:56.78,23:04:56.779","+19:33:04.8,+19:33:04.79","0.025","Ib","5","1"
"SN2002ho","12:15:17.97,12:15:17.971,12:15:18.01","+65:58:55.1,+65:58:55.09,+65:58:54.8","0.0091","Ic","5","1"
"SN2005ks","21:37:56.56,21:37:56.64,21:37:56.561","-00:01:56.9,-00:01:57,-00:01:56.82,-00:01:56.8704,-00:01:57.162,-00:01:56.89","0.098826","Ic","5",""
"SN2005lr","07:11:39.03,07:11:39.031","-26:42:20.2,-26:42:20.20","0.008572","Ic","5","2"
"SN2009mi","05:52:38.23,05:52:38.230","-17:47:02.5,-17:47:02.51","0.0104","Ic","5","3"
"SN2016fhn","01:34:40.152,01:34:40.150,01:34:40.14,01:34:40.15","+55:25:08.33,+55:25:08.3","0.025,0.025","Ic","5","1"
"SN2016fxu","01:53:58.970,01:53:58.96","-00:45:01.98,-00:45:01.9","0.016,0.016","Ic","5","1"
"SN2016ino","17:22:44.400,17:22:44.460,17:22:44.4","+62:09:44.17,+62:09:44.40,+62:09:44.28","0.031,0.031","Ic BL","5","1"
"SN2019dwa","15:38:57.480,15:38:57.483,15:38:57.36","+56:36:18.18,+56:36:18.15,+56:36:18","0.09,0.09","Ic","5","1"
"SN2001ef","04:44:28.56,04:44:28.560","+75:38:30.3,+75:38:30.30","0.0083,0.0083","Ic","4","4"
"SN2001M","10:24:31.48,10:24:31.481","-21:47:40.6,-21:47:40.60","0.012,0.012","Ic","4","5"
"SN2002ex","22:09:00.79,22:09:00.790","-10:36:25.8,-10:36:25.81","0.038,0.038","Ic","4","1"
"SN2002hf","00:57:47.74,00:57:47.741","-27:30:21.5,-27:30:21.49","0.019,0.019","Ic","4","5"
"SN2002jj","03:39:29.55,03:39:29.549","-13:06:55.8,-13:06:55.80","0.014,0.014","Ic/Ic-BL","4","3"
"SN2004bm","10:52:35.33,10:52:35.330","+22:56:05.5,+22:56:05.50","0.00419","Ic","4","1"
"SN2017dch","19:55:35.700,19:55:35.696,19:55:35.76","-11:38:22.70,-11:38:22.56","0.048,0.048","Ic","4","1"
"SN2019ahg","13:31:48.010,13:31:48.005,13:31:48","-02:36:30.92,-02:36:31.00,-02:36:30.924","0.020257","Ic","4","1"
"SN2019cad","09:08:42.971,09:08:42.955","+44:48:46.04,+44:48:46.02","0.026762","Ic","4","1"
"SN2019cri","13:54:02.720,13:54:02.64","+14:43:46.96,+14:43:46.95,+14:43:46.92","0.05,0.05","Ic","4","1"
"SN2002cp","09:59:35.95,09:59:35.950","+35:23:57.4,+35:23:57.41","0.017,0.017","Ic","3","7"
"SN2002hn","08:10:14.95,08:10:14.88,08:10:14.950","+33:57:19.4,+33:57:19.44,+33:57:19.40","0.01751,0.018","Ic","3","3"
"SN2003bm","08:07:22.87,08:07:22.870,08:07:22.878","+40:23:44.3,+40:23:44.30,+40:23:44.39","0.026,0.026","Ic","3","2"
"SN2009em","00:34:44.53,00:34:44.530","-08:23:57.6,-08:23:57.59","0.0056,0.0055","Ic","3",""
"LSQ14gs","12:27:41.38,12:27:41.39","-22:57:18.6,-22:57:18.7","0.04","Ic","3","1"
"SN2013ff","09:13:38.88,09:13:38.880,09:13:38.8","+76:28:10.8,+76:28:10.81","0.004923","Ic","3","1"
"PS18kz","13:25:31.235,13:25:31.230","-14:21:05.21","0.022389","Ic","3",""
"SN2016dst","04:55:54.700,04:55:54.70,04:55:54.68,04:55:54.672","-29:34:13.70,-29:34:13.6,-29:34:13.7,-29:34:13.8","0.074","Ic BL","3","1"
"SN2017ddc","11:55:41.643,11:55:41.640,11:55:41.64","+24:55:07.50,+24:55:07.5","0.034,0.034","Ic","3","1"
"SN2017ful","01:35:12.390,01:35:12.391,01:35:12.384","-26:04:58.84,-26:04:58.83,-26:04:58.8","0.081","Ic","3",""
"SN2017gip","23:05:00.610,23:05:00.6144","+28:45:42.73,+28:45:42.732","0.0298","II","3","1"
"SN2017hia","01:56:09.340,1:56:09.3425","+17:38:29.17,+17:38:29.1732","0.037829","Ic","3","1"
"SN2018cve","12:25:23.464,12:25:23.460","+31:49:26.33","0.039,0.039","Ic","3",""
"SN2018ddu","16:35:46.562,16:35:46.560","+71:41:15.24","0.029651","Ic","3",""
"SN2018dgx","17:48:05.330,17:48:05.320","+52:13:25.44,+52:13:25.34","0.025318,0.025318","Ic","3","1"
"SN2018dxt","16:58:53.617,16:58:53.610","+45:17:19.92,+45:17:20.12","0.04,0.04","Ic","3",""
"SN2018fob","15:13:07.231,15:13:07.230","+41:16:11.07","0.029,0.029","Ic","3",""
"SN2018hsf","02:40:12.772,02:40:12.770","-19:58:44.94","0.119,0.119","Ic BL","3",""
"SN2018keq","23:22:41.965","+21:00:43.26","0.04,0.04","Ic BL","3",""
"SN2018kva","08:35:16.206","+48:19:03.36","0.0429,0.0429","Ic","3","1"
"SN2018kzr","08:28:53.460","+01:06:38.71","0.056,0.056","Ic","3","1"
"SN2018yg","12:25:58.523,12:25:58.541,12:25:58.56","+04:28:26.85,+04:28:26.30,+04:28:26.292","0.018469,0.018469,0.018469","Ic BL","3","1"
"SN2018yn","11:46:12.990,11:46:13.030,11:46:12.96","+20:23:18.60,+20:23:18.6","0.02329","Ic","3","1"
"SN2019bml","16:11:32.961,16:11:32.930","+29:22:23.84,+29:22:24.20","0.0305,0.0305","Ic","3",""
"SN2019cqr","16:54:10.474,16:54:10.545","+61:11:42.42,+61:11:41.30","0.1,0.1","Ic BL","3","1"
"SN2019dld","06:46:39.433","+45:38:51.92","0.018,0.018","Ic","3","1"
"SN2019fyy","10:54:58.195,10:54:58.213","-01:53:55.89,-01:53:55.69","0.0362,0.0362","Ic","3",""
"SN2019icf","17:37:36.319","+43:31:03.43","0.034,0.034","Ic","3","1"
"SN2019lci","16:31:01.622","+08:28:23.91","0.0292,0.0292","Ic BL","3","1"
"SN2019qg","13:41:01.790","+38:59:09.74","0.08,0.08","Ic BL","3","1"
"SN2019uq","12:18:49.752,12:18:49.831","-11:33:04.01,-11:33:03.91","0.1,0.1","Ic","3","1"
"SN1999bz","14:01:46.75,14:01:46.750","+68:52:46.5,+68:52:46.49","0.0845","Ic","2","3"
"SN2001ii","00:42:05.44,00:42:05.441","+36:48:05.4,+36:48:05.40","0.036","Ic","2","1"
"SN2002cg","16:29:00.48,16:29:00.480","+41:17:00.4,+41:17:00.24,+41:17:00.38","0.03189,0.03189","Ic","2","2"
"SN2002dn","21:54:22.47,21:54:22.469","+15:09:42.2,+15:09:42.19","0.025","Ic","2",""
"SN2002gz","02:34:10.36,02:34:10.361","-00:53:18.2,-00:53:18.20","0.085,0.085","Ic","2","1"
"SN2003bu","14:00:31.45,14:00:31.450,14:00:31.458","-28:52:32.7,-28:52:32.70,-28:52:32.79","0.02","Ic","2",""
"SN2003cr","14:58:35.53,14:58:35.530,14:58:35.538","+44:53:06.4,+44:53:06.40,+44:53:06.49","0.036,0.036","Ic","2","3"
"SN2011it","22:02:44.43,22:02:44.450,22:02:44.45","+31:41:48.5,+31:41:49.09,+31:41:49.0","0.015894","Ic","2","1"
"SN2012cw","10:13:47.95,10:13:47.950","+03:26:02.6,+03:26:02.62","0.004486","Ic","2",""
"SN2017cjd","11:50:30.174,11:50:30.170","-18:35:44.96","0.023,0.023","Ic","2","1"
"SN2017dgk","09:54:41.720","-26:35:01.60","0.058,0.058,0.065","Ic","2","1"
"SN2017ens","12:04:09.367,12:04:09.370","-01:55:52.25","0.1086","Ic BL","2",""
"SN2017hnv","23:03:21.233,23:03:21.230,23:03:21.23","+25:40:37.52,+25:40:37.46","0.03,0.03","Ic","2","1"
"SN2017ifh","06:35:03.541,06:35:03.560","+50:26:27.65,+50:26:27.90","0.039,0.039","Ic BL","2","1"
"SN2018aii","12:22:10.413,12:22:10.410","+26:59:40.44","0.079164","Ic","2","1"
"SN2018ajg","13:19:59.394,13:19:59.390","-10:28:49.12","0.056,0.056","Ic","2","1"
"SN2018bfu","13:15:28.989,13:15:28.990","-13:19:32.36","0.045331,0.045331","Ic","2","1"
"SN2018bvw","11:52:43.621,11:52:43.620","+25:40:30.12","0.054,0.054","Ic BL","2",""
"SN2018dys","12:55:10.160,12:55:10.144,12:55:10.08","-05:34:07.68,-05:34:07.80,-05:34:07.788","0.055,0.055","Ic","2","1"
"SN2018erw","15:35:48.140","+21:44:19.81","0.023522","Ic","2",""
"SN2018ie","10:54:00.96,10:54:01.040,10:54:01.060","-16:01:21.72,-16:01:21.58,-16:01:21.40","0.014233","Ic BL","2","1"
"SN2018if","09:14:23.840","+49:35:32.90","0.031,0.031","Ic BL","2","1"
"SN2018kq","09:24:57.173,09:24:57.269,09:24:57.36","+40:23:55.14,+40:23:56.14,+40:23:56.04","0.027804,0.027804","Ic BL","2","1"
"SN2019abb","07:54:17.265","+14:16:22.63","0.015317","Ic","2","1"
"SN2019but","13:24:07.052,13:24:07.061","+08:55:35.88,+08:55:35.66","0.15,0.15","Ic BL","2","1"
"SN2019fie","09:04:50.224","+00:56:40.50","0.076,0.076","Ic BL","2","1"
"SN2019gcl","11:56:55.020","+22:08:31.51","0.0225","Ic BL","2","1"
"SN2019hsx","18:12:56.219","+68:21:45.21","0.020652,0.020652","Ic BL","2","1"
"SN1990aa","00:52:54,00:00:00.000,00:52:54.9,00:52:59.22","+29:01.1,+29:01:09.0,+29:01:48.3","0.017","Ic","1","7"
"SN1990U","23:04:54.96,23:04:54.92,23:04:54.919","+12:18:20.1,+12:18:20.09","0.007935","Ib","1","20"
"SN1990W","16:52:47.17,16:52:47.18,16:52:47.249,16:52:47.25","-59:12:55.0,-59:12:55.02,-59:12:55.12,-59:12:55.1","0.0049","Ib/c","1","2"
"SN1991A","11:53:52,00:00:00.000,11:53:53.0,11:53:53.21","+33:21.7,+33:21:44.0,+33:21:45.2","0.011","Ic","1","12"
"SN1991L","16:41:14.99,16:41:15.12,16:41:14.96,16:41:15.029,16:41:15.03","+39:17:32.0,+39:17:32.64,+39:17:32.44,+39:17:32.60,+39:17:32.6,+39:17:32.4","0.03054,0.031","Ib/c","1","2"
"SN1993P","13:29:25.86,13:29:25.8,13:29:25.800,13:29:25.80","-30:24:47.6,-30:24:47,-30:24:47.02,-30:24:47.0","0.048","Ic","1",""
"SN1994ai","02:23:06.17,02:23:06.170","-21:14:09.3,-21:13:58.3,-21:13:58.30","0.0057","Ic","1","1"
"SN1996aq","14:22:22.72,14:22:22.8,14:22:22.730,14:22:22.73","-00:23:23.8,-00:23:24,-00:23:24.29,-00:23:24.3","0.00553,0.0055,0.0056","Ic","1","3"
"SN1996at","01:08:17.63,01:08:17.630","-00:58:25.5,-00:58:25.50","0.09","Ic","1",""
"SN1996D","04:34:00.30,00:00:00.000","-08:34:44.0,-08:34:43.98","0.0151","Ic","1","1"
"SN1997B","05:53:01.99,05:53:02.97,05:53:02.969,05:53:01.95","-17:51:55.4,-17:52:23.5,-17:52:23.48,-17:51:55.7","0.0097","Ic","1","4"
"SN1997C","10:13:56.18,10:13:56.179","+38:49:00.5,+38:49:00.52","0.023","Ia","1","2"
"SN1997dh","23:45:17.17,23:45:17.170","-44:56:45.1,-44:56:45.10","0.05","Ic","1",""
"SN1997dq","11:40:55.90,11:40:55.901","+11:28:45.7,+11:28:45.70","0.003196","Ic","1","17"
"SN1998bo","19:57:22.55,19:57:22.550","-55:08:18.4,-55:08:18.38","0.016,0.016","Ic","1",""
"SN1998cv","22:09:46.29,22:09:46.289","-49:47:43.0,-49:47:43.01","0.027,0.027","Ic","1",""
"SN1998ey","21:30:00.67,21:30:00.559","+26:43:21.4,+26:43:24.20","0.016,0.016","Ic","1","6"
"SN1999ah","12:09:37.20,12:09:37.200","-06:18:34.3,-06:18:34.31","0.08,0.08","Ic","1",""
"SN1999al","11:10:25.68,11:10:25.680","-07:26:37.0,-07:26:37.00","0.065,0.065","Ic","1",""
"SN1999as","09:16:30.86,09:16:30.859","+13:39:02.2,+13:39:02.20","0.127,0.13","Ic","1",""
"SN1999bc","08:28:31.08,08:28:31.080","+17:28:15.4,+17:28:15.38","0.021,0.022","Ic","1",""
"SN1999bu","11:39:42.50,11:39:42.499","+31:54:29.1,+31:54:29.09","0.008933","Ic","1","1"
"SN1999cn","15:06:45.4,15:06:46.26,15:06:46.699,15:06:46.6,15:06:46.27","+12:51:37,+12:51:09.5,+12:51:37.01,+12:51:29.0","0.0217","Ic","1","1"
"SN1999cz","13:19:48.53,13:19:48.530","-27:24:04.5,-27:24:04.50","0.0072","Ic","1",""
"SN2000C","07:36:57.09,07:36:57.11,07:36:57.089,07:36:56.99","+35:14:38.8,+35:14:39.0,+35:14:38.80,+35:14:37.2","0.013,0.012,0.013","Ic","1","3"
"SN2000cr","13:58:38.37,13:58:38.369","+37:26:12.4,+37:26:12.9,+37:26:12.41","0.012,0.011,0.012","Ic","1","7"
"SN2000S","10:34:55.89,10:34:55.891","-06:28:26.0,-06:28:26.00","0.029","Ic","1",""
"SN2001bb","13:43:25.31,13:43:25.310","-29:48:13.1,-29:48:13.10","0.015521","Ic","1","2"
"SN2001fw","02:38:10.45,02:38:10.450","+30:50:54.6,+30:50:54.60","0.03,0.03","Ic","1","3"
"SN2002ao","14:29:35.74,14:29:35.76,14:29:35.741","-00:00:55.8,-00:00:55.80","0.005134","Ic","1","9"
"SN2002bm","12:30:16.90,12:30:16.901","-08:23:34.8,-08:23:34.80","0.018,0.018","Ic","1","2"
"SN2002cl","13:44:09.94,13:44:09.941","-00:12:57.8,-00:12:57.82","0.072,0.072","Ic","1",""
"SN2002fh","13:25:46.62,13:25:46.620","+27:34:21.1,+27:34:21.11","0.33,0.33","Ic","1",""
"SN2002gy","03:22:36.45,03:22:36.449","+09:28:22.0,+09:28:22.01","0.024","Ic BL","1","1"
"SN2002if","01:50:04.51,01:50:04.510","+00:00:26.4,+00:00:26.39","0.321,0.32,0.321","Ic","1",""
"SN2002J","10:54:38.36,10:54:38.359","-21:03:53.6,-21:03:53.60","0.01249","Ic","1","2"
"SN2002ji","11:22:53.15,11:22:53.150","+16:35:10.0,+16:35:10.00","0.0048","Ib","1","14"
"SN2002jp","10:37:26.50,10:37:26.501","-25:21:35.2,-25:21:35.21","0.012,0.012","Ic","1","2"
"SN2002lt","08:08:59.858,08:08:59.86,08:08:59.861","+06:43:37.52,+06:43:37.5,+06:43:37.49","1.006,1,0.8","Ic","1",""
"SN2003aa","10:46:36.82,10:46:36.821,10:46:36.828","+13:45:32.2,+13:45:32.18,+13:45:32.29","0.01,0.01","Ic","1","5"
"SN2003ds","10:18:58.35,10:18:58.32,10:18:58.351,10:18:58.358","+46:27:15.5,+46:27:15.48,+46:27:15.52,+46:27:15.59","0.02993,0.03","Ic","1","1"
"SN2003el","13:09:46.20,13:09:46.200,13:09:46.208","+28:54:21.6,+28:54:21.60,+28:54:21.69","0.019,0.019","Ic","1","7"
"SN2003ev","13:10:31.80,13:10:31.800,13:10:31.808","-21:39:49.6,-21:39:49.61,-21:39:49.69","0.024,0.024","Ic","1","1"
"SN2003fc","20:08:22.08,20:08:22.080,20:08:22.088","-17:36:30.5,-17:36:30.49,-17:36:30.59","0.035,0.035","Ic","1","1"
"SN2003gf","22:13:40.94,22:13:40.939","-21:44:03.3,-21:44:03.30","0.0087,0.0087","Ic","1","7"
"SN2003hp","17:40:18.69,17:40:18.691,17:40:18.698","+51:01:41.3,+51:01:41.30,+51:01:41.39","0.021","Ic BL","1","1"
"SN2003ig","04:09:43.50,04:09:43.500","+37:00:45.8,+37:00:45.79","0.019","Ic","1","1"
"SN2003ih","03:43:57.72,03:43:57.720","+39:17:43.9,+39:17:43.2,+39:17:43.91","0.017","Ic","1","1"
"SN2003is","19:21:08.00,19:21:07.999","+43:19:35.4,+43:19:35.40","0.018,0.018","Ib","1","3"
"SN2003jg","09:45:38.40,09:45:37.91,09:45:37.910","-31:11:19.9,-31:11:21.0,-31:11:21.01","0.0036","Ic","1","2"
"SN2003jp","23:26:03.28,23:26:03.281,23:26:03.288","-08:59:22.7,-08:59:22.70,-08:59:22.79,-08:59:22.829","0.0829","Ic","1","1"
"SN2003kb","06:16:12.59,06:16:12.590","+57:03:12.9,+57:03:12.89","0.017,0.017","Ic","1","5"
"SN2003lw","08:02:30.1,08:02:30.2,08:02:30.199,08:02:30.238,08:02:30.20","-39:51:03,-39:51:02.99,-39:51:03.19,-39:51:03.0","0.1055","Ic BL","1","2"
"SN2004af","05:38:03.91,05:38:03.910","-23:59:00.2,-23:59:00.20","0.056,0.056","Ic","1",""
"SN2004ai","13:54:26.09,13:54:26.090","-12:41:15.9,-12:41:15.90","0.59,0.59","Ic","1",""
"SN2004bf","13:49:15.45,13:49:15.451","+35:15:12.5,+35:15:12.49","0.017,0.017","Ib","1","5"
"SN2004bu","15:54:52.03,15:54:52.030","+21:07:11.0,+21:07:10.99","0.019","Ic","1","4"
"SN2004cc","12:36:34.40,12:36:34.32,12:36:34.399","+11:14:32.8,+11:14:32.64,+11:14:32.78","0.007522","Ib","1","3"
"SN2004dc","23:41:18.47,23:41:18.470","+04:01:06.3,+04:01:06.31","0.021","Ic","1","1"
"SN2004dx","18:18:06.15,18:18:06.149","+39:49:24.9,+39:49:24.89","0.03","Ic","1","1"
"SN2004eu","02:20:34.86,02:20:34.860","+41:34:18.5,+41:34:18.52","0.022","Ic","1","8"
"SN2004fq","23:27:45.64,23:27:45.641,23:27:45.638","-08:31:12.8,-08:31:12.77,-08:31:12.79,-08:31:12.785","0.1462","Ic","1","1"
"SN2004gn","12:34:12.10,12:34:12.101","+02:39:34.4,+02:39:34.42","0.0058","Ib","1","2"
"SN2004ib","02:40:56.40,02:40:56.4,02:40:56.400","-00:10:48.3,-00:10:48.36,-00:10:48.29","0.05621,0.056","Ic","1",""
"SN2005aj","02:58:48.85,02:58:48.850","+75:45:13.8,+75:45:13.79","0.0085","Ic","1","1"
"SN2005bb","12:57:11.87,12:57:11.76,12:57:11.870","-01:42:17.4,-01:42:17.28,-01:42:17.39","0.00913,0.00913","II","1","1"
"SN2005bh","11:29:44.00,11:29:43.999","+22:07:39.1,+22:07:39.11","0.022,0.022","Ic","1","6"
"SN2005bk","16:02:17.04,16:02:17.040","+42:54:55.3,+42:54:55.44,+42:54:55.30","0.02445,0.025","Ic","1","1"
"SN2005bq","14:05:37.05,14:05:37.051","-39:12:04.4,-39:12:04.39","0.014","Ic","1",""
"SN2005cb","19:11:21.95,19:11:21.950","-57:02:27.4,-57:02:27.38","0.0105","Ic","1","1"
"SN2005ct","00:39:40.50,00:39:40.500","-14:14:16.6,-14:14:16.58","0.013,0.013","Ic","1","3"
"SN2005dg","04:07:46.25,04:07:46.250","-29:51:28.1,-29:51:28.12","0.014","Ic","1",""
"SN2005nc","18:32:32.58,18:32:32.580,18:32:34.08","+26:20:22.6,+26:20:22.60,+26:20:06","0.606,0.61,0.606,0.61","Ic","1",""
"SN2005V","06:18:38.28,06:18:38.280","+78:21:28.8,+78:21:28.80","0.002979","Ib/c","1","1"
"SN2006dg","23:45:54.38,23:45:54.379","+12:03:59.0,+12:03:59.00","0.014","Ic","1","1"
"SN2006ei","01:56:37.15,01:56:37.150","+34:10:37.4,+34:10:37.42","0.015","Ic","1","2"
"SN2006P","03:19:17.90,03:19:17.899","-12:06:18.3,-12:06:18.29","0.015","Ic","1","1"
"SN2006qk","22:25:32.39,22:25:32.4,22:25:32.38,22:25:32.381","+00:09:14.9,+00:09:15.1,+00:09:15.08,+00:09:15.098,+00:09:14.897","0.05831,0.05836","Ib","1","2"
"SN2006tq","02:10:00.698,02:10:00.70,02:10:00.701,02:10:00.697","-04:06:00.91,-04:06:00.9,-04:06:00.90,-04:06:00.903","0.2622","Ib Pec","1","2"
"SN2007db","11:17:10.30,11:17:10.301","-06:11:48.6,-06:11:48.59","0.06,0.06","Ic","1",""
"SN2007ea","15:53:46.27,15:53:46.270","-27:02:15.5,-27:02:15.50","0.04,0.04","Ic","1",""
"SN2007G","00:08:09.81,00:08:09.811","+27:00:11.4,+27:00:11.41","0.029157","II","1",""
"SN2007gx","17:18:51.49,17:18:51.490","+22:47:16.6,+22:47:16.58","0.08,0.08","Ic","1",""
"SN2007nm","22:45:27.41,22:45:27.42,22:45:27.420","+10:39:32.7,+10:39:32.69","0.046,0.046","Ic","1","1"
"SN2007tx","02:28:33.31,02:28:33.310,02:28:33.313,02:28:33.314","-08:35:25.7,-08:35:25.69,-08:35:25.70,-08:35:25.690","0.6764","Ic","1","1"
"SN2008ao","03:07:46.66,03:07:46.661","+38:22:06.2,+38:22:06.20","0.0149","Ic","1","2"
"SN2008dq","16:06:03.11,16:06:03.110","+55:25:37.4,+55:25:37.42","0.0314","Ic","1","2"
"SN2008du","22:56:11.84,22:56:11.839","+03:55:35.4,+03:55:35.40","0.016,0.016","Ic","1","1"
"SN2008dv","03:37:51.43,03:37:51.430","+72:34:21.8,+72:34:21.79","0.0074,0.0074","Ic","1","1"
"SN2008eb","18:11:52.17,18:11:52.171","+14:58:50.6,+14:58:50.59","0.0076,0.0076","Ib","1","2"
"SN2008em","22:44:37.70,22:44:37.699","-21:54:35.2,-21:54:35.21,-21:44:35.2","0.0333","Ic","1","1"
"SN2008ew","16:58:28.92,16:58:28.920","+20:02:38.0,+20:02:38.00","0.02","Ic","1","4"
"SN2008fo","16:40:12.46,16:40:12.461","+39:43:55.8,+39:43:55.81","0.027","Ic","1",""
"SN2008fz","23:16:16.60,23:16:16.601","+11:42:47.5,+11:42:47.48","0.133,0.13,0.133","IIn","1",""
"SN2008gj","22:36:28.57,22:36:28.570","+21:37:55.3,+21:37:55.31","0.0238","Ic","1","2"
"SN2008hn","08:14:14.25,08:14:14.249","+21:21:37.9,+21:21:37.91","0.0113","Ib","1","1"
"SN2008hw","22:39:50.39,22:39:50.390,22:39:50.58","-40:08:49.1,-40:08:49.09,-40:08:48.3","0.53,0.53","Ic","1",""
"SN2008ik","03:36:09.68,03:36:09.54,03:36:09.540","-35:13:00.7,-35:13:00.70","0.0646","Ic","1",""
"SN2008iu","04:36:55.20,04:36:55.200","-00:21:35.6,-00:21:35.60","","Ic","1",""
"SN2009ap","17:26:43.23,17:26:43.231","-59:55:57.9,-59:55:57.90","0.0208","Ic","1",""
"SN2009bh","12:24:50.16,12:24:50.160,12:24:50.17","+08:25:57.6,+08:25:57.50","0.09,0.09","Ic","1","1"
"SN2009de","13:00:37.49,13:00:37.490","+17:50:57.0,+17:50:57.01","0.14,0.14","Ic","1",""
"SN2009di","11:36:57.86,11:36:57.859","+45:00:50.7,+45:00:50.69","0.13,0.13","Ic","1",""
"SN2009dr","14:44:42.08,14:44:42.079","+49:43:44.9,+49:43:44.90","0.1,0.1","Ic BL","1",""
"SN2009gd","15:48:22.79,15:48:22.790","-75:40:47.8,-75:40:47.78","0.0096,0.0096","Ic","1",""
"SN2009hh","03:20:34.73,03:20:34.730","-18:42:54.4,-18:42:54.40","0.0132","Ic","1",""
"SN2009hy","22:16:27.02,22:16:27.019","+16:28:13.0,+16:28:13.01","0.0252","Ic","1","1"
"SN2009je","05:28:40.07,05:28:40.070","+22:06:46.4,+22:06:46.40","0.019,0.019","Ic","1",""
"SN2009jy","10:19:39.25,10:19:39.250","-25:49:21.9,-25:49:21.90","0.012,0.0097","Ic","1",""
"SN2009ki","16:14:08.64,16:14:08.640","+55:41:41.9,+55:41:41.89","0.107,0.11,0.106","Ic","1",""
"SN2009lj","03:12:32.49,03:12:32.491","+39:18:42.0,+39:18:42.01","0.0146","IIb/Ib/Ic","1","1"
"SN2009nh","09:10:59.01,09:10:59.011","+15:36:41.1,+15:36:41.11","","Ic","1",""
"SN2009nl","03:39:47.78,03:39:47.779","-11:13:25.0,-11:13:25.00","","Ic","1",""
"SN2009np","12:27:06.62,12:27:06.619","+06:25:33.3,+06:25:33.31","0.026","Ic","1","2"
"SN2009nz","02:26:19.9,02:26:19.901,02:26:19.90,02:26:19.44","-18:57:09,-18:57:09.00,-18:57:09.0,-18:56:52.8","0.49,0.49","Ic BL","1",""
"SNF20080324-001","11:23:02.50","+51:52:31.2","","Ic","1",""
"SNF20080512-003","16:58:56.39","+36:31:20.0","","Ic","1",""
"ASASSN-14de","10:40:39.33,10:40:39.36,10:40:39","+39:03:52.7,+39:03:52.56,+39:53:02","0.029284","Ic","1","1"
"CSS120914:215710+055647","21:57:09.91","+05:56:47.1","0.05","Ic","1",""
"CSS121210:112615+144039","11:26:15.0","+14:40:39.0","0.09","Ic","1",""
"CSS140505:143511+134946","14:35:11.0,14:35:10.54","+13:49:46,+13:49:46.5","","Ic-lum?","1",""
"CSS140925:005854+181322","00:58:54.11,00:58:54.12","+18:13:22.2","0.46","SLSN-I","1",""
"CSS141005:022316-070520","02:23:16.0,02:23:15.64,02:23:15.65","-07:05:20,-07:05:20.8,-07:05:20.5","0.045","Ic","1",""
"DES13C1feu","03:33:04.01","-26:57:53.5","0.059","Ic","1",""
"DES13C2bxd","03:38:02.51","-29:09:25.6","0.039","Ic","1",""
"DES14E2ag","00:39:22.19","-44:04:03.4","0.2263","Ic","1",""
"LSQ11jw","02:04:47.40","+00:50:06.0","0.02","Ic","1",""
"LSQ12bph","15:47:32.420,15:47:32.42","+23:04:46.38","0.045","Ic","1","2"
"LSQ12bqn","08:28:43.49","-09:04:25.0,-09:04:25.7","0.091","Ic?","1","1"
"LSQ12dyw","23:29:24.82","-07:23:20.4","0.09","Ic Pec","1",""
"LSQ12elq","20:32:15.46","+01:29:15.7","","Ic?","1",""
"LSQ12emi","05:00:13.78","-22:11:17.5","0.05","Ic","1","1"
"LSQ12ffm","05:15:58.54","+08:44:34.1","0.148","Ic?","1","1"
"LSQ12fnt","03:32:41.40","-01:11:11.0","0.019","Ic","1","1"
"LSQ12gbz","04:26:20.39","-10:06:12.8,-10:06:12.0","0.028","Ic","1",""
"LSQ12gkk","05:07:28.57","-23:51:16.7","0.059","Ic","1",""
"LSQ13abf","11:49:06.620,11:49:06.62","+19:10:10.71","0.02","Ic","1",""
"LSQ13bwg","23:55:45.10","-02:10:52.8","0.024","Ib/c","1","1"
"LSQ13der","04:46:39.95","-26:59:15.5","0.06","Ic","1",""
"LSQ14ayl","12:57:35.20","-14:36:31.7","0.055","Ic","1","1"
"LSQ14bef","14:27:41.77","-08:36:45.5","0.05","Ic BL","1","1"
"LSQ14ds","03:48:14.38","-27:00:46.4","0.057","Ic","1","1"
"LSQ14fig","21:00:58.84","-16:06:52.8","0.04","Ic","1","1"
"LSQ14ftp","00:19:05.67","-22:18:30.4","0.063","Ic","1","1"
"LSQ14fxj","02:39:12.61","+03:19:29.6","0.36","SLSN-I","1",""
"LSQ15cj","11:31:20.90","-04:02:42.2","0.054,0.034","Ic","1","1"
"MLS101113:033911+225352","03:39:10.59","+22:53:52.0","","Ic","1",""
"PS1-13abw","","","","Ic","1",""
"PS1-13djz","","","","Ic","1",""
"PSN J06120295-2149353","06:12:02.95","-21:49:35.3","0.0077","Ic","1",""
"PSN J11484578-2817312","11:48:45.78","-28:17:31.2","0.01","Ic BL","1","2"
"PSN J11534177-5406168","11:53:41.77","-54:06:16.8","0.022416","Ic","1","1"
"PSN J12393328+1525520","12:39:33.28","+15:25:52.0","0.072","Ic","1",""
"PSN J22081243+4110503","22:08:12.43","+41:10:50.3","0.018","Ic","1","1"
"PTF10aavz","11:20:13.36","+03:44:45.2","0.062","Ic BL","1",""
"PTF10acbu","14:00:46.92,14:00:47.12","+59:20:16.5,+59:20:17.0","0.009877","Ic","1",""
"PTF10qts","16:41:37.60","+28:58:21.1","0.0907","Ic BL","1","7"
"PTF10svt","03:37:17.83","-17:05:41.2","0.031","Ic","1",""
"PTF10vgv","22:16:01.17","+40:52:03.3","0.015","Ic BL","1","6"
"PTF11ixk","13:21:45.03","+31:14:04.6","0.021","Ic","1",""
"PTF11klg","22:07:09.92","+06:29:08.7","0.026522","Ic","1",""
"PTF13cbf","23:13:07.02","+14:17:53.6","0.039","Ic","1",""
"SN2010ac","13:58:24.35,13:58:24.350","-34:30:55.4,-34:30:55.40","0.0169","Ic","1",""
"SN2010ah","11:44:02.99,11:44:02.990","+55:41:27.6,+55:41:27.60","0.0498","Ic BL","1","2"
"SN2010ak","16:10:50.01,16:10:50.011","+17:58:36.1,+17:58:36.08","0.0365","Ic","1","1"
"SN2010do","13:57:28.11,13:57:28.109","+06:05:48.5,+06:05:48.52,+06:05:48.3","0.0146","Ic","1","1"
"SN2010eh","20:48:13.54,20:48:13.541","-05:48:13.0,-05:48:13.00","0.02,0.02","Ic","1",""
"SN2010gd","17:57:40.98,17:57:40.980","+27:49:48.1,+27:49:48.11","0.0235","Ic","1",""
"SN2010gk","14:02:35.94,14:02:35.940","+32:30:30.7,+32:30:30.71","0.0145","Ic","1","1"
"SN2010gr","02:33:58.96,02:33:58.961","+44:20:50.2,+44:20:50.21","0.0169","Ic","1","1"
"SN2010hc","19:55:08.24,19:55:08.2,19:55:08.239,19:55:08.16","-39:21:58.5,-39:21:59,-39:21:58.50,-39:21:58.32","0.020223","IIb","1",""
"SN2010ig","01:50:48.97,01:50:48.970","+32:32:58.9,+32:32:58.88","0.0378","Ib","1",""
"SN2010io","08:43:21.41,08:43:21.410,08:43:21.448","+45:44:18.0,+45:44:17.99,+45:44:18.08","0.0065,0.0079","Ic","1",""
"SN2010iq","21:54:23.25,21:54:23.251","+15:09:20.6,+15:09:20.59","0.0245","Ic","1",""
"SN2010jw","08:47:06.91,08:47:06.910","+28:14:17.4,+28:14:17.41","0.0212","Ic","1",""
"SN2010lz","01:50:21.32,01:50:21.319","-21:44:31.9,-21:44:31.88,-21:44:31.8","0.09,0.09","Ic","1",""
"SN2010Q","10:26:27.11,10:26:27.110","+39:01:50.9,+39:01:50.92","0.055,0.055","Ic","1",""
"SN2010R","12:17:10.49,12:17:10.490","+25:39:58.7,+25:39:58.72","0.078,0.078","Ia","1",""
"SN2011bh","07:45:13.62,07:45:13.620","+53:04:10.7,+53:04:10.70","0.0189","Ic","1",""
"SN2011bo","18:59:38.46,18:59:38.460,18:59:38.45","-41:45:55.8,-41:45:55.80,-41:45:55.7","0.0192","Ic","1",""
"SN2011ca","12:31:24.94,12:31:24.941,12:31:24.89","+29:07:50.6,+29:07:50.59,+29:07:50.0","0.0152","Ic","1",""
"SN2011cs","12:08:01.08,12:08:01.080","+49:13:33.0,+49:13:32.99","0.1,0.1","Ic","1",""
"SN2011ee","23:27:57.34,23:27:57.341","+08:46:38.1,+08:46:38.10,+08:46:38.0","0.03","Ic","1",""
"SN2011ep","17:03:41.78,17:03:41.779","+32:45:52.6,+32:45:52.60","0.28,0.28","Ic","1",""
"SN2011hp","12:16:25.47,12:16:25.471,12:16:25.46","-43:19:46.9,-43:19:46.88","0.0066","Ic","1",""
"SN2011ip","01:13:47.59,01:13:47.590","-12:41:06.0,-12:41:06.00","0.049","Ic","1","1"
"SN2011jl","10:43:02.95,10:43:02.950","-36:21:52.4,-36:21:52.42","0.01","Ic","1",""
"SN2011jm","12:54:51.10,12:54:51.1,12:54:51.101,12:54:51.09,12:54:51.12","+02:39:14.9,+02:39:15,+02:39:14.90,+02:39:14.8,+02:39:14.904","0.0031","Ic","1","1"
"SN2011N","05:51:35.18,05:51:35.179","-59:02:51.3,-59:02:51.29","0.0114","Ic","1",""
"SN2012aa","14:52:33.48,14:52:33.5,14:52:33.480","-03:31:54.0,-03:31:54,-03:31:54.01","0.0797","Ic","1","4"
"SN2012at","04:54:52.81,04:54:52.8,04:54:52.810,04:54:52.824","-37:19:16.1,-37:19:16,-37:19:16.10,-37:19:16.32","0.0078","Ic","1",""
"SN2012ba","15:22:25.12,15:22:25.121","-38:12:04.2,-38:12:04.21","0.017292","Ic","1",""
"SN2012bt","18:08:13.05,18:08:13.049","-62:23:54.2,-62:23:54.20,-62:23:54.3","0.0144","Ic","1",""
"SN2012bw","16:12:56.09,16:12:56.1,16:12:56.090,16:12:56.16","+32:30:42.3,+32:30:42,+32:30:42.30,+32:30:42.12","0.0309","Ic","1",""
"SN2012C","09:37:30.48,09:37:30.480","+32:50:31.5,+32:50:31.49","0.0145","Ic","1",""
"SN2012ej","06:26:51.01,06:26:51.010","+59:05:02.6,+59:05:02.62","0.0089","Ic","1",""
"SN2012F","00:33:19.54,00:33:19.541","+03:48:17.4,+03:48:17.39","0.03","Ib","1","1"
"SN2012fn","03:35:28.283,03:35:28.28,03:35:28.279","-27:36:21.63,-27:36:21.6,-27:36:21.60,-27:36:21.48","0.284,0.284","Ic","1",""
"SN2012gh","16:46:52.49,16:46:52.490,16:46:52","+56:51:05.4,+56:51:05.40,+56:51:05","0.07","Ic","1","1"
"SN2012gi","22:08:52.44,22:08:52.440","+40:20:24.0,+40:20:24.00","0.0242","Ic","1",""
"SN2012gu","03:52:40.680,03:52:40.68","-27:26:19.32,-27:26:19.3,-27:26:19.28","0.45,0.45","Ic","1",""
"SN2012hf","10:56:57.46,10:56:57.461","-14:17:37.8,-14:17:37.79","0.015497","Ic","1","1"
"SN2012im","20:57:53.92,20:57:53.9,20:57:53.921,20:57:54","-51:52:24.8,-51:52:25,-51:52:24.82,-51:52:24.96","0.016","Ic","1",""
"SN2012J","14:56:23.64,14:56:23.640","-37:36:18.0,-37:36:18.00","0.0092","Ib/c","1",""
"SN2012Q","06:46:26.64,06:46:26.640","-36:53:13.4,-36:53:13.42","0.031669","Ic","1",""
"SN2013bn","11:48:02.03,11:48:02.030,11:48:02.02","+54:34:38.6,+54:34:38.60,+54:34:38.5","0.0545","Ic BL","1","1"
"SN2013bv","08:41:21.28","+52:43:30.3","0.06","Ic","1",""
"SN2013co","12:55:50.51,12:55:50.510","+30:30:41.5,+30:30:41.51","0.049724","Ic","1",""
"SN2013hv","10:50:59.27,10:50:59.270","-23:39:29.4,-23:39:29.41","0.01327","Ic","1",""
"SN2013J","11:12:50.30,11:12:50.299","+28:04:19.7,+28:04:19.70","0.034","Ic","1","1"
"SN2014ar","11:40:58.90,11:40:58.901","-44:29:05.7,-44:29:05.71","0.010576","Ic","1",""
"SN2014as","14:00:54.49,14:00:54.490","+40:58:59.6,+40:58:59.59","0.012469","Ic BL","1","1"
"SN2014bl","13:25:38.81,13:25:38.810","+25:57:33.9,+25:57:33.91","0.0377","Ic","1","1"
"SN2014cp","02:25:30.46,02:25:30.461","-25:37:38.0,-25:37:37.99","0.016164","Ic BL","1","10"
"SN2014dj","00:57:40.18,00:57:40.181","+43:47:35.1,+43:47:34.19,+43:47:34.2,+43:47:43.2","0.018","Ic","1","3"
"ASASSN-15kj","01:58:11.53,01:58:11.592","-39:32:49.7,-39:32:49.2","0.018453","Ic","1",""
"ASASSN-15re","20:48:07.780,20:48:07.78,20:48:07.68","+16:23:01.33,+16:23:01.3,+16:23:01.32","0.030314","Ic Pec","1","1"
"ASASSN-15um","05:40:05.191,05:40:05.19,05:40:05.304","-80:22:22.63,-80:22:22.6,-80:22:23.16","0.02","Ic","1","1"
"ASASSN-18dj","06:00:58.930,06:00:58.907,06:00:58.92","-17:59:31.99,-17:59:33.03,-17:59:33","0.0221","Ic BL","1",""
"AT2018ecg","00:00:20.893,00:00:20.890","-36:28:48.02","0.104","Ic","1",""
"CSS150325:140426+514417","14:04:26.0,14:04:26.04","+51:44:17,+51:44:16.8","0.046","Ic","1","1"
"LSQ15hj","10:11:36.25","-04:40:43.3","0.065","II","1","1"
"OGLE16eun","02:55:14.52","-68:07:43.9","0.057","Ic","1","1"
"PSN J05521661+4650211","05:52:16.61","+46:50:21.1","0.0224","Ic?","1","1"
"SN2015ag","00:42:21.86,00:42:21.859","+29:38:41.5,+29:38:41.50","0.0162","Ic","1","1"
"SN2015av","20:29:36.45,20:29:36.451","-43:50:27.7,-43:50:27.71","0.023","Ic","1","1"
"SN2015bb","14:51:37.83,14:51:37.829,14:51:37.00","+40:35:51.4,+40:35:51.40,+40:35:51.0","0.016345","Ib/c","1",""
"SN2016gsk","20:41:09.964,20:41:09.960","-05:05:58.25","0.021,0.021","Ic","1","1"
"SN2016jca","06:06:51.430,06:06:52.08","-26:47:29.50,-26:48:03.6","0.1475,0.1475,0.1475","Ic BL","1",""
"SN2016P","13:57:31.13,13:57:31.100,13:57:31.10","+06:05:51.6,+06:05:51.00,+06:05:51.0","0.014617","Ic","1","1"
"SN2017fgk","17:47:49.194,17:47:49.190","+16:08:05.18","0.034","Ic BL","1",""
"SN2017gat","23:53:17.033,23:53:17.032,23:53:16.8,23:53:17.04","-32:46:32.84,-32:46:32.83,-32:46:33.96,-32:46:32.88","0.0231,0.0231","Ic","1","1"
"SN2017gbv","03:42:01.370,03:42:01.371,03:42:01.368","-39:19:54.95,-39:19:56.11,-39:19:56.28","0.041635,0.041635","Ic","1","1"
"SN2017hrg","03:02:07.725,03:02:07.730","-11:22:00.55","0.045,0.045","Ic","1","1"
"SN2017htp","04:26:19.460","-10:27:45.90","0.328,0.328,0.328","Ic BL","1",""
"SN2017ixv","19:21:31.240,19:21:31.24","+61:08:51.76","0.007302,0.007302","Ic BL","1","1"
"SN2018abo","11:51:59.918,11:51:59.839,11:51:59.76","+09:42:12.38,+09:42:11.21,+09:42:11.196","0.050822,0.050822","Ic","1","1"
"SN2018bf","22:57:46.609,22:57:46.610","+25:38:33.56","0.025,0.025","Ic","1","1"
"SN2018bjp","11:43:33.637,11:43:33.640","-23:34:47.73","0.07,0.07","Ic","1","1"
"SN2018ebq","21:42:26.448,21:42:26.450","+11:47:05.56","0.04,0.04","Ic","1","1"
"SN2018ec","10:27:50.770","-43:54:06.30","0.009354,0.009354","Ic","1","1"
"SN2018fav","00:45:58.418,00:45:58.582,00:45:58.584","-21:56:44.66,-21:56:44.34,-21:56:44.52","0.037923,0.037923","Ic","1","1"
"SN2018gep","16:43:48.222,16:43:48.220","+41:02:43.37","0.032,0.033,0.033","Ic BL","1","1"
"SN2018giu","20:27:49.216,20:27:49.220","+09:54:51.90","0.026,0.026","Ic BL","1","1"
"SN2018gju","00:08:11.786,00:08:11.790","-04:17:06.81","0.05,0.05","Ic BL","1","1"
"SN2018lei","02:33:34.402,02:33:34.333,02:33:34.344","-39:02:45.24,-39:02:42.41,-39:02:42.36","0.006585,0.006585","Ic","1","1"
"SN2019bkc","10:00:22.544","-03:01:12.64","0.04","Ic","1","1"
"SN2019eto","09:49:50.515,09:49:50.634,09:49:50.64","+12:41:44.20,+12:41:43.12,+12:41:43.44","0.029921","Ic BL","1","1"
"SN2019lrb","13:07:02.794,13:07:03.12","+13:04:27.88,+13:04:29.64","0.027439,0.027439,0.027439","Ic","1","1"
"SN1988L","14:06:21.9,14:06:21.84,00:00:00.000,14:06:21.93","+50:43:47,+50:43:47.28,+50:43:40.0,+50:43:44.8","0.00637,0.0063","Ib","1","7"
"SN2006fe","20:52:09.10,20:52:09.12,20:52:09.16,20:52:09.161","-00:30:39.3,-00:30:39.96,-00:30:40.0752,-00:30:40.3704,-00:30:40.0,-00:30:40.00","0.070498","Ic","0","1"
"MLS121104:021643+204009","02:16:43.0,02:16:42.55,02:16:42.552","+20:40:09,+20:40:09.0,+20:40:09.12","0.303","Ic","0",""
"SN1995bb","00:16:17.64,00:16:17.640","+12:24:53.4,+12:24:53.39","0.0058,0.0058","Ib/c","","5"
"ESSENCEg004","01:15:06.214","+00:23:38.571","","Ic","","1"
"ESSENCEy173","02:35:34.821","-08:19:07.016","0.4078","Ic?","","2"
"GRB 080319B","14:31:40.98,14:31:40.56","+36:18:08.8,+36:18:00.0","0.937","Ic","",""
"PTF09dzt","16:03:04.20","+21:01:47.2","0.087","Ic","",""
"PTF09iqd","02:35:23.23","+40:17:08.7","","Ic","",""
"PTF09sk","13:30:51.15","+30:20:04.9","0.035","Ic BL","",""
"LSQ14fyb","23:35:16.650,23:35:16.65","-23:41:36.12","0.041","Ic","",""
"PS1-10ahq","22:14:04.1,22:14:04.08,22:14:04.155","+01:06:30,+01:06:30.24,+01:06:30.34","0.283,0.283","Ic","",""
"PS1-10biv","03:37:52.784","-27:03:29.54","0.285","Ic","",""
"PS1-10ih","14:12:11.638,14:12:11.636","+53:27:47.43,+53:27:47.48","0.116","Ic","",""
"PS1-10kn","14:18:54.902,14:18:54.904","+53:59:57.07,+53:59:57.08","0.156","Ic","",""
"PS1-11aoa","23:32:29.697","-01:09:09.24","","Ic","",""
"PS1-11app","02:23:54.376","-04:47:43.87","0.0445","Ic","",""
"PS1-11ava","23:26:40.089","-00:50:26.80","0.083","Ic","",""
"PS1-11azj","23:31:13.968","-00:44:58.65","0.149","Ic","",""
"PS1-11azy","08:42:30.711","+42:57:15.46","0.233","Ic","",""
"PS1-11bdy","03:30:59.296","-28:09:57.56","0.078","Ic","",""
"PS1-11jk","12:21:02.526","+47:37:51.52","0.059","Ic","",""
"PSN 2025-2449","","","0.00797","Ic","","4"
"PSN J1148","","","0.01","Ic BL","","1"
"PSN J2025","","","0.010614","Ic","","4"
"PSN J223202","","","","Ic","","1"
"PTF10bhu","12:55:28.44","+53:34:28.7","0.036","Ic","",""
"PTF10bip","12:34:10.52","+08:21:48.5","0.051","Ic","",""
"PTF10gvb","12:15:32.278","+40:18:09.48","0.098","Ic","","3"
"PTF10osn","23:23:07.982","+17:30:29.23","0.038","Ic","","1"
"PTF11mnb","","","0.0603","Ic","","5"
"PTF14dby","15:17:06.29","+25:21:11.4","","Ic BL","",""
"SN2010ma","00:48:55.35,00:48:55.351,00:49:02.16","-34:33:59.5,-34:33:59.51,-34:33:21.6","0.55185","Ic BL","","7"
"SN2013dx","14:29:14.78,14:29:14.779","+15:46:26.4,+15:46:26.40","0.145,0.145,0.145","Ic BL","","16"
"SN2013ez","02:53:56.70,02:54:00.7,02:54:00.701,02:54:00.70,02:53:56.64","+13:23:13.6,+13:23:43.7,+13:23:43.69,+13:23:13.2","0.597,0.597","Ic BL","","1"
"SN2014ft","23:33:27.953,23:33:27.950","+33:38:46.14","0.063,0.063,0.063","Ic","",""
"PS15ckn","10:13:29.31","-10:00:06.1","0.08","Ic","",""
"SMT J13254308-2932269","13:25:43.07","-29:32:26.9","0.04","Ic","","1"
"SN2018fip","16:54:15.750","-54:02:39.27","0.117,0.117","Ic BL","",""