,ID,hostRa,hostDec,offby,hectoZ,redshift_dif,KronRad (kpc)_3,separation (kpc)_3,area (kpc^2)_3,sep/sqrt(area) (kpc)_3,x_3,y_3,KronMag_3,Abs. Mag_3,Angle_3,Ellipticity_3,RA_3,DEC_3,Discrepency (arcsecs)_3,pixelRank_3,redshift_3,chanceCoincidence_3,host_found_3,KronRad (kpc)_4,separation (kpc)_4,area (kpc^2)_4,sep/sqrt(area) (kpc)_4,x_4,y_4,KronMag_4,Abs. Mag_4,Angle_4,Ellipticity_4,RA_4,DEC_4,Discrepency (arcsecs)_4,pixelRank_4,redshift_4,chanceCoincidence_4,host_found_4,KronRad (kpc)_5,separation (kpc)_5,area (kpc^2)_5,sep/sqrt(area) (kpc)_5,x_5,y_5,KronMag_5,Abs. Mag_5,Angle_5,Ellipticity_5,RA_5,DEC_5,Discrepency (arcsecs)_5,pixelRank_5,redshift_5,chanceCoincidence_5,host_found_5,KronRad (kpc)_6,separation (kpc)_6,area (kpc^2)_6,sep/sqrt(area) (kpc)_6,x_6,y_6,KronMag_6,Abs. Mag_6,Angle_6,Ellipticity_6,RA_6,DEC_6,Discrepency (arcsecs)_6,pixelRank_6,redshift_6,chanceCoincidence_6,host_found_6
0,1,0.0,0.0,,0,-1.0,0.7023039074089874,5.630582811061034,935.1814509575046,0.18412188315910896,-7.1755280498859975,6.4946251011644165,18.411620449588387,-20.382310054402094,1.0979223251342773,0.17574680000459053,52.45363515676239,-29.0745269683576,-29.0745269683576,0.8438405797101449,0.126,0.011300084644948583,1,0.7381168462345703,5.695252944045561,941.9581281383561,0.1855654923429073,-7.259498105813293,6.567499481838368,17.88247215523288,-20.911458348757602,1.0475431680679321,0.1842643079062204,52.45364185681879,-29.074521942419185,-29.074521942419185,0.8586330935251798,0.126,0.007263022470423985,1,0.7292622620628494,5.510867409683291,1034.1209377979362,0.1713698025878296,-7.228582392823341,6.12159073680796,17.59584419159184,-21.19808631239864,1.0446020364761353,0.18668178036392458,52.45363921488178,-29.07455287924942,-29.07455287924942,0.8876146788990825,0.126,0.005634168872346357,1,0.6774042385573156,5.697392810735084,918.5785918644184,0.1879827520743133,-7.493825200043801,6.304395635756748,17.37798586675482,-21.41594463723566,0.9693301916122437,0.1978316794260948,52.45366035907417,-29.074540292495964,-29.074540292495964,0.8045001844337882,0.126,0.004751288781658092,1
1,6,0.0,0.0,,0,-1.0,1.2805225933065385,1.1104127435384525,220.16453445518403,0.07483603279585262,0.4365549852595052,-1.0845117660231978,21.46832287099849,-18.678902693089114,-1.4029046297073364,0.2828138699988827,53.36641573311636,-28.3715975942179,-28.3715975942179,0.9877049180327869,0.2308,0.01056515852325357,1,1.388726384270734,0.8819926626278789,310.3959010351775,0.05006186024191439,0.36421218059395244,-0.8541829937232137,20.258575488858202,-19.888650075229403,-1.273600459098816,0.27795272533628024,53.366421402923166,-28.371581589828843,-28.371581589828843,0.9854651162790697,0.2308,0.004129485178958947,1,1.2513417865687948,0.987009010873271,455.66840122896696,0.046237746651956436,0.36690349032389236,-0.9722288648028439,19.74499213721467,-20.402233426872936,-1.2504256963729858,0.2950166361539286,53.36642121073108,-28.371589786967494,-28.371589786967494,0.9881188118811881,0.2308,0.002634339716962586,1,1.3321031822122062,1.0098369051482305,393.4087582887715,0.05091306306407327,0.37217192217285344,-0.995923405076752,19.36131892622972,-20.785906637857885,-1.2712730169296265,0.25593365608200813,53.36642079900663,-28.37159143304854,-28.37159143304854,0.9862385321100917,0.2308,0.001961855883677366,1
2,10,0.0,0.0,,0,-1.0,15.131172814403966,8.679442096001358,751.2748905412126,0.3166593917369086,-8.734390710792397,0.49252284705714544,15.131172814403966,-25.385085490861854,-0.02405473217368126,0.2739448116621177,149.74960320829754,3.1575648948176145,3.1575648948176145,0.7968545216251638,0.2447,0.0077626040297623655,0,4.634686691907201,8.646967137708875,883.2156970058554,0.2909580778449116,-8.692288362616182,0.6360099288207408,12.874387323650645,-27.404209257743585,0.023074006661772728,0.26498189415041784,149.74960027886857,3.157574855616743,3.157574855616743,0.8606465997770345,0.2447,0.0016470444224985226,1,4.120329857169619,8.679442096001358,751.2748905412126,0.3166593917369086,-8.734390710792397,0.49252284705714544,12.502942331428354,-27.775654249965875,-0.02405473217368126,0.2739448116621177,149.74960320829754,3.1575648948176145,3.1575648948176145,0.7968545216251638,0.2447,0.001057189430806793,1,4.61780704365373,8.56676497306177,952.1399988903703,0.2776300346558547,-8.623337723464388,0.4427831342528208,12.437778010059741,-27.840818571334488,0.034103743731975555,0.2742880514438637,149.74959548636468,3.1575614398122838,3.1575614398122838,0.8097207859358841,0.2447,0.0012165515934536852,1
3,11,0.0,0.0,,0,0.04814099999999999,2.682149376520379,9.697250612217088,22.60038280374025,2.0398147218641363,0.0,0.0,26.0,-15.268783546045208,-0.03614803031086922,0.2496693122314013,149.97591666666662,2.4118999999999997,,0.8463302752293578,0.22,1.0,0,2.682149376520379,9.697250612217088,22.60038280374025,2.0398147218641363,0.0,0.0,26.0,-15.268783546045208,-0.03614803031086922,0.2496693122314013,149.97591666666662,2.4118999999999997,,0.8463302752293578,0.22,1.0,0,2.682149376520379,9.697250612217088,22.60038280374025,2.0398147218641363,0.0,0.0,26.0,-15.268783546045208,-0.03614803031086922,0.2496693122314013,149.97591666666662,2.4118999999999997,,0.8463302752293578,0.22,1.0,0,2.682149376520379,9.697250612217088,22.60038280374025,2.0398147218641363,0.0,0.0,26.0,-15.268783546045208,-0.03614803031086922,0.2496693122314013,149.97591666666662,2.4118999999999997,,0.8463302752293578,0.22,1.0,0
4,34,0.0,0.0,,0,-1.0,2.2189681875056255,4.943735030747094,35.56875064358028,0.8289357696864127,-0.2268948136764095,-4.900501093655848,23.996041584047745,-16.330710499604525,1.0473101139068604,0.5808836353021383,36.06645336247823,-3.1868763016803303,-3.1868763016803303,0.0,0.25,0.05554833947407345,1,2.211034239767516,3.725773446823496,72.15375130554858,0.43861854067172423,0.03165229584273277,-3.697025704492816,22.847228151283463,-17.479523932368807,1.061599612236023,0.38789461829606353,36.06643536258153,-3.1867927595721324,-3.1867927595721324,0.014084507042253521,0.25,0.02838390366553789,1,1.8695044010752484,4.042508308709138,59.95875108489248,0.5220650645509042,0.23880773705542424,-4.0043594047863,22.835277056033053,-17.491475027619217,0.8397386074066162,0.292211032475729,36.066420962438606,-3.18681409739493,-3.18681409739493,0.22033898305084745,0.25,0.021741188887516416,1,0.0,4.407447380824666,53.86125097456443,0.6005496498095424,-0.1566091912450105,-4.370782402627157,inf,inf,0.725254476070404,0.30946623876289425,36.06644846574645,-3.186839529435025,-3.186839529435025,0.0,0.25,1.0,1
5,76,0.0,0.0,,0,-1.0,1.5815720687768273,9.943261200443304,1192.409946024994,0.28794931726820594,-9.19462314337558,2.7196367054469732,19.191307458509343,-21.223611773519213,1.177566647529602,0.10211727840468976,129.26165826897613,43.738212932722796,43.738212932722796,0.7120938628158845,0.26,0.007678597847113777,1,1.3384291601989677,10.768633657510755,1881.1665935484564,0.24828299403388723,-10.163195103285716,2.1311477873777562,18.214888327349325,-22.20003090467923,0.9305896162986755,0.18959858047312061,129.2617522386935,43.73817316001281,43.73817316001281,0.8283752860411899,0.26,0.003553043841990844,1,1.3221674114954658,10.815085844243946,2423.562453473183,0.21968624370214487,-10.211561304574616,2.118630872862994,17.77796971191794,-22.636949520110615,0.8555604815483093,0.16400556550981127,129.2617569048299,43.73817234500366,43.73817234500366,0.8725577264653641,0.26,0.0024038099074205066,1,1.4362571294179793,10.488533262198132,1708.9774316675907,0.25371526401649214,-9.71873422848418,2.800619886001442,17.46753266746893,-22.947386564559626,-0.23182322084903717,0.07021816838938733,129.2617084950783,43.73821913855392,43.73821913855392,0.8268261964735516,0.26,0.001754932808696763,1
6,91,0.0,0.0,,0,0.028943999999999998,1.3638499689876595,4.930968820198873,5.843634830850444,2.0398147218641363,0.0,0.0,26.0,-13.212002175583999,-0.03614803031086922,0.2496693122314013,129.32890416666666,44.333733333333335,,0.8463302752293578,0.22,1.0,0,1.3638499689876595,4.930968820198873,5.843634830850444,2.0398147218641363,0.0,0.0,26.0,-13.212002175583999,-0.03614803031086922,0.2496693122314013,129.32890416666666,44.333733333333335,,0.8463302752293578,0.22,1.0,0,1.3638499689876595,4.930968820198873,5.843634830850444,2.0398147218641363,0.0,0.0,26.0,-13.212002175583999,-0.03614803031086922,0.2496693122314013,129.32890416666666,44.333733333333335,,0.8463302752293578,0.22,1.0,0,1.3638499689876595,4.930968820198873,5.843634830850444,2.0398147218641363,0.0,0.0,26.0,-13.212002175583999,-0.03614803031086922,0.2496693122314013,129.32890416666666,44.333733333333335,,0.8463302752293578,0.22,1.0,0
7,98,0.0,0.0,,0,-1.0,0.39852997520116384,1.390829146245753,125.00443789658601,0.12439733241335232,3.7646541336158776,3.09968097884817,18.09743263534794,-18.941890879076126,1.233594536781311,0.3420963464517791,184.90601062670828,46.032445425769836,46.032445425769836,0.939453125,0.057,0.003573572577553752,1,0.3911266027697014,1.4197425509511548,139.08371377946972,0.12038474562542135,3.760914088557115,3.2611955427868793,17.586747262606995,-19.45257625181707,1.237289547920227,0.33988931781153076,184.9060109813332,46.03245663833239,46.03245663833239,0.9526038619075483,0.057,0.002435057431594556,1,0.3932369745914342,1.4186524808956689,159.3481050791116,0.11238350435936849,3.825693088379751,3.1789505948520684,17.29336562627833,-19.745957888145735,1.241613507270813,0.3459458143440419,184.90600451268713,46.03245092362093,46.03245092362093,0.9647599591419816,0.057,0.0019221935517125255,1,0.4016888350481244,1.4643598905820212,142.09488839025988,0.12284531471019022,3.8907665769391997,3.350183572987902,17.065503322847874,-19.97382019157619,1.240356683731079,0.3445459935289158,184.90599798411526,46.03246280518914,46.03246280518914,0.9553264604810997,0.057,0.001624657882483893,1
8,133,0.0,0.0,,0,-1.0,1.2763439345031755,2.5601141112195456,768.6850611947758,0.092338986383975,-2.5858055983053134,0.0045430243373232315,19.25378650267627,-21.018372865641794,1.1744567155838013,0.4168056458438858,160.71855990141975,58.03283961297149,58.03283961297149,0.9311224489795918,0.244,0.003141166639698656,1,1.2200652598249797,2.9145671090154868,1000.0749520646318,0.09216325073076644,-2.863968678976107,-0.6809332878676457,17.995142363248217,-22.277017005069847,1.1627262830734253,0.40207480344062296,160.71859797323762,58.03279236361866,58.03279236361866,0.9362745098039216,0.244,0.0009044956448106545,1,1.1517659083492497,2.982542493454698,1324.6090786659977,0.08194883355795243,-2.8393460249218236,-1.0064609153052118,17.474154920570413,-22.79800444774765,1.2359392642974854,0.35945961437340035,160.71859550241876,58.0327697321579,58.0327697321579,0.9511472982975574,0.244,0.0005254117416639836,1,1.1480900271671335,3.0684879928756947,1133.4182790065827,0.09114425974275688,-2.92030690952339,-1.037880939207085,17.117612849995776,-23.154546518322288,1.1930878162384033,0.37818277608325845,160.71860619202062,58.03276765043972,58.03276765043972,0.9394463667820069,0.244,0.0003621750960794978,1
9,137,multiple,multiple,,multiple,-1.0,0.7609363330182152,0.5909133624262771,585.3604113517584,0.02442373826633999,0.46082632872753493,-0.9678212691642472,18.32110143350198,-20.332400107692514,1.014798879623413,0.12453796140659257,161.15920801695202,57.81105466163949,57.81105466163949,0.9979231568016614,0.11829,0.0018851738295861953,1,0.6914420144072546,0.5587906033431135,786.8629828606971,0.019920467985175612,0.5542685877223903,-0.848706381714436,17.417691724479212,-21.235809816715282,1.0917805433273315,0.10534255789786073,161.15919566301255,57.8110628599688,57.8110628599688,0.9988412514484357,0.11829,0.0008204778498779319,1,0.6473440325311115,0.6619450968676108,1057.3566308892875,0.020356880303559564,0.6890192582517329,-0.9834390891015659,17.008275040028707,-21.645226501165787,1.2493301630020142,0.11338119846408135,161.15917829625593,57.811053399822235,57.811053399822235,0.999137683242311,0.11829,0.0005766912535928315,1,0.6677515393885701,0.6572261376800993,868.3150027164974,0.022303661973749042,0.7028426174618971,-0.9630308481753218,16.614714722502267,-22.038786818692227,1.2721210718154907,0.10100100148718594,161.1591764645995,57.81105480616074,57.81105480616074,0.9989499474973749,0.11829,0.00041440421549843176,1
10,142,0.0,0.0,,0,-1.0,2.479735231112156,12.933382380525137,388.2513021010001,0.6563804803539763,-8.519655522313357,2.503028441825961,21.980751362822296,-19.596987084394318,-0.18985481560230255,0.4289046941317205,162.31037898886362,58.46740090790996,58.46740090790996,0.46994535519125685,0.436,0.03200886227201338,1,2.3026634611802193,13.136229631435382,700.1252988706559,0.496458380360969,-8.728381907849766,2.2710433189260613,20.418842289337828,-21.158896157878786,-0.29773271083831787,0.41741915392524986,162.3104065236413,58.46738471411278,58.46738471411278,0.603030303030303,0.436,0.00938468333624043,1,1.932574329859368,12.58122431463224,1050.1879483059838,0.3882302669334841,-8.364653313699023,2.1556055466934936,19.79807567385363,-21.779662773362983,-0.26801788806915283,0.388405533007375,162.3103581391319,58.46737684596088,58.46737684596088,0.7656565656565657,0.436,0.0050094504102476956,1,2.064782215006759,12.54634500583524,738.3139515363281,0.4617391384313959,-8.32607788083834,2.2084794744147445,19.414341915382412,-22.163396531834202,-0.30566781759262085,0.3761387880584781,162.3103530580725,58.467380533184766,58.467380533184766,0.6752873563218391,0.436,0.0036082107600011737,1
11,190,0.0,0.0,,0,-1.0,15.131172814403966,2.062053784013426,316.99007964057455,0.115818291253037,2.26169247401873,3.651920857317748,15.131172814403966,-23.275983377270123,-1.5304878950119019,0.6422116023117165,148.98831352576914,2.2637173451659036,2.2637173451659036,0.9323636363636364,0.101,0.0008575682797645756,0,1.0149731683968046,2.062053784013426,316.99007964057455,0.115818291253037,2.26169247401873,3.651920857317748,18.653192048827,-19.64949584541771,-1.5304878950119019,0.6422116023117165,148.98831352576914,2.2637173451659036,2.2637173451659036,0.9323636363636364,0.101,0.01238845739961636,1,1.30250656083964,3.7880893156537314,486.6662240881839,0.1717135659329902,0.03628222892579913,7.890641202100909,17.41658098423477,-20.886106910009943,-1.3735711574554443,0.6860799951306528,148.9884679409765,2.264011762269286,2.264011762269286,0.9289436286120322,0.101,0.04932609980498315,1,1.0272105149638824,2.3938012961626094,310.99608540737097,0.13574087255816525,2.109392721553874,4.5184212109148945,18.462055154932855,-19.840632739311857,-1.5409356355667114,0.6337613157792185,148.98832406628748,2.263777516723422,2.263777516723422,0.9236471460340994,0.101,0.017468693137407287,1
12,196,0.0,0.0,,0,-1.0,1.72127403066105,6.0086218262158075,166.91960064665886,0.46507308076440823,-3.406205142393631,-3.3975625937873275,22.453273905804945,-18.56524655014948,0.11723292618989944,0.23717837258386743,150.11530760907795,2.6937973871403167,2.6937973871403167,0.45794392523364486,0.34,0.01904771448671072,1,1.4720888397772436,6.1850052580715325,219.9594737493355,0.41703138192515254,-3.554497911674062,-3.448190179462273,21.732179940608784,-19.286340515345643,0.22024235129356384,0.11544058450359829,150.11531791788298,2.6937938706298814,2.6937938706298814,0.7021276595744681,0.34,0.011041675435602083,1,1.4578320674563308,5.984771688330198,238.6794289620449,0.38738258439621154,-3.507972917863711,-3.2644074216789107,21.56418150247111,-19.454338953483315,0.06617351621389389,0.12914915581643394,150.11531468452668,2.693806632653505,2.693806632653505,0.7254901960784313,0.34,0.009471124191515745,1,1.3935702536012697,6.058944163994347,184.07955959164246,0.44657475329604257,-3.4696047262171845,-3.390693974828068,21.31793445159197,-19.700586004362457,0.1911005675792694,0.1133147271126086,150.11531201655285,2.693797863674951,2.693797863674951,0.5,0.34,0.007288112895760812,1
13,199,0.0,0.0,,0,0.208012,2.637684100117542,9.53648740767879,21.85724576583125,2.0398147218641363,0.0,0.0,26.0,-15.208793752462707,-0.03614803031086922,0.2496693122314013,151.23139999999998,2.5909194444444448,,0.8463302752293578,0.22,1.0,0,2.637684100117542,9.53648740767879,21.85724576583125,2.0398147218641363,0.0,0.0,26.0,-15.208793752462707,-0.03614803031086922,0.2496693122314013,151.23139999999998,2.5909194444444448,,0.8463302752293578,0.22,1.0,0,2.637684100117542,9.53648740767879,21.85724576583125,2.0398147218641363,0.0,0.0,26.0,-15.208793752462707,-0.03614803031086922,0.2496693122314013,151.23139999999998,2.5909194444444448,,0.8463302752293578,0.22,1.0,0,2.637684100117542,9.53648740767879,21.85724576583125,2.0398147218641363,0.0,0.0,26.0,-15.208793752462707,-0.03614803031086922,0.2496693122314013,151.23139999999998,2.5909194444444448,,0.8463302752293578,0.22,1.0,0
14,202,0.0,0.0,,0,-1.0,3.487297067013122,12.608243938280486,38.2056648613687,2.0398147218641363,0.0,0.0,26.0,-16.357059193833543,-0.03614803031086922,0.2496693122314013,150.53914583333332,1.8991694444444445,,0.8463302752293578,0.22,1.0,0,3.487297067013122,12.608243938280486,38.2056648613687,2.0398147218641363,0.0,0.0,26.0,-16.357059193833543,-0.03614803031086922,0.2496693122314013,150.53914583333332,1.8991694444444445,,0.8463302752293578,0.22,1.0,0,3.487297067013122,12.608243938280486,38.2056648613687,2.0398147218641363,0.0,0.0,26.0,-16.357059193833543,-0.03614803031086922,0.2496693122314013,150.53914583333332,1.8991694444444445,,0.8463302752293578,0.22,1.0,0,3.487297067013122,12.608243938280486,38.2056648613687,2.0398147218641363,0.0,0.0,26.0,-16.357059193833543,-0.03614803031086922,0.2496693122314013,150.53914583333332,1.8991694444444445,,0.8463302752293578,0.22,1.0,0
15,215,0.0,0.0,,0,-1.0,15.131172814403966,1.0831785895787043,54.12191058822759,0.14723582945767613,0.4611217927231479,-0.5551020705437537,15.131172814403966,-26.977686007782005,0.7875493168830872,0.05077385179652438,150.8098970858526,3.144186490383469,3.144186490383469,0.9583333333333334,0.46,6.717978386694412e-06,0,2.97695292591165,0.8874273166335104,36.08127372548506,0.1477378800130254,0.47891623273295636,-0.3466742707336721,24.324165492887847,-17.37381118983703,-0.8256442546844482,0.34632068734915555,150.8098958565434,3.1442009601184497,3.1442009601184497,0.0,0.46,0.03404368081317788,1,0.8616666752695021,1.0831785895787043,54.12191058822759,0.14723582945767613,0.4611217927231479,-0.5551020705437537,25.201645429049954,-16.496331253674924,0.7875493168830872,0.05077385179652438,150.8098970858526,3.144186490383469,3.144186490383469,0.9583333333333334,0.46,0.014041996198921991,1,14.122107065623625,1.0831785895787043,54.12191058822759,0.14723582945767613,0.4611217927231479,-0.5551020705437537,14.122107065623625,-27.98675175656235,0.7875493168830872,0.05077385179652438,150.8098970858526,3.144186490383469,3.144186490383469,0.9583333333333334,0.46,3.1206688529961113e-06,0
16,218,0.0,0.0,,0,-1.0,0.5791256082271137,7.320113737817466,423.51335268067015,0.3557003359089359,-0.07729819978709429,-16.410193573088222,17.95563160850488,-20.164194219988705,0.9609401822090149,0.2647067173319563,148.8790020564996,1.482521913506598,1.482521913506598,0.609308885754584,0.093,0.006895073805212815,1,0.5756402905096054,7.31894773053105,452.1856247944532,0.34418367679104434,-0.32964309199292074,-16.404388870256696,17.44066976837395,-20.679156060119634,0.9674813747406006,0.273061014314087,148.87901957793608,1.4825223253380209,1.4825223253380209,0.6684280052840158,0.093,0.004525755167516632,1,0.5685135295989766,7.318490501225331,485.2383829256197,0.3322338968078386,-0.41563864211506996,-16.40138932975991,17.10974136197133,-21.010084466522255,0.9867920875549316,0.26816471086240945,148.8790255489392,1.4825225365887766,1.4825225365887766,0.6700861715223636,0.093,0.0034061191858374418,1,0.5781226788133674,7.395214240192415,431.07964671069624,0.3561820268615507,-0.48471540726656315,-16.57155211665328,17.10185932730968,-21.017966501183906,0.9190611839294434,0.28537275309619614,148.8790303542064,1.4825107262697017,1.4825107262697017,0.5926096997690531,0.093,0.00338792919918951,1
17,220,0.0,0.0,,0,-1.0,1.2663221529359532,17.68176956859685,1075.704590368327,0.5391122690134807,19.286440341174853,0.8539115258110712,19.169985969065202,-20.869650822728776,-0.19642727077007294,0.1724606978729759,150.53541351493527,2.718623775161655,2.718623775161655,0.0,0.22,0.013989208535969078,1,1.2337646494577574,17.84748965869296,1527.9704048835597,0.4565829268357071,19.447003065614496,1.2359661997886349,18.043989660771935,-21.995647131022043,-0.0311705581843853,0.14269992592431735,150.5354023631404,2.718650308346313,2.718650308346313,0.2641405820977485,0.22,0.0058655802227302045,1,1.1569871160998235,18.044567001870266,2005.4087137131837,0.40294429968916945,19.666048922223922,1.1800048457712933,17.49998990624666,-22.539646885547317,-0.12326923757791519,0.14335886752064841,150.53538713503912,2.718646429370535,2.718646429370535,0.499581589958159,0.22,0.0037481690317169303,1,1.1582030812690818,17.87834513318294,1626.9822158534994,0.4432369053278848,19.484060828739075,1.1828607861247917,17.27421638519339,-22.765420406600587,-0.17101415991783142,0.11408095280672204,150.5353997857909,2.718646622073957,2.718646622073957,0.3073749355337803,0.22,0.0030317186293955523,1
18,236,0.0,0.0,,0,-1.0,1.1149587447189246,9.428075403111949,535.1835242677005,0.4075413499345596,-10.702368188356104,-3.6367887073297993,19.45463911107213,-20.31448673680345,0.4067343473434448,0.09452621819038542,131.58120498987523,44.07278856793321,44.07278856793321,0.58777633289987,0.195,0.00740858592420246,1,1.0673554679277033,9.354901133090467,619.3931555243868,0.3758858705901323,-10.655282408665258,-3.500898413199536,18.61209009443375,-21.15703575344183,0.2891708314418793,0.10884168892275914,131.5812005981425,44.072798042443715,44.072798042443715,0.6460674157303371,0.195,0.0038508628058067096,1,1.0588790727171375,9.274373897830438,721.6974182907743,0.34522880479513546,-10.555091787404194,-3.4964355118266184,18.166345608351346,-21.602780239524233,0.42190906405448914,0.09925590334909151,131.5811909214113,44.07279843585809,44.07279843585809,0.7232401157184185,0.195,0.0025515234976026813,1,1.0530465999770438,9.223791817133394,643.7513133259076,0.3635385144940215,-10.503474569081405,-3.459352745225857,17.95580474824284,-21.813321099632738,0.35562005639076233,0.0917143254327315,131.58118597660138,44.07280105365968,44.07280105365968,0.6908108108108109,0.195,0.002168959914797264,1
19,248,0.0,0.0,,0,-1.0,1.0934167574696356,0.562332383628199,751.9625881839692,0.020506662196287773,-0.043338960136338756,-0.7079073819344472,18.66968113064231,-20.95720084582289,0.7608675956726074,0.26595198226332306,34.94398212045623,-3.2029574733969484,-3.2029574733969484,0.999163179916318,0.183,0.0021140474886729432,1,0.9883247259499007,0.7285653037658776,982.2707951089337,0.02324624813496371,-0.13774583139871766,-0.9085317958275567,17.87689539223411,-21.749986584231088,0.7724109292030334,0.26154360866924786,34.94398866712257,-3.202971405107639,-3.202971405107639,0.9993593850096092,0.183,0.0008862223039378669,1,0.9351987930049218,0.7363529465458927,1125.7414813900593,0.021946572010230852,-0.07527150399724292,-0.9256634332848677,17.346198642222333,-22.280683334242866,0.800117552280426,0.24705699819504856,34.94398432227538,-3.2029725903128945,-3.2029725903128945,0.9994410285075461,0.183,0.0005145970431781333,1,0.9434040769894293,0.6708994548037635,965.9101028137177,0.021586840601648186,0.05332474733287995,-0.8444481990979398,17.07875072092188,-22.548131255543318,0.8021629452705383,0.2495075311242656,34.94397538865739,-3.2029669448883973,-3.2029669448883973,0.9993485342019544,0.183,0.000385186516658087,1
20,10010,0.0,0.0,,0,-1.0,0.6304307109676948,9.147778051897502,268.39778188314887,0.5583752472643492,15.780473032015749,-11.457926631004142,18.657337441185902,-19.587759756351943,-0.43913307785987854,0.6450212289389392,150.85755814090922,1.0286244712237511,1.0286244712237511,0.6406890894175554,0.09841,0.01066452425905895,1,0.6236408633926006,9.07803279695474,300.10350837303685,0.5240300731994099,15.636544864383552,-11.403018791816692,18.10711644320505,-20.137980754332794,-0.4341396689414978,0.6355896088147974,150.85756813539535,1.0286282795631883,1.0286282795631883,0.6962582538517975,0.09841,0.006554746126006927,1,0.6001786085353554,9.098109596842114,329.1670909887675,0.5014676935675508,15.583161450519071,-11.547895876204535,17.71447447500022,-20.530622722537625,-0.43626296520233154,0.6300838967721777,150.85757183578997,1.0286182229896133,1.0286182229896133,0.7096989966555184,0.09841,0.004693466667760937,1,0.5986768705445404,9.054550486896327,265.9758166651713,0.5551953487955269,15.560841362558534,-11.421711149994877,17.59148925098239,-20.653607946555454,-0.42603251338005066,0.637800058420869,150.85757339040873,1.0286269807584694,1.0286269807584694,0.6754966887417219,0.09841,0.00411179383552307,1
21,10026,0.0,0.0,,0,-1.0,0.5346656993218636,3.4504570826693337,448.9595372722587,0.1628444752664095,19.659833471565918,8.482498718613954,14.673159883210758,-21.046153720452413,-1.076365351676941,0.22071252072869485,160.6718786827224,58.844391240643745,58.844391240643745,0.7973262341570693,0.03123,0.03893585590051141,1,0.5254004391857939,3.534388453857351,461.58725502874444,0.164508133651926,20.053557682496148,8.882171368893466,14.13139052467039,-21.58792307899278,-1.0876898765563965,0.2129641866488604,160.67182486531425,58.84441847586335,58.84441847586335,0.8547143259217562,0.03123,0.02623484337779003,1,0.40023264783214113,3.1275777559568994,188.74020943027298,0.2276543217850364,18.110853784348762,6.976218865495497,13.58984392688436,-22.12946967677881,-1.0185548067092896,0.2931508303622695,160.6720902453799,58.84428868084354,58.84428868084354,0.6585903083700441,0.03123,0.003807773438233464,1,0.016119230238035114,3.5186478889849644,454.9096347336481,0.16497314040544925,20.03405309229217,8.683249641587395,17.564634051189515,-18.154679552473656,-1.093592643737793,0.21284546595992093,160.6718279747766,58.84440469273953,58.84440469273953,0.8561800319853781,0.03123,1.0,1
22,10043,0.0,0.0,,0,-1.0,1.2732164476130292,4.603285366647999,5.0927734036395504,2.0398147218641363,0.0,0.0,26.0,-13.028573177997634,-0.03614803031086922,0.2496693122314013,129.05252499999997,44.00708888888889,,0.8463302752293578,0.22,1.0,0,1.2732164476130292,4.603285366647999,5.0927734036395504,2.0398147218641363,0.0,0.0,26.0,-13.028573177997634,-0.03614803031086922,0.2496693122314013,129.05252499999997,44.00708888888889,,0.8463302752293578,0.22,1.0,0,1.2732164476130292,4.603285366647999,5.0927734036395504,2.0398147218641363,0.0,0.0,26.0,-13.028573177997634,-0.03614803031086922,0.2496693122314013,129.05252499999997,44.00708888888889,,0.8463302752293578,0.22,1.0,0,1.2732164476130292,4.603285366647999,5.0927734036395504,2.0398147218641363,0.0,0.0,26.0,-13.028573177997634,-0.03614803031086922,0.2496693122314013,129.05252499999997,44.00708888888889,,0.8463302752293578,0.22,1.0,0
23,10163,150.54059166666664,1.2335916666666666,1.2095267961627942,0.0863,-1.0,0.5705709498764451,2.012666092762706,76.66484047209121,0.22986540372523356,-4.608791868511801,-1.4763940689332173,20.195681938761833,-17.750948595795176,0.04022086784243584,0.5375769166241497,150.54091168466758,1.2334891080177632,1.2334891080177632,0.9841986455981941,0.086,0.011724764965941659,1,0.8873345993718623,0.5593609230371078,66.28134063388472,0.06870628732525386,-0.30587112795839744,-1.3098527411285517,19.897838386612193,-18.048792147944816,0.11780158430337906,0.5627140916462758,150.5406128747813,1.2335007302809697,1.2335007302809697,0.9869451697127938,0.086,0.014788197667031766,1,0.8987360074204847,0.651682719448985,71.81920721426152,0.07689815174978706,-0.3873754818783084,-1.5184674905214308,20.18535902204888,-17.76127151250813,0.0891566127538681,0.5271245782029035,150.5406185295612,1.233486246762498,1.233486246762498,0.9783132530120482,0.086,0.015897330878340332,1,0.8091861188607039,0.5397412603058968,46.033515949382085,0.07955153158895398,-0.0937241060196925,-1.2944988724454163,20.240166073799994,-17.706464460757015,0.08289819210767746,0.7002948629759531,150.54059814272787,1.2335017991628232,1.2335017991628232,0.9849624060150376,0.086,0.016508648969511097,1
24,10411,0.0,0.0,,0,-1.0,0.5064500797577584,1.0076377076379344,211.36904203952133,0.06930805664425108,0.7697933805420831,-2.6672878245082927,18.96508116723189,-18.649469050844633,-0.33929526805877686,0.3000537563181971,162.06566668020267,57.40522602621388,57.40522602621388,0.9900249376558603,0.074,0.0048666465673609105,1,0.5410734535937705,0.7814497987034801,225.2055441680436,0.05207287361987224,0.4757909547878967,-2.0997527211306704,18.671335665720903,-18.94321455235562,-0.29171961545944214,0.2522576154864402,162.0657047391747,57.40526538809265,57.40526538809265,0.9935634874195436,0.074,0.004358725956007614,1,0.5499611960265323,0.7256539515116803,249.18881452414888,0.04596902500400711,0.39487152975814865,-1.9598785864066741,18.399106795161458,-19.215443422915065,-0.3320469856262207,0.23613691317017216,162.0657152096694,57.40527508789572,57.40527508789572,0.9920676890534109,0.074,0.003419303984375066,1,0.5489099988932444,0.590492424574071,202.54003591941662,0.04149147643766346,0.42643048101177783,-1.5699892291670778,18.144260905936974,-19.47028931213955,-0.35056397318840027,0.2242961292464971,162.0657112523428,57.405302164459165,57.405302164459165,0.9921925829538061,0.074,0.0029466303463030474,1
25,10454,0.0,0.0,,0,-1.0,0.49992301079875023,0.6005497851876593,374.51886169884835,0.031032171632791226,0.7820229552604019,1.3122818183398692,17.684835012862315,-20.124438113886406,1.1797418594360352,0.6040058761408804,164.42210921510645,57.61352915249811,57.61352915249811,0.9950433705080545,0.08082,0.004454376166659224,1,0.4929004735052898,0.6453716402972179,435.3143646512017,0.030932026815069895,0.6751701578966163,1.4963100506576836,17.089573911403473,-20.719699215345248,1.1985862255096436,0.5743895774152045,164.42212393612076,57.61354164536806,57.61354164536806,0.9975124378109452,0.08082,0.002700486865408469,1,0.48109058590607884,0.6874112489976572,480.02149023193994,0.031375184933594494,0.6804656312141617,1.6106626706159801,16.781132761989063,-21.028140364759658,1.2109102010726929,0.5586373884503419,164.42212380030634,57.61354959197125,57.61354959197125,0.9974218498227522,0.08082,0.0020094204974800967,1,0.5055640228957137,0.6470451660452968,417.98841978946234,0.03164845196503366,0.7661748989899593,1.4566632765491079,16.524056088987415,-21.285217037761306,1.2058545351028442,0.5766198664877344,164.42211196150686,57.61353912812672,57.61353912812672,0.997039230199852,0.08082,0.0015918457942378783,1
26,20021,0.0,0.0,,0,-1.0,2.2562515780271113,4.954574957263869,392.8065255407246,0.24998678785840422,-1.3954123753275098,4.570526461688502,20.288515351612237,-20.12640388041632,0.4679693877696991,0.26252478091995834,131.71133600999755,45.49234918746978,45.49234918746978,0.7397260273972602,0.26,0.008446998141613093,1,2.4436808529830656,4.890694698266593,459.52982576956,0.2281464421777754,-1.3226262952657066,4.527954387388149,19.40743432930432,-21.007484902724237,0.5448610782623291,0.27549578868548563,131.71132874554692,45.492346303279234,45.492346303279234,0.7985948477751756,0.26,0.005016839873560941,1,2.9531951806433385,5.041347059649438,574.6813277773888,0.21029698833284502,-1.2940797213004487,4.687103235327498,18.53547726773796,-21.879441964290596,0.5622809529304504,0.23736417477778415,131.7113261341083,45.49235737613369,45.49235737613369,0.7790262172284644,0.26,0.017671131589897637,1,3.2618774144773095,5.099135270885415,525.1769437366399,0.22250701492446112,-1.2787085653519057,4.749060910627037,17.977940852726135,-22.43697837930242,0.5698935985565186,0.23039123130283978,131.71132469587303,45.492361690985376,45.492361690985376,0.7909836065573771,0.26,0.014651394146282803,1
27,20027,0.0,0.0,,0,-1.0,0.8278345532657172,11.960509318392033,1416.6643646570024,0.3177724109121965,10.810174625553259,17.488791523854616,17.49746739448922,-21.29646310950126,-0.6419796347618103,0.04384142204919694,186.33510783181683,46.01643464101868,46.01643464101868,0.6232958622339153,0.126,0.010289963281402192,1,0.9815991997040111,12.156953999890224,1648.0878903830805,0.29945708258701437,11.019859414840681,17.756136309943457,16.86417094886646,-21.929759555124022,-1.0300524234771729,0.08482998997821767,186.33508733209476,46.01645343878958,46.01645343878958,0.6389802631578947,0.126,0.006062275273532203,1,1.448924168730567,11.271703171916789,2078.40689136715,0.2472431435304545,10.58555514247189,16.22894467312662,15.920847507125682,-22.8730829968648,1.0583330392837524,0.051226243095372714,186.33512813013957,46.01634694623949,46.01634694623949,0.6946527551353113,0.126,0.008102596866798595,1,1.0212093831393043,11.547149330979982,1728.7303488352131,0.27772255631558207,11.010049290926787,16.51620643439307,16.29130774593445,-22.50262275805603,0.8753078579902649,0.04191131663444425,186.33508619632315,46.016367376261414,46.016367376261414,0.6532732261858095,0.126,0.003381736765601162,1
28,20075,0.0,0.0,,0,-1.0,1.5779958374923966,0.5323542440922268,49.031353650539515,0.07602628670264465,-0.11107825672011984,-0.756120906783579,22.117432294960345,-17.152558304535887,0.88381427526474,0.2445744348668667,214.7287781923624,53.99913626382,53.99913626382,0.9900990099009901,0.156,0.008777794210496626,1,2.0368602103414926,0.656839085480647,55.342319961995095,0.08829382009790626,-0.5345847211247019,-0.776698824198732,20.76874182982536,-18.501248769670873,0.6448197960853577,0.12322989137646678,214.72882816247474,53.99913430615209,53.99913430615209,0.9912280701754386,0.156,0.0314286627325836,1,2.672968015763263,0.47484760235505064,56.313237856065186,0.06327745447817139,-0.32953750957102557,-0.5966977969702896,20.016169542137277,-19.253821057358955,0.8710734844207764,0.15112040995846399,214.72880432668214,53.999147057199934,53.999147057199934,0.9913793103448276,0.156,0.02729774281751607,1,2.125414366781535,8.734204323107985,132.53029254056722,0.7586924618187552,11.363733003437574,-5.301978058681087,18.40581378987162,-20.864176809624613,-0.3823336958885193,0.4252472315122766,214.72741352811985,53.99883504415587,53.99883504415587,0.8168498168498168,0.156,0.012999984875465609,1
29,20082,0.0,0.0,,0,-1.0,1.020377683784231,0.8035422521496466,42.76033814038099,0.12288196640620645,-0.5312073644077344,-1.0665850674358808,22.62891762712209,-16.553524938637104,-0.4682233929634094,0.09896777119363809,131.4430427107729,44.970153339987945,44.970153339987945,0.9680851063829787,0.15,0.013721149205482064,1,0.8753082024950823,0.8248997371418985,48.67400192575283,0.11823679194639787,-0.8627858377601427,-0.8670734372169875,22.03056964375929,-17.151872921999903,0.10756637901067734,0.07471629961311532,131.44307545357984,44.97016694994817,44.97016694994817,0.9906542056074766,0.15,0.007472341255719495,1,0.9536741320950185,0.570345988651494,52.76807685408718,0.07851502226395209,-0.5351649394589657,-0.6548812523217578,21.815420032779976,-17.367022532979217,-0.29824739694595337,0.13155829293987698,131.4430435184445,44.97018192077798,44.97018192077798,0.9913793103448276,0.15,0.005781697016017828,1,0.9713779591174437,0.6873063341112401,48.21910471149346,0.09897847884526785,-0.4978408186909462,-0.8893168255791295,21.544803220809438,-17.637639344949754,-0.2508316934108734,0.12113414761946706,131.44303961686632,44.970165671645546,44.970165671645546,0.9905660377358491,0.15,0.0051111235474926575,1
30,20090,212.87939166666663,53.579572222222225,1.9663812102886902,0.4087,-1.0,2.324100897846507,11.689440928331724,1499.3644972964819,0.301884023091737,6.218590904553636,-5.547801768265842,20.289728235031312,-21.144410412855063,1.1435757875442505,0.40166578196313274,212.8786904074443,53.57918905955531,53.57918905955531,0.47244094488188976,0.409,0.021295119851876154,1,1.9852666928123879,11.690889617300938,1859.4480970409124,0.2711162381423245,6.1164606343919985,-5.661721637203414,19.086546147947754,-22.34759249993862,1.1553632020950317,0.3830467502041106,212.8787024594507,53.579181206425744,53.579181206425744,0.6529100529100529,0.409,0.007244292401218044,1,2.009776978361627,11.382091134248316,2073.924120932404,0.24993416542289423,5.913233878968327,-5.55685216202707,18.57453527807775,-22.859603369808625,1.1635398864746094,0.38666721729698383,212.87872612951145,53.57918860243006,53.57918860243006,0.7277039848197343,0.409,0.004355755108316983,1,1.892770245270719,11.295677806393222,1979.4759636223894,0.25388508023331974,6.1538228746858294,-5.19417323792635,18.240016809849223,-23.19412183803715,1.108177900314331,0.40568092869352523,212.87869764977046,53.5792136513484,53.5792136513484,0.705765407554672,0.409,0.003171394760143831,1
31,20096,0.0,0.0,,0,-1.0,1.2439877262574348,54.3053318180608,944.2816008923803,1.7672244352631026,-55.94943265226122,-12.464593536932938,18.760967718977554,-21.378460656318662,-1.2021507024765015,0.17877295991333342,161.32149820128166,58.19188009435997,58.19188009435997,0.0,0.23,0.0577327218089958,1,1.1525849142900957,54.30314381762468,1117.5195752005832,1.6244165429439,-55.93996391490778,-12.496431370610082,17.83116290567245,-22.308265469623766,-1.1701387166976929,0.16740107898408518,161.3214969908308,58.19187787771897,58.19187787771897,0.0,0.23,0.028812353581755268,1,1.1232485005178117,54.266575025799554,1329.3546111422197,1.4883737066998473,-55.90416085773498,-12.479650944931947,17.297848414037336,-22.84157996125888,-1.2048249244689941,0.1607595634702198,161.32149225446219,58.19187902099924,58.19187902099924,0.0,0.23,0.019243290842764327,1,1.1364627604661643,54.249927335471696,1253.9557000443492,1.5319975255733937,-55.87198437858463,-12.542946849861323,16.803260545260652,-23.336167830035563,-1.2444355487823486,0.17498619819714722,161.321488088951,58.19187460596773,58.19187460596773,0.0,0.23,0.013244691818568355,1
32,20121,0.0,0.0,,0,-1.0,0.554042054555126,6.060232465365988,829.1224620807878,0.21046502883263937,-14.372812158174796,2.383983324498544,16.898560117586044,-21.048070416970965,-1.4156287908554077,0.6381972336111865,162.0169262074392,58.85991682611379,58.85991682611379,0.7345021916092673,0.086,0.005438487103234246,1,0.525946344055898,6.0249603100806794,877.0596196671745,0.203441538819022,-14.264627405112094,2.5135724576836935,16.17748006654853,-21.76915046800848,-1.4157111644744873,0.6263881803183882,162.0169117066877,58.85992583490391,58.85992583490391,0.6890292028413575,0.086,0.002600604830141462,1,0.5152881553558721,5.9685296762916655,983.6635513394277,0.1903023134466395,-14.117650054021922,2.5647822166271084,15.785835294091335,-22.160795240465674,-1.4192203283309937,0.6225713193702009,162.01689198147545,58.85992940570885,58.85992940570885,0.7403237156931738,0.086,0.0017682302080198609,1,0.5188726696091889,5.980043922914771,871.3486947561609,0.20258551107206738,-14.117813610234862,2.7145568555900326,15.528921823699585,-22.417708710857422,-1.4222596883773804,0.6217800817734933,162.0168920331985,58.859939804780595,58.859939804780595,0.6951340615690169,0.086,0.0013573326801675778,1
33,20132,0.0,0.0,,0,-1.0,0.9685970223335734,9.523040742824607,307.05561962507625,0.5434594154824417,10.970521803453494,-8.8913554182365,19.562360253838058,-19.620082311921134,-1.4029425382614136,0.05272233430946871,150.0875629612932,1.4175076894726484,1.4175076894726484,0.19703703703703704,0.15,0.008497862393639144,1,0.9135800482902295,9.51544767376662,427.1484841895505,0.4604047447118818,10.935192976839858,-8.9169693157248,18.62914259753766,-20.553299968221534,-1.3997914791107178,0.04846451811749364,150.08756541509604,1.417505910970817,1.417505910970817,0.2268370607028754,0.15,0.00412128683249513,1,0.8235173530081299,9.466016034991647,660.5107551046085,0.36832168519093345,10.712276438645432,-9.070579875035065,18.22092244128965,-20.96152012446954,0.9906797409057617,0.1635681463390215,150.087580898044,1.417495244987354,1.417495244987354,0.6067493112947658,0.15,0.002949416361875845,1,0.8482254550950152,9.4616024175644,502.66142175660633,0.42201405687563376,10.612393960797448,-9.177257210951382,17.83507659331012,-21.347365972449072,1.0039359331130981,0.22142781408516343,150.08758783535254,1.4174878379669384,1.4174878379669384,0.12850678733031673,0.15,0.0021865563112897224,1
34,20176,0.0,0.0,,0,-1.0,1.4679831457553094,4.768325765457616,62.41857118181377,0.6035440969848092,-2.1675896427056074,-4.054226859028461,23.62338058397263,-16.791538648055926,-1.5147753953933716,0.3036449114922438,211.86266248722472,53.34263858584051,53.34263858584051,0.0,0.26,0.041345547134568617,1,2.044976052985648,4.4836716231560585,59.190024396547535,0.5827865746195573,-2.436685088949659,-3.5707447729520254,23.02935856659692,-17.385560665431637,-0.16819745302200317,0.21356227484287182,211.86269252009401,53.342672564189385,53.342672564189385,0.5272727272727272,0.26,0.024985727444754358,1,1.8642874083895167,4.643204643263727,72.10421153761246,0.546811335465242,-2.7727415560650854,-3.514746977044865,22.86475724298927,-17.550161989039285,0.7158591151237488,0.14885149700638933,211.86273144374027,53.34267697123445,53.34267697123445,0.373134328358209,0.26,0.019782763692138938,1,1.4585375426168101,4.683801421089675,48.42820177899344,0.6730530589289817,-2.7679110712267914,-3.568214269224427,22.87957244673475,-17.535346785293807,0.9659050703048706,0.18992683741666905,211.86273102051385,53.34267325219913,53.34267325219913,0.6222222222222222,0.26,0.017713933807519622,1
35,20200,213.04849166666662,53.463175,5.319887216645115,0.1157,-1.0,0.727974996764437,11.344250092764291,824.1219299403289,0.3951664421548447,15.158240113093001,14.43175253846411,17.913215981774034,-20.69683756094732,-1.509750247001648,0.08393818053181934,213.04670565822317,53.4641850547532,53.4641850547532,0.5151515151515151,0.116,0.008705092303063489,1,0.7311541675892198,11.280933153037392,862.0227245792959,0.3842250434180203,15.129415481406909,14.292386404986303,17.4587079201601,-21.15134562256125,1.489087462425232,0.10409816359080926,213.04670911305027,53.46417538837076,53.46417538837076,0.5603271983640081,0.116,0.005814964396989919,1,0.7207577505843545,11.34023037424227,892.8722085877573,0.3795134959632163,15.1635416219641,14.41542056625417,17.188079687540842,-21.42197385518051,1.4613704681396484,0.10606491231704429,213.04670505068003,53.464183918531205,53.464183918531205,0.650542941757157,0.116,0.0045939978021133365,1,0.7327051415254595,11.431435857539116,725.6973857228564,0.4243488255651358,15.202294876108539,14.618379598959024,17.080350987266474,-21.52970255545488,1.3662012815475464,0.08608824738847032,213.04670039548176,53.4641979969717,53.4641979969717,0.39959514170040483,0.116,0.004069158957534236,1
36,30006,0.0,0.0,,0,-1.0,1.954217279592259,11.720511087421205,179.05534646988662,0.8758967268121103,-6.102119998711501,4.1535197667968475,23.439103731364465,-18.48997130467039,-0.2234458029270172,0.012531424833922555,162.52533488726547,58.777703980152005,58.777703980152005,0.0,0.51,0.06563704881613353,1,2.511950733688294,9.696841425619743,269.84397284898404,0.5903015620419505,-4.768466591488917,3.8155480805757946,22.270813192731655,-19.6582618433032,-0.7359443306922913,0.4824884455163565,162.52515583634883,58.77768135536303,58.77768135536303,0.6822429906542056,0.51,0.026002660791677457,1,2.038735860287646,9.972247015757382,295.0630357320667,0.5805446463188254,-4.876269298751737,3.958203222501382,22.270872215250467,-19.65820282078439,-0.7797694802284241,0.44123964568832175,162.5251704486963,58.777691192009705,58.777691192009705,0.5555555555555556,0.51,0.021052969901446672,1,3.251249171599711,9.885539517425112,216.88394079451055,0.6712536784530293,-4.70757357869347,4.074473267372369,21.852049503617483,-20.077025532417373,-0.9396988749504089,0.5215595099724054,162.52514799221584,58.777699371002555,58.777699371002555,0.20930232558139536,0.51,0.0176806091135433,1
37,30010,0.0,0.0,,0,-1.0,0.6811954785752748,0.22161254479193757,50.58434243613368,0.031159199109391605,0.4386653174722426,-0.242982275980836,21.170101666776453,-16.92578455277257,-0.06096067652106285,0.21959197006801112,150.19026534979093,2.0231414633890803,2.0231414633890803,0.9961389961389961,0.092,0.00565872853082372,1,0.7542763518000831,0.3431391376261128,43.55331414385255,0.051994768819439145,0.7485712985268691,-0.2062219517423216,21.101255123182305,-16.994631096366717,-0.14111828804016113,0.29491309870337745,150.19024381578356,2.023144018673865,2.023144018673865,0.9955156950672646,0.092,0.006478184573395662,1,0.8490057408364726,0.5335485482499144,58.591902435676076,0.06970358941204585,1.1723022374393253,-0.2886581206312684,20.603785292619605,-17.492100926929417,-0.16351182758808136,0.3471094572858133,150.19021437140375,2.023138297474852,2.023138297474852,0.9966666666666667,0.092,0.005055032140963811,1,1.0550462830830905,0.6861571811214643,46.87352194854086,0.10022125104739926,1.488070903823072,-0.443101614167432,20.66952135988926,-17.426364859659763,-0.0430733747780323,0.47828455024461647,150.1901924283247,2.0231275749631465,2.0231275749631465,0.9958333333333333,0.092,0.013281416049277461,1
38,30066,0.0,0.0,,0,-1.0,2.52802378583998,3.8262880587378425,113.27622441476143,0.3595077688560406,0.058182180096522984,4.178560481848137,22.094650724825584,-17.944986066968394,-0.7959566116333008,0.21541149647543267,150.18338765573992,3.4042650489573427,3.4042650489573427,0.37037037037037035,0.22,0.05840178802439999,1,2.6371044931593555,3.6190382337278253,157.74763103685294,0.28814543812950644,0.30208008788113716,3.9410313813691857,21.22379628626983,-18.815840505524147,-0.9377685189247131,0.27295379999789215,150.18337069033612,3.404248564469102,3.404248564469102,0.851063829787234,0.22,0.054277111136963874,1,1.5184411780026439,18.0732142786032,123.345222140518,1.627324758504417,-7.1476878857896935,18.399397720307263,21.105109632429524,-18.934527159364453,-1.2649545669555664,0.024444487923796165,150.18388895396228,3.405252070253071,3.405252070253071,0.0,0.22,0.041702365879222825,1,1.5676175403988395,14.70659780394284,229.90878140477506,0.96991669701058,-5.519756839577283,15.083873661435149,20.33167307575967,-19.707963716034307,-1.0968010425567627,0.6921873420468503,150.18377570106207,3.4050219500931878,3.4050219500931878,0.6788321167883211,0.22,0.020852830464875183,1
39,30129,0.0,0.0,,0,0.512884,4.261728685552469,15.40818399857037,57.05864686456495,2.0398147218641363,0.0,0.0,26.0,-17.802245891238574,-0.03614803031086922,0.2496693122314013,183.1758333333333,46.99152222222222,,0.8463302752293578,0.22,1.0,0,4.261728685552469,15.40818399857037,57.05864686456495,2.0398147218641363,0.0,0.0,26.0,-17.802245891238574,-0.03614803031086922,0.2496693122314013,183.1758333333333,46.99152222222222,,0.8463302752293578,0.22,1.0,0,4.261728685552469,15.40818399857037,57.05864686456495,2.0398147218641363,0.0,0.0,26.0,-17.802245891238574,-0.03614803031086922,0.2496693122314013,183.1758333333333,46.99152222222222,,0.8463302752293578,0.22,1.0,0,4.261728685552469,15.40818399857037,57.05864686456495,2.0398147218641363,0.0,0.0,26.0,-17.802245891238574,-0.03614803031086922,0.2496693122314013,183.1758333333333,46.99152222222222,,0.8463302752293578,0.22,1.0,0
40,40111,0.0,0.0,,0,-1.0,3.086621240985337,17.395549922145772,247.87774075112483,1.104890903272868,3.4537175947624377,12.753904205407537,22.229761655887973,-18.972943504335742,0.5531976222991943,0.2861748267842851,150.5016353202692,2.0613912797214353,2.0613912797214353,0.0,0.369,0.07273260658569902,1,2.3121722846018913,18.953726732869885,506.15594614915,0.842466117375125,2.688393188809002,14.143540361469576,20.707446401374554,-20.49525875884916,-0.6308680176734924,0.44832775994372454,150.50168853044167,2.061487761233306,2.061487761233306,0.0,0.369,0.02234052948753895,1,2.3972724810836925,18.096953415481426,528.690286217434,0.7870544937861503,4.448972117729696,13.006187048166112,20.168341230788396,-21.03436392943532,0.5864401459693909,0.24441935729924835,150.50156617200412,2.0614088203533822,2.0614088203533822,0.0,0.369,0.011793300698060949,1,2.4084042572071356,18.479870530455184,599.760127971253,0.7545884074940229,3.1220759987481443,13.685255578327485,19.921081193356272,-21.281623966867443,-0.44408389925956726,0.3132027999675622,150.50165838576854,2.0614559467915337,2.0614559467915337,0.0,0.369,0.0109570602392709,1
41,40137,0.0,0.0,,0,-1.0,15.131172814403966,1.1977333752707278,72.04503909904047,0.14111010362943607,-0.5525932564941058,-0.5932616230978169,15.131172814403966,-26.903663420501722,-1.3719271421432495,0.18189669142395837,214.46049583174883,52.80100827321419,52.80100827321419,0.9696969696969697,0.447,2.5776300856317214e-05,0,15.051321701834516,1.1977333752707278,72.04503909904047,0.14111010362943607,-0.5525932564941058,-0.5932616230978169,15.051321701834516,-26.983514533071173,-1.3719271421432495,0.18189669142395837,214.46049583174883,52.80100827321419,52.80100827321419,0.9696969696969697,0.447,2.4258841362034822e-05,0,3.264723149345251,1.1977333752707278,72.04503909904047,0.14111010362943607,-0.5525932564941058,-0.5932616230978169,23.726675230928205,-17.90698967617989,-1.3719271421432495,0.18189669142395837,214.46049583174883,52.80100827321419,52.80100827321419,0.9696969696969697,0.447,0.017535016953642235,1,14.05663926011657,1.1977333752707278,72.04503909904047,0.14111010362943607,-0.5525932564941058,-0.5932616230978169,14.05663926011657,-27.97819697478912,-1.3719271421432495,0.18189669142395837,214.46049583174883,52.80100827321419,52.80100827321419,0.9696969696969697,0.447,1.1392725739356457e-05,0
42,40146,215.0443,53.56175833333333,2.522946429729556,0.0652,-1.0,0.4305183595396846,3.5295003991713223,311.12589557740665,0.20009910930548874,-10.83274513301427,-1.635746569839668,17.67953202742879,-19.649001477597636,0.5690003633499146,0.3978373004291432,215.04555327854777,53.561630765067754,53.561630765067754,0.9325767690253671,0.065,0.006807748003610281,1,0.4329188880084888,3.350387263534006,329.09144295220347,0.18468716469406146,-10.27917838036241,-1.5778873328923453,17.206531141085264,-20.122002363941164,0.5636563301086426,0.39657432006062676,215.04548874188512,53.56163564021045,53.56163564021045,0.9428841905964026,0.065,0.004385618632924637,1,0.4452471734788876,3.299519011402106,345.60313100187227,0.17748505966304054,-10.132631094942496,-1.4906515176514574,16.923606627199216,-20.40492687782721,0.560671865940094,0.39456177693576144,215.04547184398157,53.56164192307986,53.56164192307986,0.9522235576923077,0.065,0.0034172956441160807,1,0.4662494946306245,3.276934132431437,319.225968960263,0.18340813935990022,-10.057810633033256,-1.5170911837054462,16.76539949967775,-20.56313400534868,0.571197509765625,0.39333808373984525,215.045463032044,53.56164020383084,53.56164020383084,0.943070917371503,0.065,0.00301006190784181,1
43,40150,0.0,0.0,,0,-1.0,2.686540021118095,9.71312488879018,22.674436448077724,2.0398147218641363,0.0,0.0,26.0,-15.274694753932968,-0.03614803031086922,0.2496693122314013,162.09779583333332,57.148202777777776,,0.8463302752293578,0.22,1.0,0,2.686540021118095,9.71312488879018,22.674436448077724,2.0398147218641363,0.0,0.0,26.0,-15.274694753932968,-0.03614803031086922,0.2496693122314013,162.09779583333332,57.148202777777776,,0.8463302752293578,0.22,1.0,0,2.686540021118095,9.71312488879018,22.674436448077724,2.0398147218641363,0.0,0.0,26.0,-15.274694753932968,-0.03614803031086922,0.2496693122314013,162.09779583333332,57.148202777777776,,0.8463302752293578,0.22,1.0,0,2.686540021118095,9.71312488879018,22.674436448077724,2.0398147218641363,0.0,0.0,26.0,-15.274694753932968,-0.03614803031086922,0.2496693122314013,162.09779583333332,57.148202777777776,,0.8463302752293578,0.22,1.0,0
44,40166,0.0,0.0,,0,-1.0,15.131172814403966,4.488401954673132,190.15609551681877,0.325489225648623,2.8998027696646176,0.9573375885933615,15.131172814403966,-26.880485014658397,0.8771265149116516,0.28858095222402125,214.1192747441572,54.05362946825092,54.05362946825092,0.6931818181818182,0.443,9.297751878822869e-05,0,14.872936077146251,4.488401954673132,190.15609551681877,0.325489225648623,2.8998027696646176,0.9573375885933615,14.872936077146251,-27.138721751916115,0.8771265149116516,0.28858095222402125,214.1192747441572,54.05362946825092,54.05362946825092,0.6931818181818182,0.443,7.641232715094315e-05,0,2.4563527891247467,4.488401954673132,190.15609551681877,0.325489225648623,2.8998027696646176,0.9573375885933615,22.900028941508538,-18.713463059820093,0.8771265149116516,0.28858095222402125,214.1192747441572,54.05362946825092,54.05362946825092,0.6931818181818182,0.443,0.03347709164100954,1,14.133212213740736,4.488401954673132,190.15609551681877,0.325489225648623,2.8998027696646176,0.9573375885933615,14.133212213740736,-27.87844561532163,0.8771265149116516,0.28858095222402125,214.1192747441572,54.05362946825092,54.05362946825092,0.6931818181818182,0.443,4.355737371897206e-05,0
45,40198,0.0,0.0,,0,-1.0,1.7389348686039197,0.8496368283460443,183.94125332822946,0.06264605946719724,-0.38669684941451976,-0.748964214537466,22.16304002102118,-18.163712062631088,0.20599257946014404,0.16304552349596124,161.28910656367378,58.554570468524226,58.554570468524226,0.9392265193370166,0.25,0.023118721612068183,1,1.4240538341615276,0.7400203276869264,248.981254505062,0.04689864812494831,-0.5205334547885911,-0.5177115461491866,21.419376814842828,-18.907375268809442,0.627122163772583,0.21122891827494716,161.28912409109412,58.55458661257329,58.55458661257329,0.9428571428571428,0.25,0.012452066395250316,1,1.5786280780828768,0.7568280701716714,239.8350043395699,0.04886984331694279,-0.5155656704142046,-0.5458334982506017,21.244327693598066,-19.082424390054204,0.4065958559513092,0.3215840736629131,161.28912346469684,58.55458465668437,58.55458465668437,0.9957627118644068,0.25,0.009400554529589988,1,1.481511066225968,0.7728725779902657,188.0062534017815,0.056366588561959786,-0.565796596605594,-0.5174654094198559,21.0675588177562,-19.25919326589607,0.3560434877872467,0.22376847065956162,161.28913011534544,58.55458665904854,58.55458665904854,0.972972972972973,0.25,0.007188921582709784,1
46,40201,0.0,0.0,,0,-1.0,2.000949674769426,54.148392876613116,679.9402683582242,2.076587283326714,42.64852073256969,25.37200087892728,20.012833631610775,-20.560707657108747,1.3786426782608032,0.16672324946025774,184.45518610568644,47.44850225680315,47.44850225680315,0.0,0.279,0.11312591209640044,1,1.806267223673866,53.88510713976793,1085.9991676754823,1.635136467636865,42.54077383739096,25.080412664148383,18.67926010238392,-21.8942811863356,-1.3150594234466553,0.1490136650157402,184.45519737792486,47.44848206162415,47.44848206162415,0.0,0.279,0.041934447347429904,1,1.7501527926040523,53.85538789704855,1402.7489249141647,1.4379347723442788,42.56551061738807,24.9846425790885,18.1662110105625,-22.407330278157023,-1.349924087524414,0.15335884884824924,184.45519490643198,47.44847539941459,47.44847539941459,0.0,0.279,0.028442585780495633,1,1.7928774781400991,53.820890327231716,1212.2227551465362,1.5458226331456273,42.4921622685859,25.046985048767027,17.813556695790133,-22.75998459292939,-1.2113239765167236,0.14910684616278413,184.45520239335198,47.44847976408967,47.44847976408967,0.0,0.279,0.021756687994897606,1
47,40301,213.25780416666663,54.46298055555556,0.7551862065409214,0.3726,-1.0,1.8000176425982748,4.232377820435537,323.31080210884033,0.23538258190757128,0.03866352417102803,-3.1941034053517257,21.846714131112105,-19.380246448152935,-1.0139979124069214,0.2746527249096312,213.25780059503813,54.462758837165275,54.462758837165275,0.9728260869565217,0.373,0.014436127427765677,1,1.8311196514800998,3.9836104420322753,402.38137871154584,0.19859025108934444,0.19495588730984537,-3.000246273439757,20.902448952696037,-20.324511626569002,-0.9397103190422058,0.23895343797079238,213.2577818623799,54.462772263048926,54.462772263048926,0.9388646288209607,0.373,0.006678698638309388,1,1.6660490607366731,4.064866050531006,467.3949639182148,0.18802007628018685,0.04094269661335659,-3.06763647700933,20.538863459341343,-20.688097119923697,-0.9640352129936218,0.3000535472481012,213.2578002813461,54.46276761511893,54.46276761511893,0.943609022556391,0.373,0.00469150124095441,1,1.8486968917746998,4.004195062742472,418.1954940320869,0.19580579967965547,-0.07652012330336788,-3.021154718733385,20.184004425392406,-21.042956153872634,-0.9292504787445068,0.2527526080362751,213.2578142970513,54.46277086426112,54.46277086426112,0.9453781512605042,0.373,0.0037511152524789537,1
48,40662,0.0,0.0,,0,-1.0,0.30215980249719254,0.46535607161611015,20.79450216690061,0.10204955631553896,-0.8339331493204867,-2.4506910736195238,19.796854834393724,-16.171967245558758,-1.2817127704620361,0.38068130702955827,182.88892537194968,47.2746537188103,47.2746537188103,0.9844479004665629,0.035,0.00410620392275729,1,0.3085815556288892,0.4973690760383049,25.192717244192185,0.09909261134332728,-1.064645255354577,-2.5537904317622235,19.236739164326252,-16.73208291562623,-1.335265040397644,0.4107775515922938,182.88894924708376,47.274646997466,47.274646997466,0.9871630295250321,0.035,0.002992432165767611,1,0.30041899247002984,0.49906879487274836,28.879456353098355,0.09286796070706546,-1.0467432703396895,-2.5713849871656436,18.99374016469438,-16.9750819152581,-1.348934292793274,0.4063700851915666,182.88894746519208,47.27464574282932,47.27464574282932,0.9888017917133258,0.035,0.0025190301856004016,1,0.3001282954121418,0.4892714147653524,22.346813370650576,0.10350040334147335,-1.0314613629345928,-2.5187564699350418,18.895706391793894,-17.073115688158587,-1.3412015438079834,0.4163448094308423,182.88894575726277,47.274649366371044,47.274649366371044,0.984081041968162,0.035,0.002278268261693528,1
49,40780,243.61947916666665,54.72580833333333,0.5211740694337684,0.2306,-1.0,1.8473411711187957,1.9813127148443945,397.53609267923173,0.0993721632566507,1.5461060574004932,1.3982803718122483,19.928339282526366,-20.220831405161345,-1.4429010152816772,0.4701168057086791,243.61928693760035,54.72590947552207,54.72590947552207,0.9363636363636364,0.231,0.007171315825139968,1,1.6812248557751364,1.9866297624427347,449.03508650358674,0.09375119215524047,1.4304044158995879,1.5241098776566844,19.019061243831004,-21.130109443856707,-1.4101670980453491,0.45439556733056585,243.6193010288812,54.72591811734729,54.72591811734729,0.9517102615694165,0.231,0.0028042292417247427,1,1.5947955775127565,1.9302267516793066,552.9365652720223,0.08208629898777958,1.3602808140900464,1.5079917682868569,18.568311659789934,-21.580859027897777,-1.4471232891082764,0.44360617130415303,243.61930943712525,54.72591694042222,54.72591694042222,0.9607843137254902,0.231,0.0017832079792897693,1,1.603412493648572,1.9092658395511253,436.38621082742935,0.09139677944406935,1.3497076246084845,1.4878182692726796,18.36179870988304,-21.78737197780467,-1.4399524927139282,0.466123657787353,243.6193106795426,54.72591553094686,54.72591553094686,0.9461697722567288,0.231,0.001310365619214826,1
50,40782,0.0,0.0,,0,-1.0,2.1747525024580767,1.9294559241584952,219.63456217018745,0.130192066597063,1.5285250813571878,-0.2961501716638395,22.131149757512713,-18.860735861501517,0.9259749054908752,0.06566652308665988,242.07651574190024,54.9081283587961,54.9081283587961,0.9230769230769231,0.336,0.012125611698197591,1,1.941324985523754,1.9195990099552689,247.28087069510616,0.12207177418959268,1.5337759268779791,-0.21661414476847085,21.295004666885145,-19.696880952129085,0.20081916451454163,0.1519604665547989,242.07651501015562,54.90813387800426,54.90813387800426,0.9751552795031055,0.336,0.006627912061770047,1,2.214840367363715,1.9161183538135476,328.6838902407001,0.10568981107197473,1.5244921882896705,-0.2581087170853067,20.928903874923105,-20.062981744091125,0.31364673376083374,0.08861586229240359,242.07651618236213,54.90813100320077,54.90813100320077,0.9766355140186916,0.336,0.005584048781794748,1,2.060123822239655,1.715247681436193,236.5295284909711,0.11152806259128678,1.3783901602570126,-0.12556830397925012,20.620390336702982,-20.371495282311248,0.12509867548942566,0.1583422923746668,242.07653366661103,54.90814030962138,54.90814030962138,0.974025974025974,0.336,0.003801636404019204,1
51,50003,0.0,0.0,,0,-1.0,2.8897857670467033,10.447955301812755,26.235006017387576,2.0398147218641363,0.0,0.0,26.0,-15.546624111239586,-0.03614803031086922,0.2496693122314013,242.21933333333328,55.00481111111111,,0.8463302752293578,0.22,1.0,0,2.8897857670467033,10.447955301812755,26.235006017387576,2.0398147218641363,0.0,0.0,26.0,-15.546624111239586,-0.03614803031086922,0.2496693122314013,242.21933333333328,55.00481111111111,,0.8463302752293578,0.22,1.0,0,2.8897857670467033,10.447955301812755,26.235006017387576,2.0398147218641363,0.0,0.0,26.0,-15.546624111239586,-0.03614803031086922,0.2496693122314013,242.21933333333328,55.00481111111111,,0.8463302752293578,0.22,1.0,0,2.8897857670467033,10.447955301812755,26.235006017387576,2.0398147218641363,0.0,0.0,26.0,-15.546624111239586,-0.03614803031086922,0.2496693122314013,242.21933333333328,55.00481111111111,,0.8463302752293578,0.22,1.0,0
52,50005,0.0,0.0,,0,-1.0,15.131172814403966,6.24909318339609,241.41326114785463,0.40219478891541277,-3.278680343424327,-2.0361503878746845,15.131172814403966,-27.345600302308135,-0.24003688991069794,0.11384089063796843,211.81256761132065,53.997475069932875,53.997475069932875,0.782608695652174,0.53,5.7129560155022574e-05,0,0.8977881802144,6.754331585601536,238.7892039614649,0.4370941897091314,-3.6206904973328733,-2.0717550379970646,23.172164529594045,-18.84288001007406,0.9797466397285461,0.030455458526598478,211.8126080865811,53.997473149074914,53.997473149074914,0.9560439560439561,0.53,0.01766355136655029,1,2.42786972816587,6.190280121463787,322.7590339259361,0.3445649506305812,-3.2278610468823103,-2.048785156406524,21.937794261544024,-20.077250278124083,0.27768388390541077,0.1368995052420392,211.8125616456887,53.997474111268474,53.997474111268474,0.7804878048780488,0.53,0.011908401659076251,1,1.7848450529071256,6.24909318339609,241.41326114785463,0.40219478891541277,-3.278680343424327,-2.0361503878746845,21.989554552736728,-20.02548998693138,-0.24003688991069794,0.11384089063796843,211.81256761132065,53.997475069932875,53.997475069932875,0.782608695652174,0.53,0.010419975679479165,1
53,50044,0.0,0.0,,0,-1.0,1.7431182208527285,2.5071281440153714,30.68294509818154,0.45261402862471006,0.9514975551989835,-2.151537018601843,24.408463491559612,-16.09132318258534,-0.8350173830986023,0.32618819240196373,212.332965925715,54.26239405899366,54.26239405899366,0.0,0.27,0.04458507348520435,1,1.8702293233817429,2.4633721226515037,43.1834042122555,0.37486214385072403,0.9115562665833892,-2.1241592910019307,23.653337969594418,-16.846448704550536,-0.8240801095962524,0.2744849611840853,212.3329706216106,54.26239600329698,54.26239600329698,0.6842105263157895,0.27,0.022160431820584803,1,2.441983462758168,2.253867927881381,61.36589019636308,0.28771661645276486,0.7312637959806807,-1.9844821026205608,22.9996410935122,-17.500145580632754,-0.3102095127105713,0.13754192314481484,212.33299178860432,54.26240589695729,54.26240589695729,0.9259259259259259,0.27,0.023586210538142693,1,1.8370112793745996,2.538954168728414,39.77418809023533,0.40258185792271994,0.7458298135600359,-2.262706097751007,23.105008854576422,-17.39477781956853,-1.4301044940948486,0.39768463764693895,212.3329905758638,54.26238656959849,54.26238656959849,0.9714285714285714,0.27,0.014914868186658992,1
54,50081,0.0,0.0,,0,-1.0,2.2279608471472443,10.210708300895762,735.5651055718249,0.3764829476867609,3.859576089825822,-15.576330412992974,17.595262680169057,-21.43331049782858,0.2650526165962219,0.387286123033296,242.8304219216386,53.63640237639121,53.63640237639121,0.5107438016528926,0.14,0.048020714470922155,1,2.208928468108348,10.259725107980199,997.7748153817262,0.3248025691790984,3.8606615664772903,-15.65541919589046,16.493936150413084,-22.53463702758455,0.2539381980895996,0.4096128231701134,242.8304217887897,53.636396887048484,53.636396887048484,0.46913078797725427,0.14,0.021531328397459748,1,2.2069056102628566,10.33801159840596,1112.4662340466443,0.3099513955364713,3.955623705017473,-15.758570476439942,16.03509735286475,-22.993475825132887,0.27926236391067505,0.38361751795727983,242.8304106617592,53.636389731554566,53.636389731554566,0.3843351548269581,0.14,0.015221729275830431,1,2.3423064529541455,10.305386809097737,913.8839190437825,0.34089354663968874,3.9100532434761845,-15.717112430526612,15.604871779220309,-23.423701398777325,0.25373712182044983,0.37498519101957384,242.8304160008175,53.6363926071413,53.6363926071413,0.4634146341463415,0.14,0.011043998163073998,1
55,50088,0.0,0.0,,0,-1.0,1.6704811209265586,2.2481183566101692,93.37513678608586,0.2326502621718105,-0.5017302985122001,-2.2359425302647367,22.304628318101614,-17.939734404979124,0.979702889919281,0.05506956390539941,184.17319067884094,46.68987011683279,46.68987011683279,0.8144329896907216,0.241,0.009334127511253287,1,1.5944894795873672,2.2606600468042144,106.85196065211888,0.21869759703941538,-0.3801405802467741,-2.272763448594347,21.600279131606463,-18.644083591474274,1.171040415763855,0.13164720518776118,184.1731784108794,46.689867471579404,46.689867471579404,0.8918918918918919,0.241,0.004492872940560888,1,1.4714747999278797,2.152398739128581,102.03880927139281,0.2130786997434571,-0.40051369899495626,-2.1571129988734583,21.622748429473106,-18.62161429360763,1.3924423456192017,0.07013162312308341,184.17318034926652,46.68987551643287,46.68987551643287,0.8962264150943396,0.241,0.004149115695453065,1,1.6727272446433368,2.1306386948974976,86.63672485306937,0.22890685416090428,-0.5164482921249913,-2.1094935909563333,21.410045699802453,-18.834317023278285,1.3124160766601562,0.04588482152689888,184.17319203325684,46.68987890733823,46.68987890733823,0.9,0.241,0.0035453148413910895,1
56,50201,0.0,0.0,,0,-1.0,15.083200799684027,130.72835638954453,1119.3447571429895,3.9073999466662843,-61.22229946047218,-50.28021965632267,15.083200799684027,-27.490346870839886,1.294049859046936,0.052951179979065066,241.71085896446922,54.977507888047185,54.977507888047185,0.0,0.55,0.0073543220426505185,0,5.235795007595776,130.87042545642245,561.0341118526906,5.525185715419092,-61.34536888193877,-50.26595090507021,20.480985499658594,-21.616732925439592,-0.6421316862106323,0.15408890478893222,241.71087382642966,54.97750901019711,54.97750901019711,0.0,0.55,0.36942682147509154,1,4.337163472961219,131.02134458531054,1260.965018387358,3.6896955522678683,-61.506769276965855,-50.213086566976415,19.496679284603346,-22.60103914049484,0.6455773115158081,0.08400413051885691,241.71089325373794,54.97751285305797,54.97751285305797,0.0,0.55,0.19295658832789642,1,4.231078899754973,130.72835638954453,1119.3447571429895,3.9073999466662843,-61.22229946047218,-50.28021965632267,19.098820363648706,-22.99889806144948,1.294049859046936,0.052951179979065066,241.71085896446922,54.977507888047185,54.977507888047185,0.0,0.55,0.14449441136313357,1
57,50203,0.0,0.0,,0,0.22842299999999993,3.37550496323367,12.20406210698266,35.795412745164555,2.0398147218641363,0.0,0.0,26.0,-16.20064094476243,-0.03614803031086922,0.2496693122314013,242.7929583333333,55.122305555555556,,0.8463302752293578,0.22,1.0,0,3.37550496323367,12.20406210698266,35.795412745164555,2.0398147218641363,0.0,0.0,26.0,-16.20064094476243,-0.03614803031086922,0.2496693122314013,242.7929583333333,55.122305555555556,,0.8463302752293578,0.22,1.0,0,3.37550496323367,12.20406210698266,35.795412745164555,2.0398147218641363,0.0,0.0,26.0,-16.20064094476243,-0.03614803031086922,0.2496693122314013,242.7929583333333,55.122305555555556,,0.8463302752293578,0.22,1.0,0,3.37550496323367,12.20406210698266,35.795412745164555,2.0398147218641363,0.0,0.0,26.0,-16.20064094476243,-0.03614803031086922,0.2496693122314013,242.7929583333333,55.122305555555556,,0.8463302752293578,0.22,1.0,0
58,50221,212.66396666666662,53.98965277777778,1.7585377166990914,0.2865,-1.0,3.612844704647271,15.75850828838135,73.47360121891228,1.8384399172054589,-0.8923374700342492,-9.689177619128031,23.878720507422045,-18.136324032246062,1.2345079183578491,0.3397674533727725,212.66408468328657,53.98898356510176,53.98898356510176,0.0,0.53,0.1257513619659386,1,2.700148997047635,11.171619721693109,139.07503087865538,0.9473087778102252,-0.11206915320605049,-6.8970186573648675,23.703058407917457,-18.31198613175065,1.3575958013534546,0.6075974199559795,212.66398889911503,53.98917680950836,53.98917680950836,0.0,0.53,0.06706448076361748,1,3.523960831628188,11.459370395528236,191.55617460644987,0.8279663360862893,-0.011340037826343519,-7.075581088095902,22.80531665117244,-19.209727888495667,1.2994540929794312,0.6277706796893877,212.6639772369674,53.98916433461275,53.98916433461275,0.0,0.53,0.052940468658122186,1,14.139476366040336,11.459370395528236,191.55617460644987,0.8279663360862893,-0.011340037826343519,-7.075581088095902,14.139476366040336,-28.33729675067177,1.2994540929794312,0.6277706796893877,212.6639772369674,53.98916433461275,53.98916433461275,0.0,0.53,7.512802924314332e-05,0
