ID,KronRad_3,separation_3,x_3,y_3,KronMag_3,Angle_3,Ellipticity_3,RA_3,Host RA_3,DEC_3,Host Dec_3,Discrepency_3,Z_3,Hecto Z_3,KronRad_4,separation_4,x_4,y_4,KronMag_4,Angle_4,Ellipticity_4,RA_4,Host RA_4,DEC_4,Host Dec_4,Discrepency_4,Z_4,Hecto Z_4,KronRad_5,separation_5,x_5,y_5,KronMag_5,Angle_5,Ellipticity_5,RA_5,Host RA_5,DEC_5,Host Dec_5,Discrepency_5,Z_5,Hecto Z_5,KronRad_6,separation_6,x_6,y_6,KronMag_6,Angle_6,Ellipticity_6,RA_6,Host RA_6,DEC_6,Host Dec_6,Discrepency_6,Z_6,Hecto Z_6
,,,,,,,,,,,,,,,,,,,,,,,,,,,,,,,,,,,,,,,,,,,,,,,,,,,,,,,,
,,,,,,,,,,,,,,,,,,,,,,,,,,,,,,,,,,,,,,,,,,,,,,,,,,,,,,,,
,,,,,,,,,,,,,,,,,,,,,,,,,,,,,,,,,,,,,,,,,,,,,,,,,,,,,,,,
460037,2.067704993,0.466319076,-1.501653498,-1.107994934,23.89572377,-0.159288257,0.134903249,54.72708534,54.727,-27.54117277,-27.54111111,3.27E-05,0.303,0.3034,1.766677186,0.480716255,-1.589389822,-1.083932958,23.39747521,-0.683559418,0.043831233,54.72709218,54.727,-27.54117101,-27.54111111,3.27E-05,0.303,0.3034,1.118550164,38.45015612,110.1078956,107.477949,18.55052662,1.266790986,0.042767564,54.71823847,54.727,-27.53373669,-27.54111111,3.27E-05,0.303,0.3034,1.128562921,38.44873445,110.1209575,107.4564308,18.09970636,1.511284351,0.064664588,54.71823747,54.727,-27.5337382,-27.54111111,3.27E-05,0.303,0.3034
,,,,,,,,,,,,,,,,,,,,,,,,,,,,,,,,,,,,,,,,,,,,,,,,,,,,,,,,
460064,2.276850987,0.194776106,-0.777847595,-0.047695169,24.38539723,-1.419457197,0.056885778,53.774273,53.77420833,-26.76494191,-26.76488889,5.01E-05,0.242,0.2428,2.265454607,0.197536144,-0.772688148,-0.166071708,23.79742992,-0.236371517,0.036208675,53.77427265,53.77420833,-26.76495013,-26.76488889,5.01E-05,0.242,0.2428,2.098325239,0.253389453,-0.949651959,-0.354853628,22.78801101,-0.978281081,0.036234937,53.77428649,53.77420833,-26.76496317,-26.76488889,5.01E-05,0.242,0.2428,2.320440193,0.242814762,-0.928948388,-0.284308997,22.7237452,0.780592799,0.146916953,53.77428485,53.77420833,-26.76495828,-26.76488889,5.01E-05,0.242,0.2428
,,,,,,,,,,,,,,,,,,,,,,,,,,,,,,,,,,,,,,,,,,,,,,,,,,,,,,,,
460105,1.73154726,4.814998984,-3.052102258,19.01960313,20.96626471,0.473463953,0.204863927,129.3701674,129.3700792,44.04659584,44.04666528,0.001398996,0.21,0.21,1.621241709,4.831982819,-3.131294993,19.07559112,19.72250127,0.554787993,0.186898456,129.370175,129.3700792,44.04659981,44.04666528,0.001398996,0.21,0.21,1.621196175,4.870026376,-3.17659732,19.2223798,18.38816756,0.614735544,0.188981927,129.3701791,129.3700792,44.04661005,44.04666528,0.001398996,0.21,0.21,1.580897501,4.843537355,-3.216317888,19.10832484,18.16797807,0.548982918,0.180141612,129.3701831,129.3700792,44.04660217,44.04666528,0.001398996,0.21,0.21
,,,,,,,,,,,,,,,,,,,,,,,,,,,,,,,,,,,,,,,,,,,,,,,,,,,,,,,,
470001,1.582230421,0.788142417,1.4173075,2.816814344,19.48458407,1.290374637,0.495441125,54.40351175,54.40341667,-27.50453326,-27.50413889,0.0006172,0.094,0.0941,1.584930498,1.151390005,1.371886328,4.397535803,19.08073532,1.21710825,0.487300566,54.40351399,54.40341667,-27.50442348,-27.50413889,0.0006172,0.094,0.0941,1.597213257,1.252246642,1.607590569,4.745158547,17.92350414,1.190104842,0.485516987,54.40349525,54.40341667,-27.50439952,-27.50413889,0.0006172,0.094,0.0941,1.661716425,1.396490622,1.550339612,5.367769184,17.7832717,1.156893611,0.494982033,54.40349922,54.40341667,-27.50435625,-27.50413889,0.0006172,0.094,0.0941
,,,,,,,,,,,,,,,,,,,,,,,,,,,,,,,,,,,,,,,,,,,,,,,,,,,,,,,,
470005,2.006512965,1.51747494,6.052980148,-0.466841359,23.13230126,-0.072305217,0.123227049,53.91939849,53.91933333,-28.17554359,-28.17547222,0.000478846,0.167,0.1667,1.762765359,1.55677459,6.207751068,-0.504034993,22.97745114,-0.052912485,0.167040541,53.91938632,53.91933333,-28.17554624,-28.17547222,0.000478846,0.167,0.1667,1.731061725,1.52759777,6.084317362,-0.575187777,21.92385332,-0.119740702,0.21366459,53.91939608,53.91933333,-28.17555112,-28.17547222,0.000478846,0.167,0.1667,1.939383487,1.563372713,6.225229642,-0.605090356,21.84564346,-0.183077052,0.165260859,53.919385,53.91933333,-28.17555327,-28.17547222,0.000478846,0.167,0.1667
,,,,,,,,,,,,,,,,,,,,,,,,,,,,,,,,,,,,,,,,,,,,,,,,,,,,,,,,
470008,,,,,,,,,,,,,,,1.135382058,21.8371077,-35.89180802,-79.67307879,19.37618343,-1.087427974,0.107969939,53.08560713,53.082125,-29.0193168,-29.01225,0.00163291,0.24,-9.999,1.002324917,21.84085271,-35.74682293,-79.75468865,17.64848736,-1.03053987,0.11980594,53.08559562,53.082125,-29.01932247,-29.01225,0.00163291,0.24,-9.999,1.017817082,21.84055788,-35.80684448,-79.7264534,17.2568379,-0.937132001,0.089156431,53.08560038,53.082125,-29.01932051,-29.01225,0.00163291,0.24,-9.999
,,,,,,,,,,,,,,,,,,,,,,,,,,,,,,,,,,,,,,,,,,,,,,,,,,,,,,,,
470015,1.36445163,9.572046093,-32.26412417,20.63360891,20.94446853,-1.529621124,0.087440903,54.15108757,0,-28.62366465,0,,0.338,0,1.279120022,9.557450578,-32.27102375,20.51419022,20.55561494,1.516263962,0.075012021,54.15108819,0,-28.62367294,0,,0.338,0,,,,,,,,,,,,,,,1.281089465,9.552034567,-32.25806878,20.49417671,19.48643482,1.168401837,0.028929294,54.15108718,0,-28.62367434,0,,0.338,0
,,,,,,,,,,,,,,,,,,,,,,,,,,,,,,,,,,,,,,,,,,,,,,,,,,,,,,,,
470041,1.976695707,0.510060208,1.854443432,-0.851342149,23.25028566,-0.012046534,0.292960637,131.3373388,0,44.75473651,0,,0.331,0,1.714995933,0.569675697,2.05866143,-0.977677263,21.95771537,-0.134573027,0.28469628,131.3373187,0,44.75472787,0,,0.331,0,1.626509449,0.564214612,2.075118227,-0.888090793,20.57875378,-0.119756699,0.258487278,131.3373171,0,44.7547341,0,,0.331,0,1.662906838,0.543278043,1.97671269,-0.903515522,20.34544255,-0.126754388,0.249073349,131.3373268,0,44.75473297,0,,0.331,0
,,,,,,,,,,,,,,,,,,,,,,,,,,,,,,,,,,,,,,,,,,,,,,,,,,,,,,,,
470043,1.534117566,30.63116541,89.60057947,-83.61900122,21.77321796,1.265267849,0.178254454,128.9857973,0,44.76160384,0,,0.07,0,1.473317846,30.62869918,89.57860403,-83.62807764,20.94144537,1.417649388,0.17072247,128.9857995,0,44.76160324,0,,0.07,0,1.437039936,30.64091063,89.54612793,-83.73437671,19.78961481,1.326121211,0.188925143,128.9858028,0,44.76159591,0,,0.07,0,1.510423468,30.64352119,89.571916,-83.72209419,19.5697426,1.344280243,0.183652569,128.9858003,0,44.76159673,0,,0.07,0
,,,,,,,,,,,,,,,,,,,,,,,,,,,,,,,,,,,,,,,,,,,,,,,,,,,,,,,,
470047,1.840224834,0.869429221,3.280936994,-1.156010479,23.55430936,1.158451676,0.373957348,129.7129765,0,45.46020894,0,,0.188,0,1.65242085,0.852423942,3.142960747,-1.324341172,22.55845121,1.191035509,0.357338949,129.7129903,0,45.46019736,0,,0.188,0,1.621519356,0.85394911,3.203033364,-1.189277469,21.2723015,1.173809648,0.348729564,129.7129843,0,45.46020669,0,,0.188,0,1.6082462,0.860285066,3.197336023,-1.274630184,20.98942893,1.137195349,0.34951324,129.7129849,0,45.46020077,0,,0.188,0
,,,,,,,,,,,,,,,,,,,,,,,,,,,,,,,,,,,,,,,,,,,,,,,,,,,,,,,,
470110,1.521357182,1.478945448,5.875006159,0.709631402,22.66019266,-0.393776119,0.138502517,52.07010253,0,-28.623275,0,,0.346,0,1.551581665,1.3729538,5.437414888,0.783511813,22.00815426,-0.426524967,0.19247019,52.07013718,0,-28.62327014,0,,0.346,0,1.489418174,1.385463023,5.482257434,0.822550449,20.91700861,-0.469305038,0.191062124,52.07013366,0,-28.6232674,0,,0.346,0,1.559414566,1.408329856,5.585685415,0.744918249,20.70601816,-0.475154489,0.187643678,52.07012543,0,-28.62327273,0,,0.346,0
,,,,,,,,,,,,,,,,,,,,,,,,,,,,,,,,,,,,,,,,,,,,,,,,,,,,,,,,
470232,1.698199779,2.695764977,-1.164872741,-10.72369664,23.42863706,-1.358873248,0.432587522,129.5459991,0,45.20153443,0,,0.2,0,1.584295287,2.812010552,-0.810353773,-11.22262572,22.78431119,-1.362841964,0.43960174,129.5459648,0,45.20149947,0,,0.2,0,1.544807746,2.845034799,-0.860272658,-11.35144239,21.63024433,-1.384022951,0.467699053,129.5459699,0,45.20149058,0,,0.2,0,1.628403772,2.817700017,-0.970299312,-11.23281053,21.54060768,-1.390877843,0.42924002,129.5459805,0,45.20149891,0,,0.2,0
,,,,,,,,,,,,,,,,,,,,,,,,,,,,,,,,,,,,,,,,,,,,,,,,,,,,,,,,
470240,,,,,,,,,,,,,,,,,,,,,,,,,,,,,,,,,,,,,,,,,,,,,,,,,,,,,,,,
,,,,,,,,,,,,,,,,,,,,,,,,,,,,,,,,,,,,,,,,,,,,,,,,,,,,,,,,
470240,,,,,,,,,,,,,,,2.267669791,14.49956606,-16.82158651,55.55060599,23.2010676,-0.398739398,0.099367585,130.724637,0,45.90521667,0,,0.43,0,1.887072127,18.25809449,35.54756245,63.85245475,21.43140769,-1.113766789,0.513425111,130.7194139,0,45.90579867,0,,0.43,0,1.722274288,18.35663643,35.28623129,64.44749146,21.21324167,-1.144605637,0.48774911,130.7194401,0,45.90583993,0,,0.43,0
,,,,,,,,,,,,,,,,,,,,,,,,,,,,,,,,,,,,,,,,,,,,,,,,,,,,,,,,
470244,2.812866392,0.575340444,-1.627010327,-1.627804954,26.04478996,1.351102114,0.269476003,130.4079276,130.4078417,43.77139,43.77143472,8.51E-05,0.36,0.4891,2.327407966,0.632737397,-1.491603013,-2.044919829,24.9650455,-0.597452283,0.02361827,130.4079147,130.4078417,43.77136101,43.77143472,8.51E-05,0.36,0.4891,1.901440148,0.680661105,-1.751440882,-2.084756064,23.98454877,1.520782948,0.158013894,130.4079397,130.4078417,43.77135829,43.77143472,8.51E-05,0.36,0.4891,2.473908318,0.714326133,-1.877816034,-2.153843137,23.86065869,-0.374679029,0.203671258,130.4079519,130.4078417,43.77135351,43.77143472,8.51E-05,0.36,0.4891
,,,,,,,,,,,,,,,,,,,,,,,,,,,,,,,,,,,,,,,,,,,,,,,,,,,,,,,,
480058,1.554676913,4.05870893,10.59621061,12.30122385,18.63387959,0.481110781,0.656399688,184.3121074,184.3118875,46.72764772,46.7277,0.001268535,0.0326,0.0326,1.519528334,4.147018083,10.77140628,12.61634481,18.24715827,0.482867062,0.643977458,184.3120893,184.3118875,46.7276695,46.7277,0.001268535,0.0326,0.0326,1.494199714,3.912714264,9.496403832,12.44168178,17.14224898,0.458667576,0.625484303,184.3122186,184.3118875,46.72765814,46.7277,0.001268535,0.0326,0.0326,1.475266823,3.968670726,9.654111869,12.60286806,17.03521521,0.43638581,0.629712374,184.3122025,184.3118875,46.72766924,46.7277,0.001268535,0.0326,0.0326
,,,,,,,,,,,,,,,,,,,,,,,,,,,,,,,,,,,,,,,,,,,,,,,,,,,,,,,,
480064,2.529137806,36.20775639,94.49088268,109.8361297,26.02099475,0.748582363,0.196745844,128.7871259,128.7966458,44.45568216,44.448185,7.36E-05,0.25,0.2429,2.463068679,12.86851542,-51.08283791,-6.542324613,24.77237203,-0.901721239,0.265227341,128.8015252,128.7966458,44.44782638,44.448185,7.36E-05,0.25,0.2429,2.080729504,12.79252015,-50.80174383,-6.340969066,23.54323039,1.281798005,0.073438852,128.8014975,128.7966458,44.44783993,44.448185,7.36E-05,0.25,0.2429,2.167753568,12.83543231,-50.94657429,-6.56393744,23.31899998,-0.338603377,0.18902549,128.801512,128.7966458,44.44782467,44.448185,7.36E-05,0.25,0.2429
,,,,,,,,,,,,,,,,,,,,,,,,,,,,,,,,,,,,,,,,,,,,,,,,,,,,,,,,
480154,1.629913251,0.570165439,1.505074738,-1.714593635,22.10393671,-0.059177499,0.213598346,151.0706203,151.0705417,2.597272713,2.597333333,0.00019221,0.149,0.149,1.590773111,0.583842942,1.542811351,-1.754291084,21.57922306,0.008870856,0.205629645,151.0706177,151.0705417,2.597269959,2.597333333,0.00019221,0.149,0.149,1.487892289,0.58932881,1.52441996,-1.799155341,20.37118374,-0.100672305,0.235470031,151.070619,151.0705417,2.597266843,2.597333333,0.00019221,0.149,0.149,1.566961477,0.637822626,1.733323779,-1.87331566,20.3857146,-0.047109053,0.230182419,151.0706045,151.0705417,2.597261706,2.597333333,0.00019221,0.149,0.149
,,,,,,,,,,,,,,,,,,,,,,,,,,,,,,,,,,,,,,,,,,,,,,,,,,,,,,,,
480168,1.46381255,1.609324151,3.045598546,5.673304039,21.11567197,1.213964224,0.446165456,149.8107048,149.8106417,3.163127161,3.1632,0.000541454,0.08,0.0803,1.43345849,1.61544359,3.086870022,5.67883474,20.56639753,1.209078193,0.441251102,149.810702,149.8106417,3.163127544,3.1632,0.000541454,0.08,0.0803,1.385504109,1.645776231,3.156399447,5.779159828,19.31613803,1.201220989,0.43145493,149.8106971,149.8106417,3.163134508,3.1632,0.000541454,0.08,0.0803,1.44309583,1.645688083,3.132842426,5.791565311,19.2832039,1.206939578,0.450518192,149.8106988,149.8106417,3.16313537,3.1632,0.000541454,0.08,0.0803
,,,,,,,,,,,,,,,,,,,,,,,,,,,,,,,,,,,,,,,,,,,,,,,,,,,,,,,,
480464,1.706224427,3.350588254,10.75632644,-7.999675887,22.07302682,-0.627105236,0.533353668,149.7996896,149.799625,3.221013945,3.221083333,0.000945714,0.22,0.2212,1.571915172,3.341316977,10.78444311,-7.899098591,21.18819604,-0.612528622,0.505435078,149.7996876,149.799625,3.221020927,3.221083333,0.000945714,0.22,0.2212,1.486289609,3.326187448,10.7241744,-7.878925868,19.84030462,-0.618126214,0.498129155,149.7996918,149.799625,3.221022328,3.221083333,0.000945714,0.22,0.2212,1.548933806,3.341028127,10.73713775,-7.961357656,19.70525988,-0.631403804,0.490299311,149.7996909,149.799625,3.221016605,3.221083333,0.000945714,0.22,0.2212
,,,,,,,,,,,,,,,,,,,,,,,,,,,,,,,,,,,,,,,,,,,,,,,,,,,,,,,,
480552,1.816270749,33.79169802,-96.14832299,95.08074327,23.19417233,0.967213571,0.320817635,148.6745724,0,2.201673658,0,,1.52,0,1.701001053,33.74009169,-96.26110624,94.67242353,22.66664236,0.931428075,0.36186383,148.6745803,0,2.201645317,0,,1.52,0,1.645766277,33.7362538,-96.22467521,94.68754298,21.4670427,0.903684676,0.323362066,148.6745777,0,2.201646365,0,,1.52,0,1.939660389,33.76290493,-96.01580782,95.05083068,21.46056588,0.970914662,0.313945141,148.6745632,0,2.201671574,0,,1.52,0
,,,,,,,,,,,,,,,,,,,,,,,,,,,,,,,,,,,,,,,,,,,,,,,,,,,,,,,,
480845,1.40781948,5.759463999,1.801059677,22.97649278,17.62513722,1.415776849,0.565062645,187.2856813,187.2856583,46.88143404,46.88150833,0.001674861,0.04,0.0395,2.08809046,15.60387069,61.17343898,12.62456226,23.38019104,-0.043998048,0.215161419,187.2796255,187.2856583,46.88083557,46.88150833,0.001674861,0.04,0.0395,,,,,,,,,,,,,,,1.328703833,5.760725514,2.272408182,22.93982299,15.39962981,1.416953087,0.556576324,187.2856333,187.2856583,46.88143245,46.88150833,0.001674861,0.04,0.0395
,,,,,,,,,,,,,,,,,,,,,,,,,,,,,,,,,,,,,,,,,,,,,,,,,,,,,,,,
490007,1.440164713,3.066035259,-7.496455859,-9.707473653,19.75281615,-1.309213758,0.042424151,184.2685838,184.2685875,46.62680581,46.62694444,0.000749477,0.054,0.0544,1.429620822,2.966354135,-7.599925234,-9.113198295,19.37645316,-1.387024164,0.04616228,184.2685937,184.2685875,46.62684714,46.62694444,0.000749477,0.054,0.0544,1.417919456,2.982595626,-7.501766193,-9.277874391,18.28187004,-1.185504436,0.044162644,184.2685839,184.2685875,46.62683564,46.62694444,0.000749477,0.054,0.0544,1.482133525,2.94536877,-7.597152365,-9.005956529,18.20430755,-1.182676315,0.044995879,184.2685933,184.2685875,46.62685458,46.62694444,0.000749477,0.054,0.0544
,,,,,,,,,,,,,,,,,,,,,,,,,,,,,,,,,,,,,,,,,,,,,,,,,,,,,,,,
490008,1.600039392,0.869320889,-3.453427148,-0.409959756,22.02140022,-0.394647002,0.237099391,131.4489353,0,44.42057458,0,,0.13,0,1.536493885,0.912200609,-3.635509427,-0.31600132,21.69440578,-0.416547924,0.227745974,131.4489531,0,44.42058097,0,,0.13,0,1.469694547,0.917558303,-3.664035583,-0.220311363,20.61765078,-0.344389826,0.253911799,131.448956,0,44.4205876,0,,0.13,0,1.676813284,0.901260513,-3.602431314,-0.147658114,20.59340865,-0.355439752,0.266995746,131.4489501,0,44.42059268,0,,0.13,0
,,,,,,,,,,,,,,,,,,,,,,,,,,,,,,,,,,,,,,,,,,,,,,,,,,,,,,,,
490025,1.644761732,0.503351988,0.579045349,-1.929502901,21.4848584,-0.738301098,0.425475209,149.3508431,149.35075,3.579518842,3.579555556,0.000164805,0.079,0.0792,1.573431994,0.59223601,0.900831723,-2.192301653,20.91932912,-0.725614965,0.4385519,149.3508207,149.35075,3.579500588,3.579555556,0.000164805,0.079,0.0792,,,,,,,,,,,,,,,1.597863005,0.55960684,0.816033787,-2.085635171,19.6797864,-0.695830524,0.38972245,149.3508266,149.35075,3.579507995,3.579555556,0.000164805,0.079,0.0792
,,,,,,,,,,,,,,,,,,,,,,,,,,,,,,,,,,,,,,,,,,,,,,,,,,,,,,,,
490037,1.55230154,1.398089225,2.609907326,4.949232271,21.84362182,0.789453685,0.147464577,149.9570146,149.9569,0.816960161,0.817016667,0.000497493,0.422,0.4219,1.645256968,1.402876476,3.113074908,4.672080711,20.79569967,0.812289298,0.21042423,149.9569797,149.9569,0.816940925,0.817016667,0.000497493,0.422,0.4219,1.671021179,1.366364153,3.1055628,4.500603383,19.46662094,0.750808358,0.228559821,149.9569802,149.9569,0.816929024,0.817016667,0.000497493,0.422,0.4219,1.658588561,1.332004189,3.059064613,4.365441551,19.31373661,0.750435114,0.242326046,149.9569834,149.9569,0.816919643,0.817016667,0.000497493,0.422,0.4219
,,,,,,,,,,,,,,,,,,,,,,,,,,,,,,,,,,,,,,,,,,,,,,,,,,,,,,,,
490521,2.042929591,0.779919554,-3.119040418,0.113653373,24.11802559,-0.552228451,0.070920632,148.8653874,148.8652917,1.575302452,1.575363889,0.000139328,0.34,0.9876,1.555894096,12.11505199,38.44535167,29.52527788,21.46128897,0.242360905,0.099035732,148.8624997,148.8652917,1.577342709,1.575363889,0.000139328,0.34,0.9876,1.473049969,12.09738776,38.35496329,29.52686382,19.94093161,0.145682469,0.128728445,148.8625059,148.8652917,1.577342823,1.575363889,0.000139328,0.34,0.9876,1.526021422,12.13313031,38.47371275,29.60705469,19.76461505,0.080729231,0.109657968,148.8624977,148.8652917,1.577348385,1.575363889,0.000139328,0.34,0.9876
,,,,,,,,,,,,,,,,,,,,,,,,,,,,,,,,,,,,,,,,,,,,,,,,,,,,,,,,
490563,2.364405802,0.63233099,0.657994396,-2.442383703,24.46024487,0.335616112,0.304161808,185.3090564,0,47.49753058,0,,0.048,0,2.204983925,0.601503343,0.029214534,-2.40595905,24.06470219,0.491577446,0.215516646,185.309121,0,47.49753294,0,,0.048,0,2.074424183,0.577613449,0.383014817,-2.278612965,22.93219365,0.509489,0.241116969,185.3090847,0,47.49754188,0,,0.048,0,2.337216624,0.658982479,0.001066024,-2.636063749,22.87292886,0.605449855,0.116284071,185.3091238,0,47.49751695,0,,0.048,0
,,,,,,,,,,,,,,,,,,,,,,,,,,,,,,,,,,,,,,,,,,,,,,,,,,,,,,,,
500004,2.242891896,0.35958288,-1.098484964,-0.929589749,24.34107461,-1.413557053,0.238041183,213.0234486,0,51.67382483,0,,0.25,0,1.947205437,0.360398635,-1.092241711,-0.941930951,23.79415415,-1.543324709,0.149005807,213.0234479,0,51.67382397,0,,0.25,0,1.864957565,0.405629039,-1.144592715,-1.15116541,22.78413237,-1.526771784,0.10964577,213.0234539,0,51.67380948,0,,0.25,0,,,,,,,,,,,,,,
,,,,,,,,,,,,,,,,,,,,,,,,,,,,,,,,,,,,,,,,,,,,,,,,,,,,,,,,
500012,1.453365047,12.30818219,-38.50683449,-30.70754006,18.86536568,0.696026385,0.483330278,213.9957961,0,52.0507848,0,,0.0767,0,,,,,,,,,,,,,,,1.685091872,12.27241613,-38.23194001,-30.82168815,16.84832754,0.681496859,0.427724936,213.995765,0,52.05077702,0,,0.0767,0,1.947246051,12.21577742,-38.01111639,-30.73443344,16.66164446,0.673849821,0.435137213,213.9957401,0,52.05078319,0,,0.0767,0
,,,,,,,,,,,,,,,,,,,,,,,,,,,,,,,,,,,,,,,,,,,,,,,,,,,,,,,,
500022,2.191786742,0.434163394,-1.078480346,-1.361902662,25.43724208,-1.431510091,0.244617534,132.0698308,0,43.96841245,0,,0.1189,0,2.120576892,0.383704452,-0.795785381,-1.312933165,24.85463368,0.84010011,0.046786081,132.0698036,0,43.9684162,0,,0.1189,0,2.145821174,0.401856781,-0.881920825,-1.344473897,23.62166193,0.429077476,0.162199229,132.0698119,0,43.96841391,0,,0.1189,0,2.176901251,0.404880102,-1.180254194,-1.109798498,23.75005472,-0.110746965,0.067420715,132.0698411,0,43.96842983,0,,0.1189,0
,,,,,,,,,,,,,,,,,,,,,,,,,,,,,,,,,,,,,,,,,,,,,,,,,,,,,,,,
500038,1.426329412,5.683687137,-22.73538823,0.045771528,20.24494687,-0.144798085,0.702420353,150.1940387,150.1939083,2.55124183,2.551275,0.001449013,0.1189,0.1068,1.382419133,5.640546782,-22.56240399,0.144972371,19.70470719,-0.149416178,0.691703671,150.1940267,150.1939083,2.551248721,2.551275,0.001449013,0.1189,0.1068,1.341430719,5.586933064,-22.34750974,0.200543621,18.45392068,-0.152802825,0.676724659,150.1940117,150.1939083,2.551252582,2.551275,0.001449013,0.1189,0.1068,1.395581329,5.565165625,-22.26061072,0.179786525,18.39135307,-0.14676778,0.674877943,150.1940057,150.1939083,2.551251141,2.551275,0.001449013,0.1189,0.1068
,,,,,,,,,,,,,,,,,,,,,,,,,,,,,,,,,,,,,,,,,,,,,,,,,,,,,,,,
500057,1.903336916,22.65892774,10.76395506,90.00831725,23.89107604,-0.383223772,0.387326201,214.4724218,0,53.84794852,0,,0.38,0,1.706542175,22.59384246,11.33454795,89.67573172,23.15990502,-0.374792397,0.423958944,214.4723541,0,53.847926,0,,0.38,0,1.798717776,10.49972272,-36.6267825,-20.56220791,23.0756287,-1.055563807,0.124704689,214.4778126,0,53.84022473,0,,0.38,0,1.923536127,22.58796084,11.40442429,89.64314432,21.99553532,-0.431235731,0.389261043,214.4723458,0,53.84792381,0,,0.38,0
,,,,,,,,,,,,,,,,,,,,,,,,,,,,,,,,,,,,,,,,,,,,,,,,,,,,,,,,
500063,2.812722072,0.556339363,-2.2139086,0.232939619,25.27964852,-1.143936753,0.372626628,186.2780006,0,47.92610529,0,,0.1365,0,2.370730135,0.496756977,-1.987190714,0.044224951,24.59605639,-1.251641512,0.432042746,186.2779768,0,47.92609245,0,,0.1365,0,2.217433372,0.452207449,-1.802536077,0.158036901,23.43254399,-1.175914407,0.346819994,186.2779578,0,47.92610056,0,,0.1365,0,2.179363075,0.489002301,-1.956514313,-0.022165183,23.30797803,-1.26579237,0.364334106,186.2779735,0,47.92608788,0,,0.1365,0
,,,,,,,,,,,,,,,,,,,,,,,,,,,,,,,,,,,,,,,,,,,,,,,,,,,,,,,,
500100,2.651941004,4.755755225,-13.51580482,-13.39339519,23.88400639,0.311874539,0.15157406,131.6398432,0,45.35521094,0,,0.31,0,2.249827702,4.822343966,-13.73031406,-13.55537839,22.52934295,-1.100818515,0.059746549,131.6398642,0,45.3551995,0,,0.31,0,2.072597532,4.85694638,-13.8067537,-13.67497787,21.10660275,0.708395243,0.052440948,131.6398716,0,45.35519113,0,,0.31,0,2.107919498,4.863689038,-13.75119858,-13.76900742,20.84601663,0.972227931,0.020422227,131.639866,0,45.35518466,0,,0.31,0
,,,,,,,,,,,,,,,,,,,,,,,,,,,,,,,,,,,,,,,,,,,,,,,,,,,,,,,,
500301,1.966608535,0.572388916,-0.174934159,-2.283716111,23.75972679,-0.842150331,0.261117993,215.547729,0,52.6316884,0,,0.326,0,1.743553969,0.589080765,-0.282258955,-2.340265372,22.98044502,-0.963707805,0.343349119,215.5477411,0,52.63168426,0,,0.326,0,1.577163763,0.57716013,-0.174577132,-2.302890152,21.80088381,-0.942867994,0.344259862,215.5477289,0,52.63168707,0,,0.326,0,1.579290983,0.580620866,-0.23693699,-2.311248886,21.63333101,-1.021325111,0.324280866,215.547736,0,52.63168637,0,,0.326,0
,,,,,,,,,,,,,,,,,,,,,,,,,,,,,,,,,,,,,,,,,,,,,,,,,,,,,,,,
500332,1.477432689,3.255783715,11.70491743,5.711635583,20.90264078,0.57145226,0.759362786,149.4684825,149.4684083,1.87291581,1.872991667,0.001004892,0.098,0.0988,1.417122171,3.273414691,11.79761536,5.68211038,20.28657496,0.568466008,0.752860744,149.4684761,149.4684083,1.872913757,1.872991667,0.001004892,0.098,0.0988,1.399155086,3.292209476,11.85455679,5.737094088,18.98895703,0.569936156,0.748740578,149.4684721,149.4684083,1.872917574,1.872991667,0.001004892,0.098,0.0988,1.43968952,3.321889727,11.97738094,5.755742638,18.90395642,0.566742122,0.752963585,149.4684636,149.4684083,1.872918867,1.872991667,0.001004892,0.098,0.0988
,,,,,,,,,,,,,,,,,,,,,,,,,,,,,,,,,,,,,,,,,,,,,,,,,,,,,,,,
500491,1.522644941,1.275132515,4.156089098,-2.957525957,20.96242058,0.457193911,0.20385077,184.604198,0,46.61682097,0,,0.167,0,1.413009355,1.281658027,4.150764052,-3.00968596,20.32808613,0.43576327,0.200485421,184.6041986,0,46.61681735,0,,0.167,0,1.346097855,1.29975947,4.20793576,-3.054194022,19.12078733,0.493250668,0.198502393,184.6041928,0,46.61681424,0,,0.167,0,1.350006469,1.304706464,4.34204007,-2.896137543,18.92574543,0.464605689,0.205120945,184.6041792,0,46.61682516,0,,0.167,0
,,,,,,,,,,,,,,,,,,,,,,,,,,,,,,,,,,,,,,,,,,,,,,,,,,,,,,,,
500511,2.247334274,0.507120138,-1.862441535,-0.804145148,24.28948471,-0.170322254,0.456100716,184.6958756,0,47.64723634,0,,0.334,0,2.042766737,0.539346524,-1.894784357,-1.031907181,23.57357874,-0.241654515,0.443485397,184.695879,0,47.64722053,0,,0.334,0,2.137691889,0.523088093,-1.873597604,-0.931792307,22.55856458,-0.227305815,0.457874315,184.6958768,0,47.64722748,0,,0.334,0,2.051111708,0.547977519,-1.978230636,-0.944350082,22.3739759,-0.194255024,0.469906128,184.6958876,0,47.64722663,0,,0.334,0
,,,,,,,,,,,,,,,,,,,,,,,,,,,,,,,,,,,,,,,,,,,,,,,,,,,,,,,,
510082,1.625337173,0.640001189,-1.716620756,-1.90001383,20.91631297,0.414225072,0.540652675,150.4345818,150.4345417,3.278106942,3.278138889,0.000127463,0.08,0.0796,,,,,,,,,,,,,,,1.5323381,0.772698295,-2.109274385,-2.260221458,19.31594213,0.409112692,0.531530098,150.4346091,150.4345417,3.278081926,3.278138889,0.000127463,0.08,0.0796,1.686637174,0.779003822,-2.026909345,-2.367707489,19.30599458,0.407778263,0.556508729,150.4346034,150.4345417,3.278074467,3.278138889,0.000127463,0.08,0.0796
,,,,,,,,,,,,,,,,,,,,,,,,,,,,,,,,,,,,,,,,,,,,,,,,,,,,,,,,
510113,1.383846855,33.77350224,69.31107664,-116.0160241,19.53727298,0.008019495,0.430645954,186.5756213,0,46.05863072,0,,0.29,0,1.353841649,33.75408593,69.4398745,-115.8483725,19.07524195,-0.023294076,0.428288452,186.5756088,0,46.05864253,0,,0.29,0,1.330308011,33.67340198,69.4447702,-115.4688209,18.11567697,-0.017473493,0.451636372,186.5756091,0,46.05866887,0,,0.29,0,1.447396143,33.7962607,69.58585578,-115.9575937,18.03086488,0.00818947,0.481178472,186.575594,0,46.05863515,0,,0.29,0
,,,,,,,,,,,,,,,,,,,,,,,,,,,,,,,,,,,,,,,,,,,,,,,,,,,,,,,,
510174,1.559265586,2.849183923,-11.3785812,-0.711784057,20.67477164,-0.051244337,0.385113314,240.8980499,0,54.88127468,0,,0.062,0,1.524306068,2.848795128,-11.380636,-0.651501339,20.36099897,0.013269206,0.385524029,240.89805,0,54.88127887,0,,0.062,0,1.526535369,2.83296569,-11.32037166,-0.593720114,19.26345,0.03931202,0.365688475,240.8980425,0,54.88128277,0,,0.062,0,1.61730438,2.828668709,-11.30026596,-0.646324657,19.24397885,-0.012540929,0.38442968,240.8980402,0,54.88127908,0,,0.062,0
,,,,,,,,,,,,,,,,,,,,,,,,,,,,,,,,,,,,,,,,,,,,,,,,,,,,,,,,
510185,1.529896919,0.726726076,-2.888989536,0.326510898,22.25425203,-0.770027995,0.451784689,212.2207679,0,53.2572428,0,,0.185,0,1.656955592,0.660041572,-2.622845397,0.305695838,21.75983681,-0.747232914,0.436768658,212.2207371,0,53.25724103,0,,0.185,0,1.676377875,0.622596327,-2.463426537,0.368206022,20.67883189,-0.768127203,0.428328363,212.2207185,0,53.25724518,0,,0.185,0,1.769820373,0.55856698,-2.212031244,0.317023912,20.67329292,-0.841461062,0.423301234,212.2206894,0,53.25724133,0,,0.185,0
,,,,,,,,,,,,,,,,,,,,,,,,,,,,,,,,,,,,,,,,,,,,,,,,,,,,,,,,
510238,2.033961812,18.47097793,21.09010793,70.83937391,19.38682079,1.200583935,0.584712532,149.8177202,149.819375,3.312814483,3.307861111,0.000190639,0.24,0.2206,1.968165212,18.49885337,21.38077709,70.8686912,18.88691575,1.175710082,0.552893487,149.8176999,149.819375,3.312816515,3.307861111,0.000190639,0.24,0.2206,1.94523374,18.72018088,21.68452642,71.70210973,17.73698032,1.160998106,0.526764427,149.8176788,149.819375,3.312874365,3.307861111,0.000190639,0.24,0.2206,2.009194681,19.49807615,22.05553011,74.83989965,17.79411227,1.097535253,0.566301813,149.817653,149.819375,3.313092179,3.307861111,0.000190639,0.24,0.2206
,,,,,,,,,,,,,,,,,,,,,,,,,,,,,,,,,,,,,,,,,,,,,,,,,,,,,,,,
510251,1.932621424,3.06776289,-2.386551654,-12.04042007,20.75691551,1.381084681,0.753792139,244.4939413,0,55.7419242,0,,0.25,0,1.753205013,3.012177559,-2.687418374,-11.74874384,19.89166218,1.3830446,0.739780634,244.4939793,0,55.74194393,0,,0.25,0,1.592735715,3.021699874,-2.738877517,-11.7759661,18.58700036,1.381360769,0.72121947,244.4939856,0,55.74194195,0,,0.25,0,1.417181192,2.985344816,-2.760947932,-11.62133989,18.33392961,1.384439945,0.725846865,244.4939888,0,55.74195264,0,,0.25,0
,,,,,,,,,,,,,,,,,,,,,,,,,,,,,,,,,,,,,,,,,,,,,,,,,,,,,,,,
510266,2.285783228,5.553349679,-19.20042154,-11.19435765,22.60376788,0.420558214,0.285511509,214.0353043,0,51.73132926,0,,0.437,0,1.985967087,5.501466859,-19.32960472,-10.54226021,21.01712835,0.385090947,0.238619839,214.0353194,0,51.73137444,0,,0.437,0,,,,,,,,,,,,,,,1.857089366,5.688194005,-20.71010004,-9.450086038,19.27423099,-0.182966232,0.315690089,214.0354751,0,51.73144947,0,,0.437,0
,,,,,,,,,,,,,,,,,,,,,,,,,,,,,,,,,,,,,,,,,,,,,,,,,,,,,,,,
510457,1.822208012,0.268562819,-0.994739285,-0.406522724,24.0097395,-0.061746135,0.074490237,186.3889319,0,48.13683443,0,,0.502,0,1.747501623,0.241569533,-0.924665108,-0.281657764,23.15170284,-0.215855792,0.072917048,186.3889248,0,48.13684318,0,,0.502,0,1.490295386,0.226065252,-0.843460047,-0.326804314,22.01235,-0.181036398,0.097049032,186.3889163,0,48.13684015,0,,0.502,0,1.674174997,0.213124299,-0.786354213,-0.329953139,21.8790435,-0.197863385,0.114922623,186.3889103,0,48.13684,0,,0.502,0
,,,,,,,,,,,,,,,,,,,,,,,,,,,,,,,,,,,,,,,,,,,,,,,,,,,,,,,,
510550,1.674726525,0.931951483,-0.719364399,3.658323098,22.18090405,-0.917491615,0.607094643,243.2750707,0,55.61191199,0,,0.241,0,1.572971813,1.114364518,-1.102720628,4.319619482,21.45912528,-0.959938228,0.607247722,243.2751184,0,55.61195772,0,,0.241,0,1.547328859,1.184155946,-1.194625925,4.584261015,20.25940058,-0.970729887,0.580369548,243.27513,0,55.61197605,0,,0.241,0,1.619845178,1.20143634,-1.256792536,4.639272642,20.05715982,-0.977749527,0.586619337,243.2751377,0,55.61197984,0,,0.241,0
,,,,,,,,,,,,,,,,,,,,,,,,,,,,,,,,,,,,,,,,,,,,,,,,,,,,,,,,
510578,3.089598503,0.887930005,2.962214451,-1.963185802,25.33162153,0.492895007,0.450217732,241.232252,0,53.91198425,0,,0.38,0,1.82116216,17.82424514,46.18772814,-54.36767034,22.16406938,1.461451173,0.274994312,241.2272968,0,53.9082817,0,,0.38,0,1.82992051,17.78827225,46.14443864,-54.21549188,20.686405,1.428004026,0.276021564,241.2273015,0,53.90829232,0,,0.38,0,1.818953806,17.80698248,46.1493849,-54.30958696,20.35923418,1.381422043,0.295907675,241.2273012,0,53.90828578,0,,0.38,0
,,,,,,,,,,,,,,,,,,,,,,,,,,,,,,,,,,,,,,,,,,,,,,,,,,,,,,,,
510597,2.067842716,11.24584816,-38.56390613,-23.16970516,24.50510183,1.392858505,0.367463297,185.8250083,0,47.82119901,0,,0.46,0,1.72101151,11.27280039,-38.64572919,-23.24286815,23.21183821,1.252807021,0.311415953,185.8250166,0,47.82119387,0,,0.46,0,1.589520068,11.27158177,-38.60854122,-23.29514966,21.81207923,1.151853681,0.306275775,185.8250127,0,47.82119027,0,,0.46,0,1.604238394,11.25203567,-38.53595521,-23.26408912,21.51515941,1.245415211,0.304853828,185.8250053,0,47.82119248,0,,0.46,0
,,,,,,,,,,,,,,,,,,,,,,,,,,,,,,,,,,,,,,,,,,,,,,,,,,,,,,,,
510638,1.367417547,21.79719122,-51.9521805,70.06580719,21.12110245,-1.49331367,0.402266046,243.4759457,0,56.08907204,0,,0.27,0,1.341643581,21.78753817,-51.98767567,69.99134995,20.39850399,-1.483136654,0.399773092,243.47595,0,56.08906685,0,,0.27,0,1.307260691,21.78212686,-52.04107584,69.92464922,19.18801119,-1.473745108,0.389237783,243.4759565,0,56.08906218,0,,0.27,0,1.345920059,21.77897031,-52.02283486,69.92248,18.98760688,-1.48598671,0.406040972,243.4759543,0,56.08906204,0,,0.27,0
,,,,,,,,,,,,,,,,,,,,,,,,,,,,,,,,,,,,,,,,,,,,,,,,,,,,,,,,
520007,1.780885412,0.407944771,-1.34959424,-0.91885358,21.77192938,0.816680551,0.180011837,163.9902072,0,57.2976945,0,,0.26,0,1.58408902,0.42055861,-1.404254488,-0.927988741,20.46697346,0.776848018,0.198552301,163.9902142,0,57.29769375,0,,0.26,0,1.508959658,0.462683344,-1.563999368,-0.991447589,19.11959741,0.736286461,0.177906248,163.9902344,0,57.29768901,0,,0.26,0,1.560544558,0.500109817,-1.680505157,-1.087270489,18.8660796,0.674248815,0.187760621,163.990249,0,57.29768212,0,,0.26,0
,,,,,,,,,,,,,,,,,,,,,,,,,,,,,,,,,,,,,,,,,,,,,,,,,,,,,,,,
520008,1.976513287,2.101165495,3.311339804,-7.72543156,22.3529244,-0.659320414,0.503221298,162.3874722,162.3875125,57.5994235,57.59954833,0.000461613,0.258,0.2576,1.695663223,1.836458437,2.293146483,-6.979254248,21.70938709,-0.655991375,0.630059072,162.3876049,162.3875125,57.59947482,57.59954833,0.000461613,0.258,0.2576,1.470145706,1.84299662,2.222747375,-7.029432592,20.6792367,-0.65778029,0.640511828,162.3876139,162.3875125,57.5994713,57.59954833,0.000461613,0.258,0.2576,1.856123079,2.222671598,3.716209193,-8.077369271,20.44772361,-0.684461474,0.500564868,162.3874194,162.3875125,57.59939925,57.59954833,0.000461613,0.258,0.2576
,,,,,,,,,,,,,,,,,,,,,,,,,,,,,,,,,,,,,,,,,,,,,,,,,,,,,,,,
520019,1.970317467,1.101168051,1.512034522,4.137445408,21.10630984,0.14060092,0.188561296,241.8610004,241.8610083,54.45809144,54.45811833,0.000329662,0.263,0.2627,1.650745126,1.022148931,0.477033941,4.061114598,20.29635208,0.034969505,0.154207902,241.8611241,241.8610083,54.45808708,54.45811833,0.000329662,0.263,0.2627,1.464841717,0.952829629,0.52654078,3.775179848,19.13585372,-0.262925595,0.112376919,241.8611186,241.8610083,54.45806719,54.45811833,0.000329662,0.263,0.2627,1.574830633,1.0032457,0.567613579,3.973065751,18.88656592,0.04022485,0.140713673,241.8611134,241.8610083,54.45808089,54.45811833,0.000329662,0.263,0.2627
,,,,,,,,,,,,,,,,,,,,,,,,,,,,,,,,,,,,,,,,,,,,,,,,,,,,,,,,
520022,1.419887565,2.331155559,9.023968724,-2.375203558,20.09309972,-0.416229278,0.384820662,216.0055889,0,53.46397708,0,,0.119,0,1.387367589,2.327423636,9.005222075,-2.387674597,19.55680594,-0.395388573,0.380356224,216.005591,0,53.46397617,0,,0.119,0,1.420402372,2.315754241,8.998182305,-2.227046515,18.37639423,-0.412656784,0.378633409,216.0055925,0,53.46398729,0,,0.119,0,1.418195613,2.336074675,9.03957423,-2.3932301,18.32369327,-0.395297587,0.392371213,216.005587,0,53.46397587,0,,0.119,0
,,,,,,,,,,,,,,,,,,,,,,,,,,,,,,,,,,,,,,,,,,,,,,,,,,,,,,,,
520023,1.692628549,1.267488195,-0.454740006,-5.051088622,22.53320151,1.215455413,0.572272258,245.239192,0,55.154479,0,,0.27,0,1.417588604,1.29083302,-0.539093236,-5.136710877,21.25219659,1.233203173,0.557564145,245.2392019,0,55.15447286,0,,0.27,0,1.379404358,1.275783783,-0.533472389,-5.076754519,19.87771467,1.22210145,0.55659674,245.2392015,0,55.15447703,0,,0.27,0,1.486436201,1.2632438,-0.519804732,-5.027732267,19.57641922,1.211475611,0.543349033,245.2392,0,55.15448046,0,,0.27,0
,,,,,,,,,,,,,,,,,,,,,,,,,,,,,,,,,,,,,,,,,,,,,,,,,,,,,,,,
520041,2.515677088,0.501806758,-1.99143848,0.256663694,25.28400848,0.005216675,0.057823227,184.1385861,184.1385125,45.96206098,45.96211611,0.000114421,0.545,0.5443,2.291609701,0.568661362,-2.267632041,0.187798064,24.1012341,-0.467385918,0.036293331,184.1386137,184.1385125,45.9620564,45.96211611,0.000114421,0.545,0.5443,2.324422082,0.528967595,-2.104817463,0.222823871,22.44597478,-0.651925802,0.047025744,184.1385974,184.1385125,45.96205871,45.96211611,0.000114421,0.545,0.5443,2.067102423,0.551910773,-2.206525028,0.08975443,22.36699536,1.248623013,0.026095222,184.1386078,184.1385125,45.96204955,45.96211611,0.000114421,0.545,0.5443
,,,,,,,,,,,,,,,,,,,,,,,,,,,,,,,,,,,,,,,,,,,,,,,,,,,,,,,,
520062,1.609931728,1.21945476,-4.825218472,-0.72457691,23.03793266,-0.409843475,0.216513933,244.4519474,0,54.6333251,0,,0.308,0,1.583694794,1.215242194,-4.785720514,-0.860512744,22.17874714,-0.380562067,0.239124736,244.4519422,0,54.63331573,0,,0.308,0,1.501654667,1.236084691,-4.874936357,-0.834598619,21.03755151,-0.441125184,0.214076442,244.451953,0,54.63331738,0,,0.308,0,1.520420349,1.23312798,-4.856632888,-0.870521636,20.73915132,-0.3979747,0.219703469,244.4519507,0,54.63331492,0,,0.308,0
,,,,,,,,,,,,,,,,,,,,,,,,,,,,,,,,,,,,,,,,,,,,,,,,,,,,,,,,
520071,1.721984836,1.777526564,3.865075119,5.970061645,22.96715268,-1.305666447,0.285822118,215.5035554,0,53.61974981,0,,0.411,0,1.482814342,1.862571242,4.171345435,6.175464398,21.99619005,-1.411846757,0.136408693,215.5035203,0,53.61976468,0,,0.411,0,1.504532327,1.884362278,4.174891721,6.278036936,20.80546678,-1.383927464,0.12673557,215.5035202,0,53.6197718,0,,0.411,0,1.643839221,1.832236196,4.067280081,6.099127583,20.66492355,-1.315573215,0.15856793,215.5035322,0,53.61975917,0,,0.411,0
,,,,,,,,,,,,,,,,,,,,,,,,,,,,,,,,,,,,,,,,,,,,,,,,,,,,,,,,
520077,2.33221272,1.171808634,-2.751182894,3.797693538,21.59025391,0.365713686,0.131587392,244.6632845,0,55.68447227,0,,0.25,0,2.826578927,16.64003508,-45.18132515,48.92188362,23.24776163,0.277124941,0.395591397,244.6686564,0,55.68752391,0,,0.25,0,3.074635647,1.124249389,-2.621607542,3.656466915,16.63318397,0.498818398,0.109329809,244.6632681,0,55.68446271,0,,0.25,0,2.467655099,1.161459502,-2.759455064,3.740349902,18.50520411,0.424782932,0.08900438,244.6632853,0,55.68446827,0,,0.25,0
,,,,,,,,,,,,,,,,,,,,,,,,,,,,,,,,,,,,,,,,,,,,,,,,,,,,,,,,
520107,2.692314314,0.993977888,-3.973267999,0.162141636,25.93340473,1.565442801,0.311008985,184.1613773,0,47.81606147,0,,0.519,0,2.003486844,0.907168194,-3.620317548,0.254697936,24.97325225,0.441612512,0.125870761,184.1613407,0,47.81606763,0,,0.519,0,1.934273382,0.920415951,-3.682098575,-0.038581251,23.45562813,-1.445944071,0.144576156,184.1613474,0,47.81604732,0,,0.519,0,2.005520122,0.918107394,-3.673056478,0.004825282,23.18340862,-0.602412462,0.044522837,184.1613464,0,47.81605032,0,,0.519,0
,,,,,,,,,,,,,,,,,,,,,,,,,,,,,,,,,,,,,,,,,,,,,,,,,,,,,,,,
520188,1.890153157,28.81915808,-10.48645653,114.840204,22.4608852,-0.009165146,0.703687417,215.5256051,0,52.55258942,0,,0.283,0,1.642631425,30.49706236,-48.99494143,-111.784496,22.06339475,0.381809831,0.457133408,215.5292483,0,52.53678745,0,,0.283,0,1.47636869,30.4769525,-48.90899268,-111.7342608,20.63651368,0.37257424,0.438442803,215.5292387,0,52.53679111,0,,0.283,0,1.536016139,30.48093368,-48.99858513,-111.7124295,20.38645814,0.378361285,0.463926315,215.529249,0,52.53679244,0,,0.283,0
,,,,,,,,,,,,,,,,,,,,,,,,,,,,,,,,,,,,,,,,,,,,,,,,,,,,,,,,
530037,1.845858483,1.925184944,6.621945585,3.935504648,21.97678087,-0.041922621,0.277177099,333.6702944,0,-1.050157363,0,,0.27,0,1.655950484,1.941295201,6.679669341,3.964546268,21.11996246,0.068327256,0.196176787,333.6702904,0,-1.050155347,0,,0.27,0,1.502691045,1.957898074,6.81124056,3.870231283,20.03836901,0.098808818,0.205308045,333.6702812,0,-1.050161892,0,,0.27,0,1.570343631,1.962318384,6.834525884,3.865014007,19.71206771,0.09593308,0.185192539,333.6702796,0,-1.050162254,0,,0.27,0
,,,,,,,,,,,,,,,,,,,,,,,,,,,,,,,,,,,,,,,,,,,,,,,,,,,,,,,,
530061,1.498179544,5.247745449,-19.53535829,7.690438687,19.86176441,0.372047991,0.549446588,334.142519,334.1423625,-0.743154954,-0.743052778,0.001358085,0.089,0.0891,1.370799386,5.193200017,-19.21142472,7.910749907,18.99388418,0.370019048,0.567018755,334.1424965,334.1423625,-0.743139661,-0.743052778,0.001358085,0.089,0.0891,1.323752521,5.182869648,-19.12213853,8.017943833,17.8146878,0.380700469,0.570523686,334.1424903,334.1423625,-0.743132219,-0.743052778,0.001358085,0.089,0.0891,1.332035861,5.192266703,-19.15700707,8.032008302,17.51832622,0.378429472,0.568123905,334.1424927,334.1423625,-0.743131243,-0.743052778,0.001358085,0.089,0.0891
,,,,,,,,,,,,,,,,,,,,,,,,,,,,,,,,,,,,,,,,,,,,,,,,,,,,,,,,
530085,2.009106065,1.284576126,-4.611352358,-2.268544867,25.42799325,0.074325509,0.377919737,333.1813785,333.1812583,-0.085579745,-0.085491667,0.000211713,0.682,0.6824,2.284584511,1.112248279,-3.98037343,-1.989134523,24.42671355,0.140517771,0.428663427,333.1813347,333.1812583,-0.085560343,-0.085491667,0.000211713,0.682,0.6824,2.023169001,1.207116479,-4.336466402,-2.125282774,23.19157998,0.323843777,0.381321586,333.1813594,333.1812583,-0.085569797,-0.085491667,0.000211713,0.682,0.6824,1.892315179,1.146316731,-4.134067979,-1.98522636,23.08621455,0.251619607,0.310844445,333.1813454,333.1812583,-0.085560072,-0.085491667,0.000211713,0.682,0.6824
,,,,,,,,,,,,,,,,,,,,,,,,,,,,,,,,,,,,,,,,,,,,,,,,,,,,,,,,
530086,1.39561831,5.459170117,-20.58395258,7.316366066,18.82061208,-0.464291334,0.456666806,332.867408,332.8673167,-0.029236489,-0.029172222,0.001454766,0.052,0.0521,1.304695243,5.514956567,-20.77679386,7.440186072,18.05859871,-0.473076791,0.457300938,332.8674214,332.8673167,-0.029227892,-0.029172222,0.001454766,0.052,0.0521,1.286998582,5.540506586,-20.84180713,7.561325005,16.91986322,-0.479877293,0.456637151,332.8674259,332.8673167,-0.029219482,-0.029172222,0.001454766,0.052,0.0521,1.30602305,5.506600292,-20.73035259,7.470553752,16.66217977,-0.482779771,0.450409014,332.8674182,332.8673167,-0.029225784,-0.029172222,0.001454766,0.052,0.0521
,,,,,,,,,,,,,,,,,,,,,,,,,,,,,,,,,,,,,,,,,,,,,,,,,,,,,,,,
530128,1.807376422,2.085923078,8.336520006,-0.433389807,19.96053411,-1.520017147,0.159940418,334.7264128,0,1.692386814,0,,0.113,0,1.821490887,2.000417146,7.99311387,-0.446898412,19.4609415,-1.423588991,0.176404987,334.7264366,0,1.692385867,0,,0.113,0,1.845814425,1.942539955,7.759439592,-0.47539888,18.43964849,-1.333441734,0.155771619,334.7264528,0,1.692383883,0,,0.113,0,1.880688996,2.014109686,8.046305783,-0.476515243,18.34889663,-1.514636636,0.15276254,334.7264329,0,1.692383813,0,,0.113,0
,,,,,,,,,,,,,,,,,,,,,,,,,,,,,,,,,,,,,,,,,,,,,,,,,,,,,,,,
530175,1.468387953,3.2848178,2.811727854,12.83711265,20.58907078,0.148233533,0.280484032,352.2997589,0,-1.177389239,0,,0.15,0,1.535169577,3.259790114,2.844512947,12.7273077,20.02588104,0.171011373,0.284701745,352.2997566,0,-1.177396863,0,,0.15,0,1.725855179,3.280031151,2.988845319,12.77736066,18.79807429,0.164714977,0.280367904,352.2997466,0,-1.177393388,0,,0.15,0,1.946366218,3.279974204,3.042772963,12.7643894,18.61535165,0.150621384,0.286154851,352.2997428,0,-1.177394288,0,,0.15,0
,,,,,,,,,,,,,,,,,,,,,,,,,,,,,,,,,,,,,,,,,,,,,,,,,,,,,,,,
530219,2.859278605,13.42117433,41.15582666,34.48473967,22.40664537,-0.529134989,0.598139562,351.5257552,0,-0.317027465,0,,0.33,0,1.819851572,28.85056503,-28.6031072,111.8128297,23.76762205,0.214367688,0.119038343,351.5305993,0,-0.311658348,0,,0.33,0,1.672807978,28.8496805,-28.60938072,111.8075723,21.91170385,0.268361002,0.138699281,351.5305997,0,-0.311658713,0,,0.33,0,,,,,,,,,,,,,,
,,,,,,,,,,,,,,,,,,,,,,,,,,,,,,,,,,,,,,,,,,,,,,,,,,,,,,,,
530240,1.575124051,2.104926687,-7.985895524,-2.681690138,21.40005865,0.220141292,0.76705636,351.1809793,0,0.267658331,0,,0.1184,0,1.579743827,2.113164723,-7.97649968,-2.81038313,20.87015942,0.220681906,0.754912603,351.1809786,0,0.267649397,0,,0.1184,0,1.477777154,2.103037044,-7.936083238,-2.803117894,19.60743949,0.21535252,0.742937458,351.1809758,0,0.267649901,0,,0.1184,0,1.531737806,2.121007349,-8.001177384,-2.834759582,19.42217479,0.219625846,0.744491246,351.1809804,0,0.267647705,0,,0.1184,0
,,,,,,,,,,,,,,,,,,,,,,,,,,,,,,,,,,,,,,,,,,,,,,,,,,,,,,,,
530249,1.796388151,8.691682331,-34.49875776,-4.362191022,22.90729681,0.113993146,0.216587181,352.3996871,0,0.688947143,0,,0.28,0,1.728233808,8.726071484,-34.65139567,-4.249827006,22.61200809,0.095790677,0.259704424,352.3996977,0,0.688954943,0,,0.28,0,1.607179543,8.714700921,-34.59287346,-4.351928394,21.5857699,0.214086577,0.280312573,352.3996937,0,0.688947855,0,,0.28,0,1.682944674,8.744018707,-34.71282048,-4.338089009,21.57415529,0.123240001,0.311912329,352.399702,0,0.688948816,0,,0.28,0
,,,,,,,,,,,,,,,,,,,,,,,,,,,,,,,,,,,,,,,,,,,,,,,,,,,,,,,,
530251,1.935630906,37.16326881,-99.10763618,110.8630435,23.40520125,1.216277003,0.015514384,334.6411576,0,1.122586802,0,,0.41,0,2.728963805,1.094773546,-2.911326917,-3.272214507,25.03551741,0.253534913,0.15557669,334.6344772,0,1.114664447,0,,0.41,0,2.264285989,1.122543246,-2.348725117,-3.82790401,24.09697133,-0.529893219,0.228531994,334.6344381,0,1.114625877,0,,0.41,0,2.900998242,1.288817402,-2.959063707,-4.22262608,24.12742737,0.477396607,0.231832477,334.6344805,0,1.114598464,0,,0.41,0
,,,,,,,,,,,,,,,,,,,,,,,,,,,,,,,,,,,,,,,,,,,,,,,,,,,,,,,,
540163,1.913705494,1.370419669,1.732328028,-5.202368217,23.34308606,-0.988028049,0.123183577,36.07220878,36.0721125,-3.309702867,-3.309672222,0.000395038,0.33,0.3305,1.64808347,1.341744667,1.605275926,-5.122858438,22.42646088,-0.68085742,0.089551769,36.07221761,36.0721125,-3.309697345,-3.309672222,0.000395038,0.33,0.3305,1.580701163,1.322317944,1.6988027,-5.010597929,21.38275392,-0.803676724,0.11908718,36.0722111,36.0721125,-3.309689553,-3.309672222,0.000395038,0.33,0.3305,1.565207865,1.353537469,1.811694757,-5.103638319,21.21710421,-0.733615637,0.075928993,36.07220325,36.0721125,-3.309696013,-3.309672222,0.000395038,0.33,0.3305
,,,,,,,,,,,,,,,,,,,,,,,,,,,,,,,,,,,,,,,,,,,,,,,,,,,,,,,,
550005,1.407111129,4.733813365,-6.000910114,-17.96417801,19.21381311,0.632598579,0.465505023,51.93646882,0,-28.48830389,0,,0.074,0,1.417973539,4.796872544,-6.231501426,-18.15243862,18.85012338,0.629568875,0.462877493,51.93648689,0,-28.48831711,0,,0.074,0,1.423195812,4.792441735,-6.363232468,-18.08787192,17.7194616,0.637863457,0.467495241,51.93649735,0,-28.48831272,0,,0.074,0,1.452701409,4.791318115,-6.382543885,-18.07629646,17.60911746,0.640542746,0.459360079,51.93649888,0,-28.48831193,0,,0.074,0
,,,,,,,,,,,,,,,,,,,,,,,,,,,,,,,,,,,,,,,,,,,,,,,,,,,,,,,,
550041,1.837381322,16.29045606,-14.82430123,-63.45793843,23.05447809,1.433516502,0.43788767,352.5414672,0,-0.870834227,0,,0.26,0,1.543670337,16.34622381,-14.93405343,-63.66136515,22.5594082,1.38687098,0.477798555,352.5414748,0,-0.870848352,0,,0.26,0,1.593181804,16.33054487,-14.8722606,-63.61141834,21.47892437,1.40064311,0.489170545,352.5414705,0,-0.870844884,0,,0.26,0,1.687173553,16.31439659,-14.98603599,-63.51834342,21.23145384,1.427074432,0.476766852,352.5414784,0,-0.870838421,0,,0.26,0
,,,,,,,,,,,,,,,,,,,,,,,,,,,,,,,,,,,,,,,,,,,,,,,,,,,,,,,,
550059,2.416730015,5.405143889,1.67144281,-21.56186914,23.8732452,-0.162119269,0.105180906,351.3028004,0,-1.026002479,0,,0.32,0,2.231157184,5.406074911,1.874967742,-21.54890456,22.15529955,-0.324244112,0.091220977,351.3027863,0,-1.026001574,0,,0.32,0,1.716801087,4.870129832,0.769451079,-19.470567,20.32838524,-1.080510497,0.468777389,351.3028631,0,-1.025857307,0,,0.32,0,1.712043239,4.931296023,1.005916025,-19.70488008,19.95099782,-1.065168619,0.448595361,351.3028466,0,-1.02587357,0,,0.32,0
,,,,,,,,,,,,,,,,,,,,,,,,,,,,,,,,,,,,,,,,,,,,,,,,,,,,,,,,
550096,1.231305911,7.438110964,13.82738441,26.36430294,19.54079714,1.466269016,0.548212803,52.7755629,52.77679167,-26.39609286,-26.39786111,0.00015896,0.212,0.224,1.109964019,7.307277232,13.48770882,25.95094438,18.80997065,1.286328554,0.538988933,52.77558914,52.77679167,-26.39612161,-26.39786111,0.00015896,0.212,0.224,1.074836601,7.293320681,13.49733123,25.8829511,17.66394205,1.284270883,0.54031896,52.77558838,52.77679167,-26.39612632,-26.39786111,0.00015896,0.212,0.224,1.118535596,7.290109051,13.53011379,25.85131371,17.55922262,1.296138406,0.541153052,52.77558583,52.77679167,-26.39612851,-26.39786111,0.00015896,0.212,0.224
,,,,,,,,,,,,,,,,,,,,,,,,,,,,,,,,,,,,,,,,,,,,,,,,,,,,,,,,
550130,1.398714633,5.871654806,-22.38073658,-7.122780562,19.6623928,-0.140094221,0.099354826,36.0187963,0,-4.357497117,0,,0.095,0,1.388569063,5.886321564,-22.40816445,-7.229441521,19.04982711,-0.164228737,0.099293414,36.01879821,0,-4.357504524,0,,0.095,0,1.389314994,5.887072351,-22.43734478,-7.148261125,18.04983669,-0.139839485,0.101209309,36.01880025,0,-4.357498886,0,,0.095,0,1.440275771,5.891696738,-22.45815681,-7.143864416,17.94409897,-0.111199223,0.09541736,36.01880169,0,-4.35749858,0,,0.095,0
,,,,,,,,,,,,,,,,,,,,,,,,,,,,,,,,,,,,,,,,,,,,,,,,,,,,,,,,
550137,1.402014964,19.08222371,74.30096082,-17.53538262,20.33471628,1.293455124,0.233942182,334.7489453,0,0.02843799,0,,0.421,0,1.418551292,19.09392743,74.33005662,-17.6157728,19.72842318,1.279989362,0.21411099,334.7489433,0,0.028432408,0,,0.421,0,1.392259838,19.13897782,74.49609739,-17.69665887,18.57336331,1.292901278,0.179927947,334.7489317,0,0.028426792,0,,0.421,0,1.41821912,19.14184011,74.5104933,-17.68560375,18.38823055,1.338698268,0.161531479,334.7489307,0,0.028427559,0,,0.421,0
,,,,,,,,,,,,,,,,,,,,,,,,,,,,,,,,,,,,,,,,,,,,,,,,,,,,,,,,
550154,1.70223513,1.49571782,-5.908426614,0.946597151,22.85656881,-0.113537468,0.591420232,36.35597769,36.35591667,-3.596142392,-3.596075,0.000373893,0.212,0.2119,1.511350257,1.516501777,-5.988586519,0.971799038,21.77928876,-0.096369013,0.562439406,36.35598326,36.35591667,-3.59614064,-3.596075,0.000373893,0.212,0.2119,1.409944433,1.502226722,-5.929216627,0.980961665,20.6072427,-0.10428486,0.57508566,36.35597913,36.35591667,-3.596140006,-3.596075,0.000373893,0.212,0.2119,1.462927778,1.51392643,-5.981652222,0.949981881,20.39639142,-0.095786639,0.559367904,36.35598278,36.35591667,-3.596142155,-3.596075,0.000373893,0.212,0.2119
,,,,,,,,,,,,,,,,,,,,,,,,,,,,,,,,,,,,,,,,,,,,,,,,,,,,,,,,
550155,2.435709451,0.954669293,1.818790636,3.358200158,23.93175737,0.193017647,0.273422877,36.06047757,0,-3.58479185,0,,0.515,0,2.000496843,0.929574271,2.05215482,3.101171194,22.42008026,0.212197468,0.285920205,36.06046134,0,-3.5848097,0,,0.515,0,1.840189483,0.889297188,1.72559331,3.111059061,21.08180349,0.30004558,0.328952507,36.06048406,0,-3.584809009,0,,0.515,0,1.75566045,0.90864977,1.844298106,3.132365942,20.80085823,0.312120199,0.328730118,36.0604758,0,-3.584807531,0,,0.515,0
,,,,,,,,,,,,,,,,,,,,,,,,,,,,,,,,,,,,,,,,,,,,,,,,,,,,,,,,
550190,1.327565425,4.168420585,-16.57569251,1.823158035,18.04975426,-0.38548854,0.216461892,53.26799532,53.26779167,-26.96471078,-26.96463889,0.000989692,0.06,0.0598,1.319404423,4.072394578,-16.19002567,1.815572795,17.65825641,-0.412630051,0.219673441,53.26796528,53.26779167,-26.96471135,-26.96463889,0.000989692,0.06,0.0598,1.313384849,4.101463686,-16.30498606,1.833926194,16.49678589,-0.424135089,0.213126759,53.26797423,53.26779167,-26.96471006,-26.96463889,0.000989692,0.06,0.0598,1.323427382,4.051901322,-16.12099087,1.691787104,16.37712826,-0.420082569,0.220927687,53.26795991,53.26779167,-26.96471995,-26.96463889,0.000989692,0.06,0.0598
,,,,,,,,,,,,,,,,,,,,,,,,,,,,,,,,,,,,,,,,,,,,,,,,,,,,,,,,
550197,1.546657307,1.933425608,7.464060943,2.02968653,21.07653903,0.679876447,0.316830517,333.8096108,333.8095667,1.273574207,1.273658333,0.000605702,0.248,0.2494,1.473117349,1.863604994,7.104386674,2.262031878,20.09766447,0.705224872,0.287672773,333.8096358,333.8095667,1.273590339,1.273658333,0.000605702,0.248,0.2494,1.383445957,1.81503788,6.941328208,2.132436042,18.94777617,0.718056321,0.277642313,333.8096471,333.8095667,1.273581342,1.273658333,0.000605702,0.248,0.2494,1.401192096,1.833043699,6.976219809,2.261252296,18.69328207,0.740398765,0.28262825,333.8096447,333.8095667,1.273590285,1.273658333,0.000605702,0.248,0.2494
,,,,,,,,,,,,,,,,,,,,,,,,,,,,,,,,,,,,,,,,,,,,,,,,,,,,,,,,
550202,1.32565635,24.49230064,94.98299453,-24.04858612,19.98753884,0.138258532,0.509960007,351.7932914,0,-0.784596877,0,,0.422,0,1.274453181,24.52743134,95.11229263,-24.11048487,19.38656988,0.139259249,0.50233922,351.7932824,0,-0.784601174,0,,0.422,0,1.256130822,24.5544028,95.2328442,-24.07393342,18.09333635,0.141470373,0.496165448,351.793274,0,-0.784598635,0,,0.422,0,1.283535542,24.59853578,95.3996778,-24.13434316,17.85532112,0.137913674,0.491463835,351.7932624,0,-0.784602828,0,,0.422,0
,,,,,,,,,,,,,,,,,,,,,,,,,,,,,,,,,,,,,,,,,,,,,,,,,,,,,,,,
550218,1.825796126,27.32782738,-23.68019835,106.7434896,24.31358686,-1.370123863,0.082592056,332.9287392,0,0.908691652,0,,0.389,0,1.619525609,27.35698959,-23.70034368,106.8585358,23.0089957,-0.792550027,0.005104762,332.9287406,0,0.908699639,0,,0.389,0,1.343354638,27.35171101,-23.78426817,106.8182381,20.75861328,-0.957278311,0.030093858,332.9287464,0,0.908696843,0,,0.389,0,1.29375844,27.35348932,-23.77131637,106.8284123,20.04196561,-0.917012036,0.029108815,332.9287455,0,0.908697549,0,,0.389,0
,,,,,,,,,,,,,,,,,,,,,,,,,,,,,,,,,,,,,,,,,,,,,,,,,,,,,,,,
550221,2.051111775,10.27207888,25.06311524,-32.56682781,24.08263627,-0.335323781,0.186350721,35.46653878,0,-3.435804773,0,,0.78,0,1.64864513,10.26319638,25.04115078,-32.53889118,23.13156044,-0.677275181,0.337117848,35.46654031,0,-3.435802834,0,,0.78,0,1.819928413,10.27319218,24.99044334,-32.62824871,21.94882846,-0.642644823,0.346047044,35.46654383,0,-3.435809039,0,,0.78,0,1.737938653,10.26969028,25.03204467,-32.57866978,21.86244259,-0.61555779,0.302075489,35.46654094,0,-3.435805596,0,,0.78,0
,,,,,,,,,,,,,,,,,,,,,,,,,,,,,,,,,,,,,,,,,,,,,,,,,,,,,,,,
560027,2.369932831,25.93496028,19.32430687,101.9675452,23.89048816,-1.363011718,0.253818764,35.8492816,0,-3.076869062,0,,0.44,0,1.933004231,25.96794308,19.397589,102.0879768,22.21021155,-0.978529572,0.178798967,35.84927651,0,-3.076860702,0,,0.44,0,1.73092961,26.00057782,19.27253865,102.2445643,20.79987033,-0.819501996,0.16144375,35.8492852,0,-3.076849833,0,,0.44,0,1.780737894,25.96809412,19.3346654,102.1005323,20.47270259,-0.78877151,0.148585561,35.84928088,0,-3.076859831,0,,0.44,0
,,,,,,,,,,,,,,,,,,,,,,,,,,,,,,,,,,,,,,,,,,,,,,,,,,,,,,,,
560033,1.648662319,2.762332076,-8.16606079,-7.450750196,21.16924773,0.782360852,0.416655096,353.5992044,0,-0.683592121,0,,0.083,0,1.645803012,2.784254785,-8.1959977,-7.547905843,20.67794755,0.864260912,0.372439016,353.5992065,0,-0.683598866,0,,0.083,0,1.567578057,2.737242227,-8.017444889,-7.463813094,19.53863857,0.871955931,0.346854491,353.5991941,0,-0.683593031,0,,0.083,0,1.581614219,2.764346654,-8.11066495,-7.522843673,19.4409844,0.833295703,0.407277426,353.5992006,0,-0.683597127,0,,0.083,0
,,,,,,,,,,,,,,,,,,,,,,,,,,,,,,,,,,,,,,,,,,,,,,,,,,,,,,,,
560054,,,,,,,,,,,,,,,1.887132032,28.30006387,112.5469723,-12.4517607,21.13131439,-1.565050602,0.601289164,353.2879907,0,-0.337273696,0,,0.3,0,1.781633385,28.28828625,112.2082704,-14.84916651,20.08637727,1.563092232,0.613838526,353.2880142,0,-0.337440155,0,,0.3,0,1.721107193,11.97532997,1.738021181,47.87694241,22.03198843,1.457035422,0.335409634,353.2956831,0,-0.333084058,0,,0.3,0
,,,,,,,,,,,,,,,,,,,,,,,,,,,,,,,,,,,,,,,,,,,,,,,,,,,,,,,,
560087,2.387949845,0.906035511,2.282140774,-2.816642382,22.84755114,-1.445632696,0.28741604,352.6753457,0,-1.556184437,0,,0.31,0,1.689946149,25.59197503,65.36881074,-78.8153511,20.52765694,-0.665535033,0.156499633,352.6709643,0,-1.561460734,0,,0.31,0,,,,,,,,,,,,,,,1.587711957,25.60471713,65.51988429,-78.75609831,18.7569876,-0.538037956,0.129352833,352.6709538,0,-1.561456623,0,,0.31,0
,,,,,,,,,,,,,,,,,,,,,,,,,,,,,,,,,,,,,,,,,,,,,,,,,,,,,,,,
560116,1.626667993,0.187390859,0.614602617,-0.429335542,21.28309323,0.897670209,0.759785285,36.80181556,36.80175833,-4.578143754,-4.578088889,0.000102768,0.075,0.0758,1.581242653,0.212254357,0.508842056,-0.679808825,20.51050932,0.899248123,0.741529785,36.80182295,36.80175833,-4.578161136,-4.578088889,0.000102768,0.075,0.0758,1.491284784,0.212191441,0.484868833,-0.696800666,19.39007184,0.898936987,0.734116023,36.80182462,36.80175833,-4.578162313,-4.578088889,0.000102768,0.075,0.0758,1.517353285,0.215234804,0.439751997,-0.740310561,19.20145225,0.901864946,0.720279819,36.80182777,36.80175833,-4.57816533,-4.578088889,0.000102768,0.075,0.0758
,,,,,,,,,,,,,,,,,,,,,,,,,,,,,,,,,,,,,,,,,,,,,,,,,,,,,,,,
560121,1.897839231,28.76423299,-50.91293424,103.1840341,23.70002151,-0.15686509,0.130931261,36.34233729,0,-4.388093634,0,,0.365,0,1.735256669,28.71988825,-50.92047744,102.982465,22.55436303,-0.614674449,0.130552426,36.34233783,0,-4.388107631,0,,0.365,0,2.416803053,0.335687524,-1.286050607,-0.386406188,24.65734138,1.241364002,0.283493135,36.33888542,0,-4.395287888,0,,0.365,0,1.59002067,28.74166152,-50.90457822,103.0874695,21.1527597,-0.509700298,0.17437819,36.34233672,0,-4.38810034,0,,0.365,0
,,,,,,,,,,,,,,,,,,,,,,,,,,,,,,,,,,,,,,,,,,,,,,,,,,,,,,,,
560152,2.022434983,4.6711411,-1.158333244,18.65519185,21.14397983,1.284298539,0.529472934,334.800293,0,1.161517262,0,,0.25,0,2.002870929,4.650468443,-1.552787274,18.54358576,20.12300673,1.30629158,0.489662035,334.8003204,0,1.161509506,0,,0.25,0,1.993346262,4.658470985,-1.57532751,18.57382551,18.88511759,1.319846988,0.464403389,334.800322,0,1.161511605,0,,0.25,0,2.061827207,4.639074436,-1.68164836,18.4865927,18.54757544,1.332771063,0.479353276,334.8003294,0,1.161505547,0,,0.25,0
,,,,,,,,,,,,,,,,,,,,,,,,,,,,,,,,,,,,,,,,,,,,,,,,,,,,,,,,
570022,2.240693424,1.305838015,4.034372018,-3.320619869,23.99548132,-0.469073832,0.451746685,351.1235616,351.1235333,-0.484572166,-0.484494444,0.000344098,0.3,0.3031,,,,,,,,,,,,,,,1.752459909,1.209240863,3.614503968,-3.216787253,22.44078634,-0.374182492,0.459454465,351.1235907,351.1235333,-0.484564962,-0.484494444,0.000344098,0.3,0.3031,1.817457666,1.233304132,3.680450968,-3.28750361,22.27394402,-0.458512604,0.456408343,351.1235861,351.1235333,-0.484569871,-0.484494444,0.000344098,0.3,0.3031
,,,,,,,,,,,,,,,,,,,,,,,,,,,,,,,,,,,,,,,,,,,,,,,,,,,,,,,,
570025,2.00508244,14.48922495,-34.41015492,-46.65272115,24.25130818,0.425445795,0.011304152,335.0620093,335.0595208,0.37431885,0.377441667,0.000153658,0.3,0.2128,2.014194254,14.43946748,-34.1880329,-46.56898052,23.55886167,0.864546061,0.124802255,335.0619939,335.0595208,0.374324666,0.377441667,0.000153658,0.3,0.2128,1.623232955,14.4029493,-34.04734561,-46.49095085,22.68962448,0.566161394,0.088405821,335.0619841,335.0595208,0.374330085,0.377441667,0.000153658,0.3,0.2128,1.676652044,14.43082502,-34.16429519,-46.54351096,22.43862173,1.02594614,0.15795832,335.0619923,335.0595208,0.374326435,0.377441667,0.000153658,0.3,0.2128
,,,,,,,,,,,,,,,,,,,,,,,,,,,,,,,,,,,,,,,,,,,,,,,,,,,,,,,,
570062,2.061573434,0.378199726,-1.11175804,-1.026335559,22.72727331,0.635006309,0.232321835,353.101798,353.1017583,0.295517628,0.295563889,4.51E-05,0.125,0.1248,1.301595791,34.10411362,114.5157137,-74.21854701,19.19656413,-1.451724648,0.446378662,353.0937709,353.1017583,0.290436693,0.295563889,4.51E-05,0.125,0.1248,1.329853616,34.19593717,114.25228,-75.29334449,18.29476423,-1.479276896,0.434351664,353.0937892,353.1017583,0.290362072,0.295563889,4.51E-05,0.125,0.1248,2.168098883,0.359635915,-1.009850921,-1.024859797,21.16058544,0.703110456,0.303655135,353.101791,353.1017583,0.295517731,0.295563889,4.51E-05,0.125,0.1248
,,,,,,,,,,,,,,,,,,,,,,,,,,,,,,,,,,,,,,,,,,,,,,,,,,,,,,,,
570096,,,,,,,,,,,,,,,1.227975596,12.97806071,-41.6408445,31.05548776,16.69353983,1.326910973,0.177739854,128.6979707,0,43.72712411,0,,0.027,0,1.218926317,13.0070344,-41.80762951,31.02562247,15.78721159,1.300573111,0.171251838,128.6979868,0,43.7271223,0,,0.027,0,1.228618668,13.03804221,-42.06443045,30.88678638,15.72001262,1.284834743,0.173236495,128.6980118,0,43.72711307,0,,0.027,0
,,,,,,,,,,,,,,,,,,,,,,,,,,,,,,,,,,,,,,,,,,,,,,,,,,,,,,,,
580028,2.368569611,1.049990683,0.074870871,-4.202067007,24.04469031,-1.380914211,0.356891083,149.8360657,0,0.734302826,0,,0.044,0,1.997575151,0.951699578,0.063093729,-3.808787234,23.80066755,-1.335387707,0.33016021,149.8360665,0,0.734330119,0,,0.044,0,2.037546531,1.031989576,0.133879408,-4.128515298,22.62255177,-1.226555228,0.366740035,149.8360616,0,0.73430793,0,,0.044,0,2.368801457,0.980292246,-0.011524628,-3.923733734,22.69681544,-1.251970053,0.375272606,149.8360717,0,0.734322142,0,,0.044,0
,,,,,,,,,,,,,,,,,,,,,,,,,,,,,,,,,,,,,,,,,,,,,,,,,,,,,,,,
580084,1.469985175,0.876241496,0.376930923,-3.485687985,21.62970809,0.481237411,0.201626309,148.6071949,0,2.324960763,0,,0.121,0,1.447376517,0.886093013,0.445921512,-3.517273242,21.21409906,0.361385822,0.215596028,148.6071901,0,2.324958565,0,,0.121,0,1.45796569,0.874629255,0.327770496,-3.484174203,19.9971833,0.368434101,0.226302481,148.6071983,0,2.324960871,0,,0.121,0,1.57074763,0.886715688,0.451120852,-3.519122113,20.05442307,0.390325397,0.21916587,148.6071897,0,2.324958437,0,,0.121,0
,,,,,,,,,,,,,,,,,,,,,,,,,,,,,,,,,,,,,,,,,,,,,,,,,,,,,,,,
580098,1.270738056,21.39538748,-49.99365385,-69.49636692,16.53056463,1.021853924,0.718635999,150.1116101,0,3.376564412,0,,0.0066,0,1.237334088,22.89631672,-54.02597092,-73.99087939,15.79909527,1.027445197,0.721357395,150.1118905,0,3.376252393,0,,0.0066,0,1.21435139,23.71314648,-55.68672445,-76.82457181,14.48358554,1.035870194,0.713378852,150.112006,0,3.376055679,0,,0.0066,0,,,,,,,,,,,,,,
,,,,,,,,,,,,,,,,,,,,,,,,,,,,,,,,,,,,,,,,,,,,,,,,,,,,,,,,
580234,1.466279425,24.87034852,-59.47138124,-79.77051455,20.78346828,-1.391261339,0.219156245,150.9401675,0,2.757763953,0,,0.184,0,1.343230175,24.86933457,-59.54051985,-79.71386398,19.88794729,-1.421514153,0.214707098,150.9401723,0,2.757767882,0,,0.184,0,1.273520858,24.83770124,-59.48621319,-79.59646113,18.57157678,-1.444666982,0.214428869,150.9401685,0,2.757776036,0,,0.184,0,1.317591513,24.880912,-59.52755864,-79.78133905,18.41185334,-1.437431931,0.211162226,150.9401714,0,2.757763198,0,,0.184,0
,,,,,,,,,,,,,,,,,,,,,,,,,,,,,,,,,,,,,,,,,,,,,,,,,,,,,,,,
580235,2.272929711,10.22659777,-23.5676519,33.43803994,24.91897609,0.778997838,0.207725541,150.2365094,150.2357917,2.581927216,2.579111111,0.001044362,0.33,-9.999,1.679364625,30.84171113,-118.5263082,-34.23290643,22.7926505,-1.40597415,0.267175149,150.2431095,150.2357917,2.57722685,2.579111111,0.001044362,0.33,-9.999,1.561854203,30.80497049,-118.4126348,-34.0966938,21.40261438,-1.353633881,0.260961843,150.2431016,150.2357917,2.57723631,2.579111111,0.001044362,0.33,-9.999,1.647370025,30.84405967,-118.5510578,-34.18102725,21.2681265,-1.382919312,0.261614147,150.2431112,150.2357917,2.577230452,2.579111111,0.001044362,0.33,-9.999
,,,,,,,,,,,,,,,,,,,,,,,,,,,,,,,,,,,,,,,,,,,,,,,,,,,,,,,,
580275,2.212497174,1.734245949,-3.672617036,5.886958938,22.38543039,-0.661563456,0.233339838,54.13941981,0,-28.6135169,0,,0.383,0,2.034893186,1.470430984,-3.637304154,4.623914002,21.21179007,-1.292169213,0.315385227,54.13941786,0,-28.6136046,0,,0.383,0,,,,,,,,,,,,,,,2.097057595,1.637442425,-3.964665264,5.215425049,19.69291263,-1.281749606,0.247768474,54.13944335,0,-28.61356334,0,,0.383,0
,,,,,,,,,,,,,,,,,,,,,,,,,,,,,,,,,,,,,,,,,,,,,,,,,,,,,,,,
580276,1.251227278,18.65208906,57.61079899,-47.42972795,20.34226232,-1.543407083,0.055022926,53.51683537,53.52125,-28.81100672,-28.80775,0.000130446,0.339,0.2706,1.199862384,18.66300209,57.60830856,-47.50142178,20.06662009,1.525980353,0.030836965,53.51683559,53.52125,-28.8110117,-28.80775,0.000130446,0.339,0.2706,1.935786695,0.464515253,0.80352853,-1.675868956,21.79657681,-0.317658365,0.186635943,53.52132429,53.52125,-28.80781654,-28.80775,0.000130446,0.339,0.2706,1.872911097,0.485078643,0.722529983,-1.801339831,21.57498494,-0.195817724,0.197187767,53.52133074,53.52125,-28.80782523,-28.80775,0.000130446,0.339,0.2706
,,,,,,,,,,,,,,,,,,,,,,,,,,,,,,,,,,,,,,,,,,,,,,,,,,,,,,,,
580280,1.830090239,0.756784646,-2.700734543,-1.367633892,24.27796078,0.316923708,0.307790634,53.22574216,53.22566667,-28.24006144,-28.24,0.000125636,0.261,0.2614,1.827501734,0.764885242,-2.760497237,-1.319572621,23.83641843,0.369921446,0.291191744,53.22574687,53.22566667,-28.2400581,-28.24,0.000125636,0.261,0.2614,1.741983787,11.87819121,-46.86683604,-7.818403571,20.35110208,-0.732286096,0.199427427,53.22922406,53.22566667,-28.24050615,-28.24,0.000125636,0.261,0.2614,1.523010874,0.748687325,-2.6660428,-1.364384684,22.74832124,0.345346808,0.387154183,53.22573943,53.22566667,-28.24006122,-28.24,0.000125636,0.261,0.2614
,,,,,,,,,,,,,,,,,,,,,,,,,,,,,,,,,,,,,,,,,,,,,,,,,,,,,,,,
580289,2.610293852,1.220835456,0.387607815,-4.869690147,24.83674116,-0.087926589,0.077566914,37.14293189,0,-4.913113096,0,,0.294,0,2.189808676,1.200952839,0.438474845,-4.785474188,23.84432378,-1.137444019,0.294040467,37.14292834,0,-4.913107256,0,,0.294,0,1.692500737,0.998868736,0.199801182,-3.991936819,22.91950504,-1.202268124,0.558334071,37.14294487,0,-4.913052139,0,,0.294,0,2.108379828,1.215553834,0.468383708,-4.841334921,22.81959194,-1.1195364,0.351831294,37.14292626,0,-4.913111138,0,,0.294,0
,,,,,,,,,,,,,,,,,,,,,,,,,,,,,,,,,,,,,,,,,,,,,,,,,,,,,,,,
580300,2.09943147,16.62964702,-46.18909501,-47.87401629,23.47950929,1.1343472,0.430439791,130.3382004,130.3336,44.78438855,44.7877425,6.18E-05,0.24,0.2402,1.85539672,16.65211247,-46.24320347,-47.94668753,22.50089117,1.056186318,0.46348758,130.3382057,130.3336,44.78438351,44.7877425,6.18E-05,0.24,0.2402,1.88417522,16.73866098,-46.42216886,-48.25501605,21.21079537,1.054024816,0.488856442,130.3382233,130.3336,44.78436214,44.7877425,6.18E-05,0.24,0.2402,1.826054319,16.73377087,-46.41723666,-48.23261471,21.07346683,1.050587416,0.503660255,130.3382229,130.3336,44.7843637,44.7877425,6.18E-05,0.24,0.2402
,,,,,,,,,,,,,,,,,,,,,,,,,,,,,,,,,,,,,,,,,,,,,,,,,,,,,,,,
580312,2.422855065,0.373082445,1.243926042,-0.825010464,25.05015209,-1.536505938,0.063568035,35.25327578,35.25323333,-4.81716276,-4.817091389,0.000129488,0.404,-0.0004,1.671184391,0.310851757,0.922637148,-0.833946351,23.53840341,0.277881533,0.126686474,35.25329816,35.25323333,-4.817163401,-4.817091389,0.000129488,0.404,-0.0004,1.584486644,0.297666053,0.91647963,-0.760496692,22.23104186,0.23418498,0.152648817,35.2532986,35.25323333,-4.817158302,-4.817091389,0.000129488,0.404,-0.0004,1.70788677,0.295084974,0.884789134,-0.78163254,21.97253426,0.141352713,0.153101624,35.2533008,35.25323333,-4.817159771,-4.817091389,0.000129488,0.404,-0.0004
,,,,,,,,,,,,,,,,,,,,,,,,,,,,,,,,,,,,,,,,,,,,,,,,,,,,,,,,
580327,1.456376078,5.033937896,-15.31175949,-13.07858985,22.39702502,-1.191956162,0.045840825,35.43627794,0,-4.085347671,0,,0.4,0,1.480344931,5.051366572,-15.36011166,-13.12932534,21.97476301,-0.57295078,0.031574752,35.4362813,0,-4.085351196,0,,0.4,0,1.408165468,5.044684928,-15.33784039,-13.11424403,21.14734658,1.430340052,0.027642959,35.43627975,0,-4.085350148,0,,0.4,0,1.410716673,5.058960101,-15.38288414,-13.14943393,21.18596302,-0.013711479,0.014224429,35.43628289,0,-4.085352593,0,,0.4,0
,,,,,,,,,,,,,,,,,,,,,,,,,,,,,,,,,,,,,,,,,,,,,,,,,,,,,,,,
590002,1.785384343,5.968647919,-22.87170608,-6.871757634,21.45486922,-1.182008743,0.141603968,149.5464465,0,0.877828812,0,,0.2,0,1.627896631,5.976796141,-22.97270748,-6.644492805,20.3920247,-1.074730992,0.163684042,149.5464535,0,0.877844586,0,,0.2,0,1.56808714,5.975138688,-22.98391037,-6.581594231,19.01996966,-1.07603991,0.182099001,149.5464542,0,0.877848952,0,,0.2,0,1.588427798,5.958860938,-22.8904884,-6.67030064,18.87559595,-1.087218165,0.161125646,149.5464478,0,0.877842794,0,,0.2,0
,,,,,,,,,,,,,,,,,,,,,,,,,,,,,,,,,,,,,,,,,,,,,,,,,,,,,,,,
590005,1.602882975,9.051404221,-15.39387369,-32.79296565,20.49535317,1.100530863,0.623197677,151.018888,151.0185,1.213190008,1.214027778,0.001591057,0.175,0.1738,1.485214117,8.877563245,-15.05506275,-32.18335711,19.75604661,1.090269089,0.609280041,151.0188645,151.0185,1.213232332,1.214027778,0.001591057,0.175,0.1738,1.372671104,8.799222752,-14.9542583,-31.88434894,18.47783555,1.0934062,0.594287833,151.0188576,151.0185,1.213253089,1.214027778,0.001591057,0.175,0.1738,1.464371293,8.814222811,-14.93231243,-31.96089699,18.3864027,1.095694065,0.592521726,151.018856,151.0185,1.213247777,1.214027778,0.001591057,0.175,0.1738
,,,,,,,,,,,,,,,,,,,,,,,,,,,,,,,,,,,,,,,,,,,,,,,,,,,,,,,,
590031,2.12353344,0.516600281,-1.324000562,-1.586964851,24.59628218,1.039767027,0.042829903,149.072992,149.0729125,2.002234306,2.002305556,4.08E-05,0.34,0.3783,1.811876231,0.496703155,-1.278066481,-1.521606838,23.66697805,0.311190188,0.015674713,149.0729889,149.0729125,2.002238843,2.002305556,4.08E-05,0.34,0.3783,1.881495485,0.483173656,-1.201281438,-1.514415499,22.30134603,-1.560405493,0.061946644,149.0729835,149.0729125,2.002239339,2.002305556,4.08E-05,0.34,0.3783,1.940987676,0.493902424,-1.281730997,-1.503831052,22.09678114,1.155714869,0.013312889,149.0729891,149.0729125,2.002240077,2.002305556,4.08E-05,0.34,0.3783
,,,,,,,,,,,,,,,,,,,,,,,,,,,,,,,,,,,,,,,,,,,,,,,,,,,,,,,,
590045,1.528929513,4.042464143,15.47629507,-4.691839346,20.8858931,-0.458049506,0.242546364,149.3449579,149.3449167,2.518901447,2.518972222,0.001144484,0.13,0.1388,1.393615646,3.996400291,15.32023077,-4.57093965,20.0573361,-0.517717242,0.231073184,149.3449687,149.3449167,2.518909848,2.518972222,0.001144484,0.13,0.1388,1.337997005,3.999486429,15.33743643,-4.556421086,18.70869208,-0.50569731,0.217343065,149.3449675,149.3449167,2.518910855,2.518972222,0.001144484,0.13,0.1388,1.374229192,4.004684111,15.36506423,-4.536365978,18.57984031,-0.500122011,0.22367201,149.3449656,149.3449167,2.518912247,2.518972222,0.001144484,0.13,0.1388
,,,,,,,,,,,,,,,,,,,,,,,,,,,,,,,,,,,,,,,,,,,,,,,,,,,,,,,,
590097,1.719392305,1.293480073,4.005277296,3.281366519,22.93109432,0.610868871,0.399231206,37.15664552,0,-5.16300058,0,,0.232,0,1.58044473,1.283437838,3.971912712,3.25865781,21.92697468,0.597417355,0.450828276,37.15664785,0,-5.163002151,0,,0.232,0,1.459856963,1.29063885,4.022480244,3.242165243,20.72779793,0.604288936,0.478221381,37.15664432,0,-5.163003303,0,,0.232,0,1.562731059,1.313244748,4.094907122,3.296504715,20.45899029,0.603078425,0.484898507,37.15663927,0,-5.162999541,0,,0.232,0
,,,,,,,,,,,,,,,,,,,,,,,,,,,,,,,,,,,,,,,,,,,,,,,,,,,,,,,,
590123,2.828137377,15.64758841,51.83214598,35.12864447,24.62737973,-0.707691848,0.4836087,150.5315331,0,3.657723277,0,,0.54,0,2.209007714,15.48256466,51.39876105,34.59041466,23.8274125,-0.836016059,0.382278927,150.5315632,0,3.657685908,0,,0.54,0,2.098272337,15.47152816,51.21068068,34.78981403,22.5443478,-0.748529971,0.325196552,150.5315763,0,3.657699738,0,,0.54,0,1.951541384,15.48312937,51.37650017,34.62752631,22.59976553,-0.701010227,0.262631502,150.5315647,0,3.657688482,0,,0.54,0
,,,,,,,,,,,,,,,,,,,,,,,,,,,,,,,,,,,,,,,,,,,,,,,,,,,,,,,,
590194,1.445528547,0.396965523,-0.267066159,-1.565283033,20.38291722,-0.266408712,0.439031385,130.2369642,130.2370292,44.52421638,44.52426944,8.58E-05,0.0894,0.0895,1.355359358,0.421715859,-0.104468845,-1.68366579,19.71266579,-0.314563245,0.449467763,130.2369484,130.2370292,44.52420811,44.52426944,8.58E-05,0.0894,0.0895,1.33145365,0.418766832,-0.133216093,-1.669802305,18.47681641,-0.308242917,0.445995323,130.2369512,130.2370292,44.52420909,44.52426944,8.58E-05,0.0894,0.0895,1.372628702,0.423181243,-0.149695632,-1.686134176,18.27416103,-0.300278842,0.453924428,130.2369528,130.2370292,44.52420796,44.52426944,8.58E-05,0.0894,0.0895
,,,,,,,,,,,,,,,,,,,,,,,,,,,,,,,,,,,,,,,,,,,,,,,,,,,,,,,,
590287,1.840827977,30.99244055,72.9364934,100.3111766,24.08057682,0.920277238,0.177721971,150.7355721,0,1.25256498,0,,0.15,0,1.690626385,28.90284842,-41.28375367,-108.0421435,22.86537204,1.08820498,0.47208158,150.7434963,0,1.238098996,0,,0.15,0,1.445082359,28.92684944,-41.30215119,-108.1379284,21.26356837,1.089547157,0.532634612,150.7434976,0,1.238092346,0,,0.15,0,1.530880324,28.98268538,-41.36063535,-108.3547686,21.00271506,1.066493392,0.521281655,150.7435017,0,1.238077292,0,,0.15,0
