,ID,hostRa,hostDec,offby,hectoZ,redshift_dif,KronRad (kpc)_3,separation (kpc)_3,area (kpc^2)_3,sep/sqrt(area) (kpc)_3,x_3,y_3,KronMag_3,Abs. Mag_3,Angle_3,Ellipticity_3,RA_3,DEC_3,Discrepency (arcsecs)_3,pixelRank_3,chanceCoincidence_3,host_found_3,KronRad (kpc)_4,separation (kpc)_4,area (kpc^2)_4,sep/sqrt(area) (kpc)_4,x_4,y_4,KronMag_4,Abs. Mag_4,Angle_4,Ellipticity_4,RA_4,DEC_4,Discrepency (arcsecs)_4,pixelRank_4,chanceCoincidence_4,host_found_4,KronRad (kpc)_5,separation (kpc)_5,area (kpc^2)_5,sep/sqrt(area) (kpc)_5,x_5,y_5,KronMag_5,Abs. Mag_5,Angle_5,Ellipticity_5,RA_5,DEC_5,Discrepency (arcsecs)_5,pixelRank_5,chanceCoincidence_5,host_found_5,KronRad (kpc)_6,separation (kpc)_6,area (kpc^2)_6,sep/sqrt(area) (kpc)_6,x_6,y_6,KronMag_6,Abs. Mag_6,Angle_6,Ellipticity_6,RA_6,DEC_6,Discrepency (arcsecs)_6,pixelRank_6,chanceCoincidence_6,host_found_6
0,200079,0.0,0.0,,0,-1.0,0.7178144431708241,1.1202912374962624,56.34897922361526,0.14924091826415697,-0.2645886338331138,-2.4967814353970397,17.717360603279474,-20.40246522521411,-0.7496953010559082,0.20108594228530796,334.4028517009708,0.6132488436518106,0.6132488436518106,0.9187279151943463,0.000555841191759332,1,0.7382898496703928,1.0503985549154304,65.50817725996261,0.12977957805884355,-0.4232725045512922,-2.31574871558081,17.24124636531236,-20.878579463181225,-0.8831944465637207,0.2555099778501858,334.4028627209906,0.6132614137383042,0.6132614137383042,0.9361702127659575,0.00043078254667572313,1,0.7014062342264195,1.1035854647710486,79.04786131369349,0.12412547104703579,-0.45380804373309047,-2.431324782200619,17.811556768954873,-20.308269059538713,-0.8895013332366943,0.28275960100408193,334.40286484119235,0.6132533879401234,0.6132533879401234,0.9420654911838791,0.0005933050449934418,1,0.7544786865736317,1.130526680171991,55.35341421966446,0.1519527657715011,-0.44700586742037274,-2.493951137893916,17.63309532970715,-20.486730498786436,-0.8826063275337219,0.2942572737751019,334.40286436866694,0.6132490391877743,0.6132490391877743,0.9244604316546763,0.0005263322797695036,1
1,300008,352.3593541666666,-1.8550250000000001,3.8352482686317946,0.0611,-1.0,0.4432932026901448,4.6249717647333775,561.6274112101052,0.19515736140196416,10.02102172933931,11.466786359413021,14.55430167633163,-22.634315472068263,-1.1723319292068481,0.2118055513494983,352.3586622741391,-1.8542292042491888,-1.8542292042491888,0.9840539207627815,0.001451379662085972,1,0.42847810833244576,4.6735806781847264,661.3409742722313,0.18173435281466382,10.280368991943647,11.450787354920521,13.848777889545735,-23.33983925885416,-1.233003854751587,0.19823912024707013,352.3586442600389,-1.8542303150817043,-1.8542303150817043,0.9723579505793661,0.0008083632711461952,1,0.4281106433057316,4.6396946365706295,756.8998055401022,0.16864373085021328,10.127905274678426,11.437286106518343,14.299276349826993,-22.8893407985729,-1.2571766376495361,0.18699726303997888,352.35865485008406,-1.854231251812501,-1.854231251812501,0.9614540131739449,0.0011080708952636575,1,0.4349106751224133,4.699946790535179,644.3527376023876,0.18515314876837294,10.509796771382298,11.359046607947903,14.0001349435048,-23.18848220489509,-1.2578916549682617,0.19511160234327496,352.3586283241606,-1.8542366824652536,-1.8542366824652536,0.9442613554950566,0.0008650799419125388,1
2,300089,353.12372916666664,-1.1525666666666665,1.6936066865712196,0.1885,-1.0,1.2748031056744704,5.48204169217678,224.64706280139333,0.3657564232778561,-0.5264777772380711,-6.745348257184958,17.381110447090407,-22.30612502426224,-0.758874773979187,0.031768245065900924,353.12377410828833,-1.1530349622902503,-1.1530349622902503,0.5409356725146199,0.0006222607594568164,1,1.1262033677719816,5.535285978513664,313.32353495983807,0.3127112853260612,-0.6833133931419013,-6.797344427047918,16.41433770196983,-23.272897769382816,-0.6675418615341187,0.024280937117932777,353.1237849991968,-1.15303856909836,-1.15303856909836,0.7085953878406709,0.0002708072576863563,1,1.051503213746786,5.500518552164109,384.26471268659384,0.2806004618109364,-0.6111277088575235,-6.761118490628277,16.823213817313828,-22.86402165403882,-0.05614558979868889,0.04422282433720337,353.1237799864195,-1.1530360554869035,-1.1530360554869035,0.7521367521367521,0.0003352822571167646,1,1.0816190069335492,5.432931669850263,342.22549625592376,0.2936824955938394,-0.6425580107050024,-6.6744149794873096,16.485707745686856,-23.20152772566579,0.15419240295886993,0.03569303792625833,353.12378216826625,-1.1530300353425187,-1.1530300353425187,0.7236084452975048,0.0002565339002161826,1
3,300105,351.7105875,-0.7304166666666667,0.3201356612229739,0.0931,-1.0,1.1334863193597857,3.5115878161200818,238.33826194582142,0.22746084570420874,-5.3326250263333606,-5.788193550205548,14.94893391863489,-23.170891909858696,0.6824678778648376,0.057227582243149167,351.71067444024953,-0.7304603078044869,-0.7304603078044869,0.7159565580618212,0.0018186347502219258,1,1.1723568482081375,3.500261386551535,239.13471394898207,0.22634930460075034,-5.027576459962376,-6.021994698666745,14.52782558525805,-23.592000243235535,0.6038945913314819,0.07871432606223894,351.71065325593025,-0.7304765398297175,-0.7304765398297175,0.7102414654454621,0.001369845637445466,1,1.0850020523060568,3.561599301296386,274.3777150888404,0.21501593147023929,-5.12044651474929,-6.123539631513566,15.177633614520227,-22.942192213973357,0.42498907446861267,0.03776509061490385,351.71065970440725,-0.7304835918457515,-0.7304835918457515,0.7786647314949202,0.002224721221160908,1,1.1366732845678742,3.519008571231496,237.34269694187063,0.22841908534211197,-4.852862060158145,-6.217036288732359,15.029967241761376,-23.08985858673221,0.1964024305343628,0.06061194660682501,351.7106411224251,-0.7304900816504523,-0.7304900816504523,0.7172818791946308,0.0020462314923764824,1
4,300112,351.4982125,-0.5152833333333333,0.3943368570589137,0.0949,-1.0,0.7140636212001474,0.4597552865903161,163.79250881547796,0.03592358860515045,-0.780221825433216,-0.6431521340444988,16.513215256493556,-21.653738340957055,1.088474988937378,0.6496972785411097,351.4982833351532,-0.5153668878896267,-0.5153668878896267,0.9873737373737373,0.0007717409134159192,1,0.6883790420314512,0.2892843916438191,175.1669885943306,0.02185741861516567,-0.5144424821632043,-0.3743376758543917,16.018584840290067,-22.148368757160544,1.0882154703140259,0.6459073307980921,351.4982648832523,-0.5153482197822443,-0.5153482197822443,0.9881936245572609,0.0004550457442150657,1,0.6727218135506539,0.26172610759865855,195.84786091951722,0.018701981804685727,-0.5257249061621678,-0.2344318113286903,16.52518828772243,-21.641765309728182,1.0850372314453125,0.6477040866035073,351.4982656676695,-0.5153385051969539,-0.5153385051969539,0.9904963041182682,0.0006009482082961481,1,0.6819656812012878,0.16721212526164467,166.68783094100408,0.0129513732353014,-0.3605212356784193,-0.07262252350271581,16.284823209195178,-21.882130388255433,1.084372878074646,0.6634122371716921,351.4982541982598,-0.5153272681317609,-0.5153272681317609,0.9863523573200993,0.00046596483601035743,1
5,300179,0.0,0.0,,0,-1.0,1.3458916238690022,1.5534416906204922,106.96459051612864,0.15020173176046692,-1.957828326003849,-0.2718257069471832,18.590606898776677,-21.011677727774803,0.9114375710487366,0.043894018371594234,351.1421233927601,0.22698114064849137,0.22698114064849137,0.9653179190751445,0.0009914822792556066,1,1.2561723339831232,1.5692371322385075,144.06213635987268,0.1307415564079734,-1.9883963270268765,-0.18178048804733749,17.39906815816802,-22.20321646838346,1.1066557168960571,0.040094626143199696,351.14212551549355,0.22698739182756544,0.22698739182756544,0.9742489270386266,0.0004105407506733716,1,1.2248485285424562,1.548276192901149,169.41212601976443,0.11895321642283715,-1.9628670876439855,-0.16766934608277495,18.201973332896376,-21.400311293655104,0.9420751929283142,0.03260169730564988,351.1421237436235,0.22698837129039376,0.22698837129039376,0.9781021897810219,0.0006808424066192531,1,1.2332560845918012,1.5763105615198456,143.4438439291436,0.13161361806229288,-1.9925624745198576,-0.22916987623854368,17.913366382855763,-21.688918243695717,0.9768808484077454,0.056265409425587,351.14212580416415,0.22698410204367458,0.22698410204367458,0.9698275862068966,0.0005659992611712905,1
6,300220,0.0,0.0,,0,-1.0,0.6856803912500492,0.5075876345039517,119.73885216554896,0.04638670115615746,-0.6503452202816788,-0.9206717454752606,17.15115285073638,-20.99236033162536,-1.3614379167556763,0.5918810062407219,352.90213267040514,-1.4510333446368378,-1.4510333446368378,0.9966101694915255,0.0006206246119687675,1,0.615338472792085,0.5556000237584091,154.2398773657919,0.04473669740134002,-0.8095185365375954,-0.9311192696149533,16.23547628683629,-21.908036895525452,-1.3524951934814453,0.5770730254616723,352.90214372479204,-1.4510340670095108,-1.4510340670095108,0.9973684210526316,0.0002458561938462056,1,0.5964771452707209,0.5311988911293943,181.23185590480549,0.0394584381408841,-0.7832021735674175,-0.8821094126668072,16.60101654586184,-21.5424966364999,-1.3544245958328247,0.5773329852431001,352.9021418968981,-1.4510306652785334,-1.4510306652785334,0.9977603583426652,0.0002801074916051194,1,0.6027627277351852,0.5544690362039864,159.51650474935846,0.04390100737421794,-0.8849950357988661,-0.8560788268383135,16.192237088853513,-21.951276093508227,-1.360807180404663,0.5672756803127676,352.9021489661077,-1.4510288564220868,-1.4510288564220868,0.9987277353689568,0.00020496022240024114,1
7,300221,352.2350791666666,-1.088286111111111,0.16586046104412652,0.0425,-1.0,0.28142031026194103,0.6244716932671042,73.6956699775292,0.07274309436802698,-0.38511425287022405,2.827994809865004,14.843378801441109,-21.576687460719562,1.444488286972046,0.3410951377896573,352.23511841573236,-1.0882619713514936,-1.0882619713514936,0.9844054580896686,0.00015845120152879755,1,0.2792948853667427,0.6062220252013435,85.76279722531177,0.06546094075016669,-0.1721020260083037,2.765337299983713,14.431931303323497,-21.988134958837176,1.4145928621292114,0.29157015410053344,352.2351036214976,-1.088266321617548,-1.088266321617548,0.9860413176996091,0.00011731659638025693,1,0.2757401531551478,0.597218968300738,93.13715276562334,0.06188310754758502,0.0994029550050044,2.7277255424111786,15.067111897451234,-21.352954364709436,1.3291956186294556,0.2503823487348219,352.23508476482374,-1.0882689327206423,-1.0882689327206423,0.987146529562982,0.00018736819578890618,1,0.2795450606618948,0.6060377142220085,80.63905668756283,0.0674880581281384,0.18688046214556664,2.7635279657654905,14.85510499718736,-21.56496126497331,1.276917576789856,0.2425170305355222,352.2350786893343,-1.0882664466137288,-1.0882664466137288,0.9851543942992874,0.00015743645092802794,1
8,310025,35.70499999999999,-4.8978722222222215,0.979297015416455,0.1576,-1.0,1.278530570951754,2.7989877070522717,173.519197581492,0.2124844855501841,-3.860769616007019,0.9484123246338925,18.208156178997136,-21.090282302175456,1.0722953081130981,0.42017777186561356,35.70526491988862,-4.897806436825016,-4.897806436825016,0.7514285714285714,0.002883879016591262,1,1.0994109669972274,2.7572919027695795,210.2061136415789,0.19017791160972902,-3.7800513803129974,1.0241592422196817,17.562836176352207,-21.735602304820386,1.0244226455688477,0.39602037828209136,35.70525929548041,-4.897801175900021,-4.897801175900021,0.7334905660377359,0.0016055424436990373,1,1.126224767079145,2.5299221353071806,272.673024770916,0.15320963113436328,-3.451038209079428,1.0014074354432978,18.040090127530675,-21.258348353641917,1.0058876276016235,0.4093763353749582,35.705236364927075,-4.897802749898611,-4.897802749898611,0.7763636363636364,0.0024103547058657027,1,1.1367113004115397,2.4788925375498834,211.69342104942024,0.17037427446275757,-3.323838732456167,1.161470137207516,17.83395502083997,-21.464483460332623,0.9356460571289062,0.39221655606970474,35.70522750235137,-4.89779163366809,-4.89779163366809,0.765807962529274,0.001985091994609056,1
9,310039,36.21545833333333,-3.344761111111111,0.3170436672338008,0.1725,-1.0,1.2722518093043262,0.7257066997010919,92.55906550257009,0.07543131031157292,0.6057812548281163,-0.7413469744376897,18.717804437949795,-20.783338935852584,-0.26900714635849,0.382437494066068,36.21552038952699,-3.344823705480194,-3.344823705480194,0.9875776397515528,0.0011637517095424155,1,1.205314412282236,0.7673638156814901,111.53079942545713,0.07266142470792819,0.5452933502109829,-0.8529270279555163,17.991149157997917,-21.50999421580446,-0.31813758611679077,0.3861063519106739,36.21552459998877,-3.344831450568262,-3.344831450568262,0.9896907216494846,0.0005835911145360972,1,1.1474540709689967,0.7550137222635116,129.92763232037788,0.06623752291488945,0.537695044564984,-0.8384456471431179,18.468308071141077,-21.0328353026613,-0.33225440979003906,0.376930780041941,36.215525128021106,-3.344830445002571,-3.344830445002571,0.9911504424778761,0.0007546878293119841,1,1.2260481371934353,0.7243774385671389,96.583372698334,0.07370784805075616,0.45414081567773223,-0.8408267479076841,18.22331926719249,-21.277824106609888,-0.3505363464355469,0.39152796852383664,36.21553093944244,-3.344830608300853,-3.344830608300853,0.9880952380952381,0.0005998165465755934,1
10,310042,351.4510916666666,-1.7232166666666668,,0.1758,-1.0,1.9562149036518497,0.9781074518259248,12.022173722433653,0.2820947917738782,0.0,0.0,26.0,-14.23502104686851,0.0,0.3,351.45107916666666,-1.7232194444444446,,0.5,1.0,0,1.9562149036518497,0.9781074518259248,12.022173722433653,0.2820947917738782,0.0,0.0,26.0,-14.23502104686851,0.0,0.3,351.45107916666666,-1.7232194444444446,,0.5,1.0,0,1.9562149036518497,0.9781074518259248,12.022173722433653,0.2820947917738782,0.0,0.0,26.0,-14.23502104686851,0.0,0.3,351.45107916666666,-1.7232194444444446,,0.5,1.0,0,1.9562149036518497,0.9781074518259248,12.022173722433653,0.2820947917738782,0.0,0.0,26.0,-14.23502104686851,0.0,0.3,351.45107916666666,-1.7232194444444446,,0.5,1.0,0
11,310051,353.4116375,-0.5524777777777778,0.21092323631370427,0.2721,-1.0,2.5582513965098292,1.0812349032790816,138.96580894948096,0.0917204288679056,-0.9406400569797881,-0.3658672265263334,18.969579484038213,-21.546805894670364,-1.183843731880188,0.10776203581083588,353.41169030474794,-0.5525031683487945,-0.5525031683487945,0.9669421487603306,0.0021644212682825348,1,3.1748862365869677,0.9406426186610566,245.77424062139607,0.060000721179344074,-0.7663287118662367,-0.42859000553950466,16.718851885376637,-23.79753349333194,-0.8810531497001648,0.18278749224843416,353.41167820434697,-0.5525075255160385,-0.5525075255160385,0.985981308411215,0.006772994382612363,1,2.955496236896573,0.986082412252943,281.3770511787011,0.05878531853776936,-0.8300414516346422,-0.39784106656520635,17.69517990128542,-22.821205477423156,-1.0584582090377808,0.14296251101327817,353.41168262709965,-0.5525053897569145,-0.5525053897569145,0.9877551020408163,0.008108381546752974,1,2.657809987965186,0.8644632886337918,229.69555198261315,0.05703878449976728,-0.6892184624793032,-0.41964737970590704,17.82556854888205,-22.690816829826527,-1.1570311784744263,0.16073967170873316,353.41167285111334,-0.5525069056082365,-0.5525069056082365,0.985,0.0013333631065354234,1
12,310073,53.448208333333326,-28.913277777777775,4.86247079359029,-9.9990,-1.0,13.02757892381159,23.508177216077293,76.42273199557454,2.6891044815539775,-33.160010515946496,-10.766234618286859,13.02757892381159,-26.30660824283163,-1.0625635385513306,0.0847644456413642,53.44954919889049,-28.913946149130947,-28.913946149130947,0.0,0.00028817736789166215,0,1.6587543168941716,23.69382093647002,25.929141212784216,4.653085530029452,-33.39611154610358,-10.930337721578326,19.551359916969673,-19.63108264878952,-1.4256634712219238,0.21572305572866546,53.44956796252152,-28.913957492306714,-28.913957492306714,0.0,0.04090523958218295,1,1.3308549394716458,23.551791074791993,92.79903170891194,2.4448499940513932,-33.24671964764191,-10.708267560150418,18.95341266506408,-20.229029900695114,-1.0244200229644775,0.16916439185067533,53.449556063231235,-28.913942107479006,-28.913942107479006,0.0,0.026097998063664418,1,1.3438041279587822,23.508177216077293,76.42273199557454,2.6891044815539775,-33.160010515946496,-10.766234618286859,18.454919255658506,-20.727523310100686,-1.0625635385513306,0.0847644456413642,53.44954919889049,-28.913946149130947,-28.913946149130947,0.0,0.01765559645918502,1
13,310090,351.30887083333334,-0.6056138888888889,0.2749901127133549,0.3485,-1.0,3.0169228938145753,14.453920566630355,232.1486045959437,0.9486426034894067,-8.034324889970136,-8.178832980119907,18.818626005515465,-22.232749751360373,0.6308668851852417,0.30084089704790484,351.3089202216217,-0.6056763188445842,-0.6056763188445842,0.0,0.0052495058770133385,1,2.3808680362795416,14.562350137473924,599.4522187169232,0.5947770233076668,-8.096680544839515,-8.238141134403918,17.30550852170567,-23.74586723517017,0.6873957514762878,0.2899882828019703,351.308924550226,-0.6056804375991628,-0.6056804375991628,0.13793103448275862,0.0014572753744109823,1,2.287456001181237,14.338506071407611,971.5260096446685,0.46001997343133744,-7.906564008493405,-8.175503654478831,17.42731716819426,-23.624058588681578,0.6933171153068542,0.28907951456662084,351.3089113516323,-0.6056760860373342,-0.6056760860373342,0.574468085106383,0.001544387273921921,1,2.2538733513167837,14.342091030785681,791.8493499231505,0.5096724895497321,-7.822285660473312,-8.260069897588252,16.998594624931183,-24.052781131944656,0.74892258644104,0.2801778280649013,351.30890549968547,-0.6056819566570286,-0.6056819566570286,0.3855421686746988,0.0010663578266456586,1
14,310091,353.1263916666666,-0.10465555555555556,,0.5086,-1.0,3.1728397653919984,1.5864198826959992,31.626137339134235,0.2820947917738782,0.0,0.0,26.0,-15.924685589609526,0.0,0.3,353.1263916666666,-0.10465555555555556,,0.5,1.0,0,3.1728397653919984,1.5864198826959992,31.626137339134235,0.2820947917738782,0.0,0.0,26.0,-15.924685589609526,0.0,0.3,353.1263916666666,-0.10465555555555556,,0.5,1.0,0,3.1728397653919984,1.5864198826959992,31.626137339134235,0.2820947917738782,0.0,0.0,26.0,-15.924685589609526,0.0,0.3,353.1263916666666,-0.10465555555555556,,0.5,1.0,0,3.1728397653919984,1.5864198826959992,31.626137339134235,0.2820947917738782,0.0,0.0,26.0,-15.924685589609526,0.0,0.3,353.1263916666666,-0.10465555555555556,,0.5,1.0,0
15,310146,52.48649999999999,-28.741944444444446,19.534311368431823,-9.9990,-1.0,1.530697368691808,118.37722662139974,5854.845838729007,1.547071653619673,-75.28979023062894,-17.406282466032593,12.555984078277293,-29.223342744520593,-1.558349370956421,0.061359994248515126,52.492529929214484,-28.743165711657674,-28.743165711657674,0.0,0.0009417696851828916,1,0.1532179007007483,120.13709570172978,3399.284993776905,2.060550867738741,-77.16345913017098,-14.009472234429012,15.737569750076563,-26.04175707272132,0.3478083312511444,0.41668670213887193,52.49267962535358,-28.74293056238332,-28.74293056238332,0.0,1.0,1,0.1532179007007483,116.17921547302727,2096.3822509963925,2.5374249298137266,-74.94144818681022,-11.649152309409146,18.096781665057247,-23.682545157740638,-0.022297196090221405,0.47997662565000254,52.49250460016929,-28.742765918376204,-28.742765918376204,0.0,1.0,1,0.1532179007007483,117.62481820016741,4415.783890396657,1.7700888230978509,-74.81481250750463,-17.280224123392927,14.091657829973194,-27.68766899282469,1.3906338214874268,0.05224182005322653,52.49249236749042,-28.74315679232587,-28.74315679232587,0.0,1.0,1
16,310161,352.9659166666666,-0.6604416666666667,0.7872344104791563,0.2534,-1.0,1.7880497438841505,3.2744659121793696,93.6164396167717,0.3384265398208883,-1.777877406094703,-2.6738623587232127,19.675867394906074,-20.686563725622968,1.2347360849380493,0.2609089067877033,352.966027637542,-0.6606300980676063,-0.6606300980676063,0.7666666666666667,0.0023685350780091596,1,1.7230826881249262,3.1917305288106537,114.42009286494319,0.2983836826362537,-1.7175904847489818,-2.616452437059337,19.019332856836346,-21.343098263692696,1.1351858377456665,0.3135125908598615,352.96602345090645,-0.6606261121409973,-0.6606261121409973,0.7727272727272727,0.0013877607972065942,1,1.7744754208402298,2.9996382269111557,137.30411143793182,0.2559924215509163,-1.6466863293364327,-2.4373629267740426,19.57805129805763,-20.78437982247141,1.2168285846710205,0.3612315469165718,352.9660185262869,-0.6606136770236303,-0.6606136770236303,0.75,0.0020538708865678323,1,1.9269031340005167,3.1149363758327113,100.89771825363171,0.31010481379095767,-1.7163759199487032,-2.5267168783948364,19.30511483525109,-21.057316285277953,1.3220480680465698,0.3342895515354565,352.96602336603013,-0.6606198810202614,-0.6606198810202614,0.7422680412371134,0.0015134160292715748,1
17,310188,35.27830416666666,-4.520702777777777,0.3340771916677211,0.3190,-1.0,3.3992942778201125,22.907282494349143,181.34608180866448,1.701059416186102,-10.060708325711317,-16.230353910128798,18.592378377608068,-22.289695755044267,-0.35608407855033875,0.12532873409833378,35.278337383557435,-4.520772039817924,-4.520772039817924,0.0,0.011290911403700754,1,4.083888604313196,23.234840337051505,513.8138984578827,1.0250304541738051,-10.415122573208777,-16.330046990843016,16.42405870170804,-24.458015430944293,-1.5099207162857056,0.08546199336286786,35.27836206416615,-4.520778982618622,-4.520778982618622,0.0,0.005476135854937336,1,3.9848412041237444,23.080621925016487,666.3748879159656,0.8941043252525256,-10.326183516296311,-16.234275372581365,16.738669644517202,-24.143404488135133,-1.176462173461914,0.10958050813500275,35.27835587445416,-4.5207723272517395,-4.5207723272517395,0.0,0.006831128323134816,1,3.9995813507251246,23.171732579688356,608.8047032148022,0.9391165806346516,-10.472401163072462,-16.23080451605206,16.36558489780141,-24.516489234850926,-1.4052598476409912,0.06581503637157571,35.27836605911873,-4.520772094572024,-4.520772094572024,0.0,0.005122724441841253,1
18,310238,35.52665833333333,-3.233038888888889,0.35737438123955867,0.2838,-1.0,1.9911402210383566,3.014474300390709,129.43181662100082,0.2649665568908623,1.0134997634207252,2.5337758069532725,19.55659663888165,-21.056904562623373,1.007209062576294,0.26618448724948574,35.52672126559457,-3.233115744545024,-3.233115744545024,0.8207547169811321,0.0024643443001791665,1,1.943563065826751,3.2008894801847396,158.73713359179348,0.2540571443821638,0.9525593452975443,2.736674952572443,18.69943750099562,-21.914063700509402,1.007592797279358,0.31870009349556394,35.52672550984715,-3.233101660474882,-3.233101660474882,0.8384615384615385,0.0011777373449992634,1,1.7088937725304876,3.330197443462459,192.9266700577182,0.23975840946859625,1.023013923192437,2.8358985073919314,19.29509825548262,-21.318402946022402,0.9780664443969727,0.3312819882929696,35.52672061342902,-3.233094770570627,-3.233094770570627,0.8417721518987342,0.001560547737715634,1,1.8292366729113416,3.3166057227348054,144.08447510639715,0.27630277799016817,0.9160256196195036,2.859324409722433,18.9789288401699,-21.634572361335124,1.041352391242981,0.29440856787766867,35.526728054304364,-3.2330931468608597,-3.2330931468608597,0.8135593220338984,0.0011809983750745712,1
19,310574,352.9859458333333,0.5362555555555556,0.29186227924220093,0.2389,-1.0,2.299133913413382,1.4248389967214665,61.41434786286503,0.18181548576862747,-0.9838972119212599,-1.0870150643371659,19.742296428828777,-20.473925196110088,0.10637881606817245,0.05446378531187979,352.98600165000244,0.5361967543634286,0.5361967543634286,0.9846153846153847,0.002170981570011832,1,1.8584134380000181,1.5018183296907104,102.04230106445266,0.14867134789263034,-1.0576897364982472,-1.1267174584459383,18.825076794292414,-21.39114483064645,0.5320396423339844,0.044630104923854,352.98600677351067,0.5361939976682004,0.5361939976682004,0.9907407407407407,0.0007847653930875831,1,1.889161234793582,1.472198648874754,123.77353184669721,0.13232823595040322,-1.071751611998124,-1.070636587350137,19.220212871263886,-20.996008753674978,0.6442248821258545,0.03254380979817506,352.9860077494516,0.5361978906821027,0.5361978906821027,0.9847328244274809,0.0010025761747753936,1,1.8385853784866704,1.3515391749157621,93.53877597574828,0.13974387994899332,-1.0501183330760568,-0.9118052137188073,18.942099701849855,-21.27412192308901,0.3518262505531311,0.016646692622986126,352.98600624651715,0.5362089168854127,0.5362089168854127,0.9797979797979798,0.0007107534254110481,1
20,320047,351.66726666666665,-0.8406083333333334,0.3257572886959075,0.0827,-1.0,0.5551980718244452,1.4597533752899792,178.07147246420044,0.10939118153528335,-2.1013170688412828,2.9522809404703168,15.843883755258883,-22.024224545122078,-1.547993540763855,0.13787843934628652,351.66718343576736,-0.8405728057235099,-0.8405728057235099,0.9380127620783957,0.0005513910561684154,1,0.5571691823780088,1.5730963151754782,185.05148460272423,0.11564025134671112,-2.378449961012606,3.0972410398200054,15.44860821049745,-22.41950008988351,-1.5652451515197754,0.14824045474796632,351.6672026811106,-0.8405627433735244,-0.8405627433735244,0.9333333333333333,0.0004022351278855085,1,0.5527056189494025,1.4955123331356084,205.17989169986265,0.10440531326037492,-2.320119222343692,2.8982524483892007,15.967104970619879,-21.90100332976108,-1.5569781064987183,0.15731157226805992,351.66719862936907,-0.8405765597831123,-0.8405765597831123,0.9367088607594937,0.0005883081537813029,1,0.5585263655223055,1.5790579970771619,180.66868628318602,0.11747802539036381,-2.466712130083266,3.0464911230400844,15.808031463516498,-22.060076836864464,1.5613038539886475,0.17310223648722245,351.6672088098567,-0.8405662682837012,-0.8405662682837012,0.921832884097035,0.0005138361408228986,1
21,320258,34.74799999999999,-4.880716944444445,0.45298819528000467,0.3420,-1.0,2.7976266042536406,2.039071553772414,99.03778318125124,0.2048953067135875,-1.220805109868138,-1.0751696769191028,19.923253337829898,-21.108467004038868,1.5489956140518188,0.12642736361289986,34.748080772840005,-4.880813671793536,-4.880813671793536,0.9047619047619048,0.0025605985882480864,1,2.4150751018176537,2.0484197601380925,235.80424566964584,0.13339610424573645,-1.314675749458459,-0.9707639681360263,18.41368111390695,-22.618039227961816,-1.396920084953308,0.09472239614053113,34.74808732304299,-4.880806434583315,-4.880806434583315,0.9533333333333334,0.0008253629249053152,1,2.2042886779749087,2.04747747230042,367.8546232446475,0.10675322963399399,-1.3050504339612417,-0.9824116069248419,18.692128995303012,-22.339591346565754,-0.7326031923294067,0.07390076702193626,34.74808665130205,-4.880807242074452,-4.880807242074452,0.9743589743589743,0.0009603830703720506,1,2.2752618820447386,2.128354590989253,259.3846702366104,0.1321514193077175,-1.3697189650432477,-1.0035616633951747,18.3614686822225,-22.670251659646265,-1.281417727470398,0.12115564494786424,34.748091154357326,-4.880808717879173,-4.880808717879173,0.9636363636363636,0.0006536395447984678,1
22,320347,53.65637499999999,-27.075416666666666,0.3417863546802293,0.0676,-1.0,0.5261147691806246,0.5116691781217053,31.3732665017074,0.09135017579468724,-1.24145934121006,-0.8827184510613222,17.992964075283265,-19.435033246674664,-0.7315540313720703,0.2104854444794001,53.65646378607598,-27.075469239507463,-27.075469239507463,0.9964028776978417,0.0008205547813150416,1,0.5374172707450123,0.5384053476736884,29.341903922460155,0.09939515595777726,-1.2044280791693467,-1.0576419719672288,17.65899652668545,-19.76900079527248,-0.5817995071411133,0.16755485876176668,53.656460960205024,-27.075481395825914,-27.075481395825914,0.9961538461538462,0.0005828909889403766,1,0.5338886659629005,0.5495841337187298,28.551929586086228,0.10285287938801548,-1.0837399982778777,-1.225800411585027,18.27195175689271,-19.156045565065217,-0.6154273748397827,0.21441116414539474,53.65645160847369,-27.075493108122032,-27.075493108122032,0.9920948616600791,0.0008339814905612419,1,0.5516003554667832,0.5874315414202941,22.57069532496935,0.12364734416235955,-1.0705921422469658,-1.3828771127436568,18.14625058252025,-19.28174673943768,-0.6288499236106873,0.209971390893401,53.656450638699866,-27.075504018003777,-27.075504018003777,0.99,0.0007523171307629584,1
23,320469,34.41831249999999,-4.837080555555556,,1.1065,1.216371226479369,2.682149376520379,1.3410746882601896,22.60038280374025,0.28209479177387814,0.0,0.0,26.0,-15.268783546045208,0.0,0.3,34.41831249999999,-4.837083333333333,,0.5,1.0,0,2.682149376520379,1.3410746882601896,22.60038280374025,0.28209479177387814,0.0,0.0,26.0,-15.268783546045208,0.0,0.3,34.41831249999999,-4.837083333333333,,0.5,1.0,0,2.682149376520379,1.3410746882601896,22.60038280374025,0.28209479177387814,0.0,0.0,26.0,-15.268783546045208,0.0,0.3,34.41831249999999,-4.837083333333333,,0.5,1.0,0,2.682149376520379,1.3410746882601896,22.60038280374025,0.28209479177387814,0.0,0.0,26.0,-15.268783546045208,0.0,0.3,34.41831249999999,-4.837083333333333,,0.5,1.0,0
24,330013,51.63508333333333,-27.98236111111111,0.337443271712002,0.1234,-1.0,0.8382642787795459,5.089390419406311,268.85883447763007,0.31038706346521056,0.3383239453931708,8.92192883303079,16.801454758074946,-21.93886598895331,-0.8310750722885132,0.039374126837323886,51.63514427317589,-27.982422015292848,-27.982422015292848,0.7533252720677146,0.0014643219583171385,1,0.855706058148712,4.970404082721613,276.0110646572043,0.299177170992498,0.3079707921312149,8.714163863338626,16.295385846051186,-22.44493490097707,-0.9253572225570679,0.03714754380298535,51.63514646393929,-27.98243646383112,-27.98243646383112,0.7974087161366313,0.0009184994577335903,1,0.919661018639237,4.927332357519453,302.6693771447081,0.283222411127919,0.2664013299509804,8.63993946324021,16.834479961546243,-21.905840785482013,-0.4120291471481323,0.04705308515986273,51.635149661382755,-27.98244165118319,-27.98244165118319,0.799140708915145,0.0013458401034770473,1,0.9133846362326503,4.923485926427091,239.27460964393683,0.3182910248980855,0.5277484433895125,8.621146096147328,16.682744990574523,-22.057575756453733,-1.3490445613861084,0.05568146921707573,51.63512910404719,-27.98244273820411,-27.98244273820411,0.7676630434782609,0.0011430678479754652,1
25,330022,35.3240875,-2.9491250000000004,0.1813581757998459,0.2649,-1.0,1.766844568322213,0.7630029772491482,171.47070133621853,0.05826815549183463,0.7038826578815787,-0.17643481525504967,18.88272050985466,-21.575029566436083,0.8745854496955872,0.4323335874519859,35.32403856282621,-2.949137221362416,-2.949137221362416,0.967741935483871,0.0013404370375449393,1,1.5444328876081015,0.8050741388322136,294.2658487447363,0.04693166314454862,0.6996600046624906,-0.31099623610997185,17.55241709412301,-22.90533298216773,0.890466034412384,0.44851200009321346,35.324038849686204,-2.9491465608028653,-2.9491465608028653,0.981203007518797,0.0004316664618659871,1,1.4557123548442483,0.8244152672044023,391.61695660013777,0.041659617851014435,0.6518397675933727,-0.435737244298366,17.866734457303917,-22.591015618986827,0.8604305386543274,0.4498695417089944,35.324042167596836,-2.94915522015064,-2.94915522015064,0.9858757062146892,0.0004976006454278092,1,1.5368633996385008,0.8484275616690603,321.92241347638446,0.04728671676286375,0.6755551405793483,-0.4412697372696499,17.47341367510334,-22.984336401187402,0.8737815022468567,0.46074680411190383,35.32404051881491,-2.9491556033212505,-2.9491556033212505,0.9828178694158075,0.000344664990983512,1
26,330023,35.79805416666666,-2.7800916666666664,0.7828123539316287,0.1816,-1.0,1.408501722935524,2.5201305136967402,135.98169984095486,0.2161139493716459,3.1765175164204322,-0.31339320357029976,18.161901374501713,-21.452715199956483,0.13964568078517914,0.46083920786457744,35.797837552801916,-2.7801134013600195,-2.7801134013600195,0.8532110091743119,0.0014513282441955822,1,1.2190074665950228,2.670525685186283,187.75454886296978,0.19489537157257258,3.3737984226793714,-0.24141609713818468,17.324963314001675,-22.28965326045652,0.1571938842535019,0.5081649035205031,35.797823841632706,-2.7801084053485474,-2.7801084053485474,0.9269102990033222,0.0006349777525587186,1,1.1683987825699647,2.761246437568634,238.27985935433375,0.17887988254059564,3.491856302055112,-0.19557817387456566,17.723482114598404,-21.891134459859792,0.128300741314888,0.516279198763061,35.79781563654186,-2.7801052237213315,-2.7801052237213315,0.9502617801047121,0.0008055057329460213,1,1.2642244922055264,2.6556641815254096,164.05131678060152,0.20734009620368504,3.3598460480228454,-0.15889478234373655,17.44067130716375,-22.173945267294446,0.1315889060497284,0.5195453318510994,35.79782481194093,-2.780102678540846,-2.780102678540846,0.9277566539923955,0.0005824871182259495,1
27,330027,0.0,0.0,,0,-1.0,0.5891761738524944,0.2945880869262472,1.0905365459966716,0.28209479177387814,0.0,0.0,26.0,-11.115221171216538,0.0,0.3,352.94863749999996,-1.4309472222222224,,0.5,1.0,0,0.5891761738524944,0.2945880869262472,1.0905365459966716,0.28209479177387814,0.0,0.0,26.0,-11.115221171216538,0.0,0.3,352.94863749999996,-1.4309472222222224,,0.5,1.0,0,0.5891761738524944,0.2945880869262472,1.0905365459966716,0.28209479177387814,0.0,0.0,26.0,-11.115221171216538,0.0,0.3,352.94863749999996,-1.4309472222222224,,0.5,1.0,0,0.5891761738524944,0.2945880869262472,1.0905365459966716,0.28209479177387814,0.0,0.0,26.0,-11.115221171216538,0.0,0.3,352.94863749999996,-1.4309472222222224,,0.5,1.0,0
28,330040,0.0,0.0,,0,-1.0,1.5656653909765965,0.7828326954882983,7.701011570487398,0.28209479177387814,0.0,0.0,26.0,-13.589885404439759,0.0,0.3,54.44000416666666,-28.240475,,0.5,1.0,0,1.5656653909765965,0.7828326954882983,7.701011570487398,0.28209479177387814,0.0,0.0,26.0,-13.589885404439759,0.0,0.3,54.44000416666666,-28.240475,,0.5,1.0,0,1.5656653909765965,0.7828326954882983,7.701011570487398,0.28209479177387814,0.0,0.0,26.0,-13.589885404439759,0.0,0.3,54.44000416666666,-28.240475,,0.5,1.0,0,1.5656653909765965,0.7828326954882983,7.701011570487398,0.28209479177387814,0.0,0.0,26.0,-13.589885404439759,0.0,0.3,54.44000416666666,-28.240475,,0.5,1.0,0
29,330042,0.0,0.0,,0,-1.0,0.9838533189910025,2.019593771168912,138.55660186567627,0.17157357903183554,-0.2138419452131899,3.0036966463182466,17.63117120944271,-21.53634584347506,0.29982903599739075,0.07352057175608895,352.80821483641347,-0.7494164224557494,-0.7494164224557494,0.8993506493506493,0.0006795250157096699,1,0.9598912073798878,1.9217493119725957,135.85744728387738,0.16487507617784228,-0.19926611856186582,2.858471963710585,17.18730531952319,-21.98021173339458,0.2624094486236572,0.07999669328618908,352.80821382486806,-0.749426506932247,-0.749426506932247,0.9006622516556292,0.0004414090096751533,1,0.9633829411021145,1.9223304930455605,141.25575644747516,0.16174280756459036,-0.18100199631203395,2.8605556787059783,17.731768960427996,-21.435748092489774,0.22111482918262482,0.09563223342925287,352.80821255652273,-0.7494263623833172,-0.7494263623833172,0.9171974522292994,0.0006077603838950951,1,1.0118985333477108,1.7825258498510406,112.46477424162035,0.16808446599308288,-0.1138099880990211,2.655386375694306,17.609592611148415,-21.557924441769355,0.2296554446220398,0.14187209654867472,352.80820789136544,-0.7494406098115837,-0.7494406098115837,0.9,0.0005332271702747082,1
30,330053,36.89170416666666,-3.8429583333333337,0.30043200746608956,0.1745,-1.0,1.198800279519921,2.4367526347228683,31.040847604198795,0.43736563716297455,-0.3078992921225563,-3.1697758154778626,20.305785266432892,-19.22106855814594,-0.9734835624694824,0.14426574834306827,36.8917633795447,-3.843017274354853,-3.843017274354853,0.5471698113207547,0.0023745200503780817,1,1.427572119029038,2.505810139141584,32.79787671387042,0.43754759156076384,-0.22185089812944625,-3.267435739377447,19.70358148451715,-19.82327234006168,-1.053121566772461,0.1854167630379988,36.89175740146405,-3.8430240619897913,-3.8430240619897913,0.48214285714285715,0.0014500560763401893,1,1.2523484473746727,2.495899140902206,37.48328767299477,0.4076694745083918,-0.10447902728591885,-3.260344940372775,20.362854403550543,-19.16399942102829,-0.8482410907745361,0.129881306864032,36.89174923439344,-3.8430235793676446,-3.8430235793676446,0.515625,0.0021707592884278037,1,1.5151919821894129,2.4406686659106565,25.769760275183906,0.4807880185444899,-0.152644990347369,-3.1861748132986065,20.2165617072134,-19.31029211736543,-0.9619967341423035,0.11621781897550498,36.891752578865294,-3.843018425757718,-3.843018425757718,0.45454545454545453,0.0019187759327355947,1
31,330064,0.0,0.0,,0,-1.0,13.02757892381159,7.095200034560676,11.606525915465655,2.0826367195099444,10.753357585174427,1.2320048346662134,13.02757892381159,-26.226247716108787,0.00048351948498748243,0.20065547623338365,129.9947438273954,45.193663347458994,45.193663347458994,0.0,3.54694867492622e-05,0,1.646508242885179,7.095200034560676,11.606525915465655,2.0826367195099444,10.753357585174427,1.2320048346662134,20.692601842649683,-18.414211080580927,0.00048351948498748243,0.20065547623338365,129.9947438273954,45.193663347458994,45.193663347458994,0.0,0.011932080549683421,1,1.4455117593373041,7.015759308223903,16.764981877894837,1.7134567116063826,10.599208730887085,1.4837032771681606,21.187071928893285,-17.919740994337324,0.07214921712875366,0.21503054113440567,129.99475883405844,45.19368090063346,45.19368090063346,0.0,0.01684100409747047,1,1.5529808101772702,6.965903771670214,9.027297934251065,2.3184545293674104,10.524820623172985,1.4664782678829766,21.054138288201134,-18.052674635029476,-0.06972989439964294,0.23774482537564645,129.99476617538403,45.19367974299544,45.19367974299544,0.0,0.014312268841254472,1
32,330076,0.0,0.0,,0,-1.0,1.981832972815563,1.446519311421588,43.93333097330152,0.21823639040093676,-1.4435117115810954,-0.45144205210962696,20.527012061230337,-19.641518820261656,-0.9661380052566528,0.19647242835316225,130.62809940673023,42.95426306909442,42.95426306909442,0.875,0.0029128859674429908,1,1.7733179532656773,1.4269874811945562,53.086108259406004,0.19585277028894219,-1.391681060443787,-0.5380015052240879,19.89609670173074,-20.27243417976125,-0.9376654028892517,0.23912544104417066,130.62809448667696,42.95425706296686,42.95425706296686,0.9827586206896551,0.0014972276442339894,1,1.6989839126668693,1.2563939043964605,57.662496902458244,0.165454696209367,-1.2369708840702032,-0.44231601158645617,20.44473874638052,-19.723792135111474,-0.9981487989425659,0.2274025328752164,130.62807981550856,42.95426370864315,42.95426370864315,0.9523809523809523,0.002057304804157778,1,1.8416205060285724,1.268485989276653,42.10277551608062,0.19549259495417373,-1.1967075494811041,-0.5719133077420508,20.198276248237306,-19.970254633254687,-0.8726375102996826,0.1616981062005367,130.62807599088876,42.954254715122005,42.954254715122005,0.9782608695652174,0.001569405219263298,1
33,330089,36.190124999999995,-4.822383333333333,0.3437321976978193,0.3498,-1.0,2.528090282940696,6.131531415977842,74.52277976842201,0.7102715752231605,1.3798539330271922,-4.615933842959606,20.492880503703596,-20.59087636602399,-0.6999775171279907,0.35169307386415394,36.190178975260096,-4.8224622251200735,-4.8224622251200735,0.1956521739130435,0.003984318986916979,1,2.182822365871394,5.842684283994619,123.12459266087114,0.5265504836314489,1.4592476051206802,-4.352700645136295,19.573465947496864,-21.510290922230723,-0.717593789100647,0.3677065001439821,36.190173435188555,-4.822443949687236,-4.822443949687236,0.5394736842105263,0.0019495032735327156,1,2.10024111777174,5.88282445837206,134.46501566910928,0.5073191264444586,1.4611289267074028,-4.3853268350869286,20.278462379614762,-20.805294490112825,-0.6878904700279236,0.33548405258564873,36.190173305014426,-4.8224462151949,-4.8224462151949,0.4578313253012048,0.003202155876410484,1,2.2024550163659966,6.053119396596679,93.96350492540166,0.6244528274393442,1.5244184617081658,-4.5052220518497705,20.035702945069016,-21.04805392465857,-0.7420001029968262,0.37008673171759643,36.190168898052896,-4.822454542327089,-4.822454542327089,0.3620689655172414,0.002465172387489556,1
34,330106,0.0,0.0,,0,-1.0,2.1713259968095016,53.6574884198387,815.752501558511,1.8786727386534543,-9.565130991171785,-39.549525011169465,17.44283205034931,-23.765961702113398,-1.2100204229354858,0.39957009173960756,130.00990461342303,43.73911414984994,43.73911414984994,0.0,0.01146672957852024,1,2.0978760136590595,53.726071209674366,887.0656200316431,1.8038781976490081,-9.605938255992925,-39.59314987629354,16.828946397127794,-24.379847355334913,-1.221025824546814,0.3891195667384105,130.00990856496725,43.739111140712836,43.739111140712836,0.0,0.00715169009544514,1,2.0210587539086466,53.544942908537244,974.0328376818042,1.715661716895103,-9.557177089005833,-39.4636391602387,17.334833618439017,-23.87396013402369,-1.1757571697235107,0.3914798994382338,130.00990379042562,43.73912010935144,43.73912010935144,0.0,0.010342929614551521,1,2.1004658391215374,53.60813182361995,779.2262701454433,1.9204317617887576,-9.60768362961845,-39.50068669534433,17.105611790289068,-24.10318196217364,-1.1873199939727783,0.4103669831871877,130.0099086696334,43.73911756163399,43.73911756163399,0.0,0.008681337847109671,1
35,330107,0.0,0.0,,0,1.7009119949683038,1.894841507354597,0.9474207536772985,11.279650723511448,0.28209479177387814,0.0,0.0,26.0,-14.139428375296218,0.0,0.3,132.58256666666665,44.27336388888889,,0.5,1.0,0,1.894841507354597,0.9474207536772985,11.279650723511448,0.28209479177387814,0.0,0.0,26.0,-14.139428375296218,0.0,0.3,132.58256666666665,44.27336388888889,,0.5,1.0,0,1.894841507354597,0.9474207536772985,11.279650723511448,0.28209479177387814,0.0,0.0,26.0,-14.139428375296218,0.0,0.3,132.58256666666665,44.27336388888889,,0.5,1.0,0,1.894841507354597,0.9474207536772985,11.279650723511448,0.28209479177387814,0.0,0.0,26.0,-14.139428375296218,0.0,0.3,132.58256666666665,44.27336388888889,,0.5,1.0,0
36,330112,37.12208333333333,-4.146569444444445,0.1941056209751594,0.2100,-1.0,1.6293160404530391,10.904424045777743,711.4312394616688,0.4088238898008679,-10.73096764002706,6.005760725543766,16.67353405355533,-23.27238384240572,0.725702702999115,0.23093602790710455,37.1221253007165,-4.146601305585533,-4.146601305585533,0.3938053097345133,0.001404447692422317,1,1.4425868843446408,11.018646248410821,1404.7619053529631,0.2939861559652555,-10.778902035281945,6.182408745862503,15.376558824947779,-24.56935907101327,0.4862402379512787,0.27936055568147034,37.122128616814756,-4.1465890360698925,-4.1465890360698925,0.6526610644257703,0.000509793204723219,1,1.3036536724194836,11.05400014224614,2013.885555069038,0.24632135923682622,-10.806453413382798,6.214486481567349,15.726413774453205,-24.219504121507843,0.3795587122440338,0.3309800495395204,37.12213053061544,-4.146586805973858,-4.146586805973858,0.7710042985541227,0.0006519100043014259,1,1.3465299013997027,11.089622911713702,1682.5663605852299,0.2703526792329909,-10.859559335874167,6.202629607933986,15.38702807891291,-24.558889817048136,0.4088215231895447,0.32052410802987996,37.12213422778428,-4.1465876233675605,-4.1465876233675605,0.6637043966323667,0.0004826252773822981,1
37,330114,0.0,0.0,,0,17.52242382745635,4.346035706954453,2.1730178534772264,59.338484872622615,0.28209479177387814,0.0,0.0,26.0,-18.335897313255806,0.0,0.3,130.3091333333333,44.03248611111111,,0.5,1.0,0,4.346035706954453,2.1730178534772264,59.338484872622615,0.28209479177387814,0.0,0.0,26.0,-18.335897313255806,0.0,0.3,130.3091333333333,44.03248611111111,,0.5,1.0,0,4.346035706954453,2.1730178534772264,59.338484872622615,0.28209479177387814,0.0,0.0,26.0,-18.335897313255806,0.0,0.3,130.3091333333333,44.03248611111111,,0.5,1.0,0,4.346035706954453,2.1730178534772264,59.338484872622615,0.28209479177387814,0.0,0.0,26.0,-18.335897313255806,0.0,0.3,130.3091333333333,44.03248611111111,,0.5,1.0,0
38,340195,36.44293333333332,-5.064072222222222,,0.6282,5.096873637350045,3.716655624429207,1.8583278122146034,43.39648132268625,0.28209479177387814,0.0,0.0,26.0,-16.694500555284286,0.0,0.3,36.44288333333333,-5.065713888888888,,0.5,1.0,0,3.716655624429207,1.8583278122146034,43.39648132268625,0.28209479177387814,0.0,0.0,26.0,-16.694500555284286,0.0,0.3,36.44288333333333,-5.065713888888888,,0.5,1.0,0,3.716655624429207,1.8583278122146034,43.39648132268625,0.28209479177387814,0.0,0.0,26.0,-16.694500555284286,0.0,0.3,36.44288333333333,-5.065713888888888,,0.5,1.0,0,3.716655624429207,1.8583278122146034,43.39648132268625,0.28209479177387814,0.0,0.0,26.0,-16.694500555284286,0.0,0.3,36.44288333333333,-5.065713888888888,,0.5,1.0,0
39,340211,34.85484583333333,-4.053774722222222,0.45569774526875056,0.2928,-1.0,1.705310770575364,7.418925887942709,449.7274082308259,0.3498374950409878,-6.712451189286412,0.7065678503167305,17.898526035666908,-22.699075763589498,0.4791077673435211,0.4438326936644964,34.85491305938778,-4.053882083412327,-4.053882083412327,0.6639784946236559,0.001956703181277053,1,1.5851852928447443,7.378639839703271,615.3528247029311,0.2974501643135762,-6.647378670892323,0.9353512966897171,16.785388682533696,-23.81221311672271,0.46393123269081116,0.4476279036979435,34.85490855159744,-4.053866192690256,-4.053866192690256,0.75049115913556,0.0007582907424688035,1,1.5091387134742718,7.354917383434519,739.8741232184556,0.2703951388224711,-6.611664114827093,1.0290780041057275,17.143095699942734,-23.454506099313672,0.4707464873790741,0.4325862518427114,34.854906074607094,-4.053859681877817,-4.053859681877817,0.7941176470588235,0.0009301814851276902,1,1.5576495740024054,7.437946304957926,629.8601604523126,0.2963677677829848,-6.698707008022794,0.9576682151229079,16.76654212529919,-23.831059673957217,0.45784616470336914,0.44924349038343403,34.8549121259049,-4.053864647653387,-4.053864647653387,0.744721689059501,0.0006761046590085806,1
40,340218,35.011541666666666,-3.8086083333333334,0.28102714104939225,0.1634,-1.0,1.931546028523614,0.6676720221260937,331.8657032009717,0.03665067621578947,-0.7706187217648051,-0.5108350138797135,16.241673714404463,-23.126362857838867,0.9120456576347351,0.612154253963507,35.011591080204184,-3.8086688554145187,-3.8086688554145187,0.9889937106918238,0.0034322641723685265,1,1.7835191274993665,0.9163115139120407,410.1359162200688,0.04524590114807947,-1.0505133003770482,-0.7116361444437018,15.540541227626859,-23.827495344616473,0.9325879812240601,0.598755370837838,35.01161053975729,-3.80868281697981,-3.80868281697981,0.9923664122137404,0.0012041316707923633,1,1.7315156400025427,0.9540653160750283,466.4904695938187,0.044172982182648375,-1.0891122804427198,-0.7478245474517422,16.007002185905456,-23.361034386337874,0.9334957003593445,0.568096853514678,35.01161322267498,-3.808685332311584,-3.808685332311584,0.9955257270693513,0.0013685798233097346,1,1.6914366549575648,1.0279918966391302,398.1344835571406,0.051519874200883345,-1.1688899296696746,-0.8124474652439346,15.783221709210789,-23.58481486303254,0.9370051622390747,0.5905077595484849,35.011618768608585,-3.808689824783016,-3.808689824783016,0.9947575360419397,0.0009364387203945057,1
41,340222,36.329987499999994,-3.4718719444444446,0.39420277565976486,0.2556,-1.0,1.9741122189974534,3.154798454855788,81.22852462541667,0.35003972735224315,2.4444296443779905,-1.9258576592840484,19.855939707981456,-20.488722013050804,0.03752435743808746,0.43761791212005474,36.33007170773492,-3.4719421262199592,-3.4719421262199592,0.5949367088607594,0.002752322797557216,1,1.916615028762895,3.125057505817051,106.93375393725738,0.3022042772788678,2.445936302251482,-1.8761156422462761,19.06544676146887,-21.27921495956339,0.1502644568681717,0.3750431272285317,36.33007160089307,-3.4719386727093706,-3.4719386727093706,0.6153846153846154,0.0015145624088643839,1,1.8584942967394604,3.2436388828167027,123.38510069683544,0.29201229525094136,2.4478726039176024,-2.0603973658795667,19.694436237892976,-20.650225483139284,0.15388484299182892,0.3807226068899252,36.33007147374676,-3.4719514673529184,-3.4719514673529184,0.625,0.0022691370523573173,1,1.9498663382210828,3.102706355587334,92.53882552262658,0.32253636243917067,2.278718381185257,-2.0431666681991487,19.37143770019114,-20.97322402084112,0.14724968373775482,0.35084890204625163,36.33008323963699,-3.4719502653855656,-3.4719502653855656,0.5,0.0017460375641752401,1
42,340229,0.0,0.0,,0,-1.0,0.9577360019172299,3.099478690636283,314.4895437596342,0.17477751073480333,-3.77549681864528,-3.0772889567258233,16.831939458843493,-22.196633719154143,-0.863803505897522,0.08824338611964944,35.87927077168107,-2.8606580184765664,-2.8606580184765664,0.9497422680412371,0.0010814066632073294,1,0.9304993640397675,3.1228311237646005,363.9324874950407,0.16369600710788623,-3.6979796374505014,-3.2261948371916276,16.184496053473865,-22.84407712452377,-0.8764834403991699,0.10508886537648043,35.87926538346851,-2.8606683531039168,-2.8606683531039168,0.9476614699331849,0.0006282087240524481,1,0.9052311621339204,3.139181229108322,390.68030951583427,0.15882015928982235,-3.660192421838488,-3.3074871338917404,16.7459681538648,-22.282605024132835,-0.9556077718734741,0.09415334567763778,35.8792627568857,-2.860673995093459,-2.860673995093459,0.9574688796680498,0.0009073426439150101,1,0.975317774252442,3.090777208869232,332.7266951374481,0.16944309594833687,-3.5749208879298777,-3.2881339080846885,16.53842821836333,-22.490144959634307,-0.879969596862793,0.089453679998445,35.879256829598404,-2.860672651931473,-2.860672651931473,0.9439707673568819,0.0007667998049429858,1
43,340232,0.0,0.0,,0,-1.0,1.1007969522357102,4.249030874444878,387.8280848537429,0.21575966491672616,-0.9612152799141569,-6.159069345556674,16.92427564581235,-22.28772652977165,1.3756628036499023,0.745980958012707,52.66322872370298,-28.99439998379159,-28.99439998379159,0.9172661870503597,0.0022312565943976015,1,1.1022291279364824,4.176392579539041,414.7993425534037,0.20506062927299817,-0.8171105965573702,-6.072353519467029,16.331144131095122,-22.88085804448888,1.3716533184051514,0.7279204956839215,52.663217310017714,-28.994393927681376,-28.994393927681376,0.9327354260089686,0.0012496536767827582,1,1.1187261518964178,4.0901043275883024,452.00107731155646,0.19238209547667193,-0.8698550728452403,-5.937094765986359,16.81575436397605,-22.39624781160795,1.3722161054611206,0.7243917065149861,52.66322153472599,-28.99438455259752,-28.99438455259752,0.9393004115226338,0.0016630277026838947,1,1.1362952771181232,4.265539994435175,345.976133250821,0.22932476020673562,-0.8560907730611831,-6.199030834657137,16.61433522760678,-22.59766694797722,1.371931552886963,0.7223672336334501,52.66322036827841,-28.994402730639766,-28.994402730639766,0.8991935483870968,0.001266037293538913,1
44,340242,54.287499999999994,-27.79038888888889,0.32977714041947803,-9.9990,-1.0,3.8973918244325874,2.1710477109530353,177.31909141732032,0.16303904356179533,0.6150413429823658,-1.3225381767643114,19.661663538526135,-22.001917914442707,-0.8314860463142395,0.5779353517825926,54.287573575333205,-27.790453346971994,-27.790453346971994,0.9625,0.006458059639114722,1,2.5463925209569718,2.235881747990408,492.0604786830639,0.10079513905534833,0.4789462884424438,-1.4236897890759508,18.292781089875973,-23.37080036309287,-0.8157326579093933,0.5539461016990002,54.287584331250294,-27.790460278569416,-27.790460278569416,0.9954954954954955,0.0016401183901381122,1,2.2804012148117794,2.400820235016392,631.6992631742037,0.09552223110105713,0.5161878211159632,-1.52807006042012,18.513753404722255,-23.149828048246587,-0.8128722310066223,0.5552143308349491,54.28758148815075,-27.790467550629216,-27.790467550629216,0.9964912280701754,0.00163383160159436,1,2.3967648242774167,2.045406677898772,551.9056720364096,0.08706572901844696,0.3446403573407366,-1.3301988367737607,18.048347467225593,-23.61523398574325,-0.8151955008506775,0.5456157018836083,54.287594799110494,-27.79045369742503,-27.79045369742503,0.9959839357429718,0.0010196550377806757,1
45,340243,52.747791666666664,-28.166777777777778,0.8304223424193722,0.0774,-1.0,0.5166711445252015,6.739658815531655,602.2136917666226,0.27463924655850475,-10.354642467502032,-14.351879341673538,14.483253539430835,-23.247545938015183,0.07279226183891296,0.11777003789218399,52.74787904202693,-28.16698757588856,-28.16698757588856,0.8109344894026975,0.0007350297200430234,1,0.5148324946579425,6.802149820850296,576.9764127764028,0.2831829904437145,-10.646238478535267,-14.341806935788966,14.002375419444208,-23.72842405800181,0.034417349845170975,0.12143582977892642,52.7479020129811,-28.166986935198317,-28.166986935198317,0.7916038210155857,0.00045780336173140146,1,0.5057301026807305,6.85142876376767,665.1618474088947,0.2656546860964342,-10.749216905415594,-14.42648180123328,14.48518196577511,-23.245617511670904,-0.03107857145369053,0.11220502471749627,52.7479101053568,-28.166992835788726,-28.166992835788726,0.8262102049716529,0.0006291730835189524,1,0.5158605758453875,6.733564680740913,476.6074641486324,0.30843568335051214,-10.604736458936685,-14.14808487160893,14.320989707904971,-23.409809769541045,0.03644544631242752,0.10690648912365841,52.74789878765017,-28.166973474722628,-28.166973474722628,0.7422398052343274,0.0005171549805221831,1
46,340272,36.059545833333324,-5.4161,0.3411334087144317,0.1964,-1.0,1.2972554412499546,4.856734627025512,337.53094960652146,0.2643550270937397,-0.011895731912446195,5.895858519141768,17.846302129298856,-21.888088387458815,-1.1574479341506958,0.3994056804228632,36.05962156476154,-5.416157403557787,-5.416157403557787,0.8672032193158954,0.0027933074789567858,1,1.176396485363825,4.787873148102299,402.04893796189276,0.23878287444616458,0.03264549093442781,5.812186793421262,17.08686882660286,-22.64752169015481,-1.162179708480835,0.40325097514790587,36.05961845981849,-5.416163212598098,-5.416163212598098,0.7972972972972973,0.0014106247952423434,1,1.1111606345668879,4.874263966941171,488.97843806176144,0.2204266956567041,0.14947075127108178,5.915272016788009,17.60019296705201,-22.13419754970566,-1.1494606733322144,0.40079231345944655,36.05961031062519,-5.416156059371015,-5.416156059371015,0.825,0.0019912313414396365,1,1.2885955468691255,4.869784084796704,397.9741176447114,0.24410815694794774,0.02848294193717038,5.911646007309315,17.34537131625008,-22.38901920050759,-1.1460471153259277,0.38735260135830474,36.059618748461254,-5.416156308516857,-5.416156308516857,0.7764505119453925,0.0016066881474954275,1
47,340276,0.0,0.0,,0,-1.0,1.4147163307744854,96.31233594825592,6258.531062544481,1.2174347958188165,-30.817866733741184,-58.13233917226415,12.447454237193227,-29.150785816186158,1.269443154335022,0.09330303720623956,53.78470063953201,-28.626376395182508,-28.626376395182508,0.0,0.0006295708779850973,1,0.14642632362818436,95.83568219758686,7384.166145735934,1.1152609827878024,-30.523558919194983,-57.919575860736,12.726512696806132,-28.871727356573253,1.2869477272033691,0.09418934543202884,53.78467726685879,-28.626361741071342,-28.626361741071342,0.0,1.0,1,0.14642632362818436,102.1993872897464,4416.77765976075,1.537784656610225,-27.285333135909468,-64.26490427053787,16.726414873129926,-24.87182518024946,0.5157434344291687,0.466150612537115,53.7844239291076,-28.626803552725605,-28.626803552725605,0.0,1.0,1,0.14642632362818436,88.5443501476798,2377.7701090653745,1.815833078532884,-31.423857528330956,-51.686608115952325,17.212165845186632,-24.386074208192753,0.27654898166656494,0.34595439281775253,53.7847457297278,-28.62592865907504,-28.62592865907504,0.0,1.0,1
48,340316,0.0,0.0,,0,-1.0,13.02757892381159,3.6723823744174573,20.015477427412378,0.8208521073091778,-3.841068257803258,3.8634859138097397,13.02757892381159,-26.30660824283163,0.9469401836395264,0.09061401966763638,35.84585860833598,-2.676668022091655,-2.676668022091655,0.0,3.9420395778311246e-05,0,2.0554748282145194,3.6723823744174573,20.015477427412378,0.8208521073091778,-3.841068257803258,3.8634859138097397,19.553687089607266,-19.628755476151927,0.9469401836395264,0.09061401966763638,35.84585860833598,-2.676668022091655,-2.676668022091655,0.0,0.005599207169466491,1,2.099043907212141,3.4587437245181305,20.015477427412378,0.7730995265337709,-3.4691514066101377,3.780646361704086,19.724472630220074,-19.45796993553912,0.6386903524398804,0.20545099811009926,35.845832762104,-2.6766737698875103,-2.6766737698875103,0.0,0.0067388720157937065,1,2.0994099139102524,3.718470046696367,9.552841499446817,1.2030896800174822,-3.891274875475375,3.9099790335605746,19.90147454907977,-19.280968016679424,-0.03310812637209892,0.19740990273810666,35.845862097519834,-2.6766647959198413,-2.6766647959198413,0.0,0.004721009395449727,1
49,340337,159.02696666666665,57.784016666666666,0.3337471975278246,0.0441,-1.0,0.29164624015580126,1.5462605880793814,55.6753236224149,0.20722937226049964,7.094089292415788,2.6524787768804003,15.420040519456553,-20.841402396586584,-0.25255200266838074,0.6902431399126747,159.0272084832232,57.78401018131454,57.78401018131454,0.8605697151424287,0.000736810109162267,1,0.28216032438307104,1.6571379080716402,61.97740298297311,0.2104950876413001,7.610165307688163,2.8228776696697793,14.88325143419239,-21.37819148185075,-0.2623148262500763,0.6796174617547932,159.02714041891926,57.784020471119895,57.784020471119895,0.8343434343434344,0.0004301502077505015,1,0.2734210989217954,1.7094824717591264,67.86212609448773,0.2075156816149257,7.9016923864206206,2.7704164913075715,15.470415329222174,-20.791027586820963,-0.2599254846572876,0.6668293707527061,159.02710279866355,57.78401596949476,57.78401596949476,0.8444034440344403,0.0006209037995316136,1,0.28551980556010653,1.7293698142374756,53.755484876814386,0.23587205044953383,7.982202898333611,2.834959129997827,15.227002891284556,-21.03444002475858,-0.2682923674583435,0.6746422754335408,159.02709196875054,57.78402020740648,57.78402020740648,0.7678571428571429,0.00048784709929250436,1
50,340346,159.9801083333333,58.824737500000005,0.3457806082299644,0.1350,-1.0,0.7523252114994693,4.964812804126102,282.83819346497967,0.2952118938923053,7.1211744026264086,5.018189402127021,16.3183286707426,-22.421992076285658,0.6826253533363342,0.28545616474950164,159.98021366436197,58.82464782424551,58.82464782424551,0.732183908045977,0.0007855985471058036,1,0.7800249510219958,5.009176449621202,280.8875852341867,0.2988822044995511,7.09912650894735,5.182484878701501,15.894351665444653,-22.845969081583604,0.6601437926292419,0.289291788823106,159.980215987582,58.82465926948921,58.82465926948921,0.7106481481481481,0.0005533082089096419,1,0.7543739534645617,5.149785899780269,310.14670869608113,0.29241899853690456,7.29604182972335,5.331190345388336,16.51419508520104,-22.226125661827215,0.6606582999229431,0.29577552311348176,159.98018902047505,58.8246691933034,58.8246691933034,0.7410901467505241,0.0008626803315228138,1,0.7961770602100168,5.180530309576308,252.92886725948756,0.32574294573712,7.373781981796469,5.315920415154665,16.39102134219543,-22.349299404832827,0.6745820641517639,0.27314011366896973,159.98017865876645,58.82466797760251,58.82466797760251,0.712082262210797,0.0007597412315617502,1
51,350050,161.08015416666666,58.075363055555556,0.2200012439862556,0.4036,-1.0,2.297290077178706,18.664564614219845,335.40664032657645,1.0191357478107885,-4.398521080013211,-12.662904156957396,18.343317693896317,-23.06317506779458,-1.246983289718628,0.23398525324312147,161.08027317754664,58.07531895706155,58.07531895706155,0.0,0.002982798180923729,1,2.2326562976843056,18.442629312347904,407.1410084889078,0.914008875995423,-4.187435714535738,-12.566360013216268,17.53473949361576,-23.87175326807514,-1.1736596822738647,0.21196744314120664,161.0802453036831,58.07532547911893,58.07532547911893,0.0,0.001559096630544543,1,2.2326477998751995,18.30006188921571,476.93660994414915,0.8379579551060826,-4.046753671896084,-12.50478712515337,18.13870469522302,-23.26778806646788,-1.2553913593292236,0.19466596391110347,161.080226731097,58.07532963346894,58.07532963346894,0.0040650406504065045,0.002404484642071547,1,2.369901873371015,18.367376551788414,407.1410084889078,0.9102793811425128,-4.105620894125167,-12.536466935911903,17.764420201952436,-23.642072559738462,-1.1163300275802612,0.20426236890624427,161.08023451226944,58.0753274843857,58.0753274843857,0.0,0.001822865258347628,1
52,350078,130.66264583333333,43.78409194444444,0.28936940396847577,0.4794,-1.0,13.02757892381159,2.1848308420527016,18.452621360477927,0.5086145532598428,-0.7620821931483164,-1.7439825569553875,13.02757892381159,-27.9941052557691,-0.46458911895751953,0.2141431396031097,130.6627148233691,43.78402885549589,43.78402885549589,0.2857142857142857,1.464580339871624e-05,0,3.7870584331150656,2.1848308420527016,18.452621360477927,0.5086145532598428,-0.7620821931483164,-1.7439825569553875,20.76444887789874,-19.97237692091486,-0.46458911895751953,0.2141431396031097,130.6627148233691,43.78402885549589,43.78402885549589,0.2857142857142857,0.0052209229279536196,1,3.1198489227280786,2.3397562667850966,44.813509018303535,0.3495152610697915,-0.967854489013078,-1.7937110430856364,21.03912352789423,-19.697702270919372,1.1031795740127563,0.19643173747780862,130.66273461153722,43.78402539022555,43.78402539022555,0.5588235294117647,0.006578685831109987,1,3.3804781424521173,1.9067390847237626,28.99697642360817,0.3540910186213193,-0.7601429474148205,-1.476821279266062,20.681304063587294,-20.055521735226307,1.0901662111282349,0.27255604733837435,130.66271465899916,43.78404740685847,43.78404740685847,0.6363636363636364,0.0049026806599390405,1
53,350080,130.63496666666663,43.9991225,0.3062158843977914,0.2848,-1.0,2.0899321589171245,2.8034027727724764,910.7686685778748,0.09289267248850204,-1.0800638375235536,2.1900808409638444,17.364530272130278,-23.372295526683324,-0.40577399730682373,0.371020420067139,130.63500020901563,43.99904093405732,43.99904093405732,0.9565846599131693,0.0019564831423560802,1,1.7792666352581086,2.9297793313705944,1260.0504300440641,0.08253553056602365,-1.4355544845503942,2.109949356791617,16.37598237190788,-24.36084342690572,-0.5271090865135193,0.29665542784328636,130.63503452262023,43.999035356668834,43.999035356668834,0.9728033472803347,0.000683544668500291,1,1.6860096295139726,2.9770675481220987,1408.9894453107788,0.0793112543910854,-1.446547648121765,2.1522401742987824,16.787876603371338,-23.948949195442264,-0.6057570576667786,0.2502394421670332,130.63503558599908,43.99903829304166,43.99903829304166,0.9756782039289055,0.0007150293204972735,1,1.7032637276631568,2.9179730885226465,1184.921900219261,0.08476887490942735,-1.3285381335725077,2.166867659105918,16.451112324906518,-24.285713473907084,-0.5473525524139404,0.28413371437518264,130.6350241945677,43.9990393130829,43.9990393130829,0.9721913236929922,0.0004883760367199175,1
54,350083,130.1380208333333,44.374225555555554,0.4317031934899354,0.3669,-1.0,3.351177936522043,5.084162048262729,63.77104106988177,0.63666009681325,-1.0718544476924308,3.610867780923641,20.657958606309876,-20.6343762960476,-1.1908395290374756,0.25223030646995004,130.13811468787276,44.374126158998166,44.374126158998166,0.0,0.0049237075263125485,1,3.086861972890705,5.942786530853103,131.18614162947105,0.5188551728000387,-1.295579439750881,4.207765978800651,19.599569807249377,-21.692765095108097,-1.3369654417037964,0.38562370553395586,130.13813610165064,44.374167694989275,44.374167694989275,0.5277777777777778,0.002739209702189216,1,2.689627068342619,5.417346655167831,134.83020111917858,0.4665444589220936,-1.2235064138542953,3.8223933119867723,20.24004535778071,-21.052289544576766,-1.3133294582366943,0.3717117939262533,130.1381293070083,44.37414090613773,44.37414090613773,0.3108108108108108,0.0030496999474345365,1,2.8027792694778686,5.033313731265398,112.96584418093342,0.47356590275636606,-1.1352492012551778,3.5519130919255133,19.887689014766885,-21.40464588759059,-1.2517211437225342,0.3290688944612795,130.13812087831855,44.37412208944366,44.37412208944366,0.20967741935483872,0.002253038457893153,1
55,350092,0.0,0.0,,0,-1.0,1.0889268767746598,4.297257765900021,69.68955027655598,0.5147632973803411,-8.051854124577176,5.293598803254767,17.268546494443072,-20.851279334050513,-0.7830507755279541,0.4972914195884536,149.50738801839455,0.7209674129628557,0.7209674129628557,0.02857142857142857,0.0038519633763871575,1,0.9701292303161763,4.517829075807223,141.1711175602234,0.3802391844014034,-8.22860300873424,5.909689465435164,16.64054255596544,-21.479283272528146,-0.7377368211746216,0.41078050901303176,149.50740027448214,0.7210101682823172,0.7210101682823172,0.5726375176304654,0.002758105665197075,1,0.8152663364594736,4.447663560850296,173.02919768664898,0.33812106717761664,-8.0248379414424,5.922329295536542,17.180326066683484,-20.9394997618101,-0.7532282471656799,0.3467943127524403,149.5073861284797,0.7210110439008024,0.7210110439008024,0.8768699654775605,0.0035657478260556763,1,0.9584737887439654,4.318602268061829,119.26868747330579,0.39543944555204436,-7.649645967977776,5.9386320440134455,17.092010110306564,-21.02781571818702,-0.7367076277732849,0.3992191363048827,149.50736008165006,0.721012172422203,0.721012172422203,0.664440734557596,0.0032198150048238228,1
56,350233,149.46616666666662,3.4823333333333335,0.4182863979167843,0.1680,-1.0,1.4016165370992384,1.328507164306475,48.240282397693704,0.19127533887027987,0.9896133003049812,-1.4975777952675031,19.316997894353015,-20.118566919763555,-0.3295987844467163,0.1508157192230697,149.46625204351432,3.4822543525935803,3.4822543525935803,0.8181818181818182,0.001034866192125894,1,1.2787008826530495,1.3107507291163594,60.30035299711714,0.1687952342835234,0.9826964151542938,-1.4733700231538478,18.7399377178828,-20.69562709623377,-0.4270876348018646,0.11191940422083269,149.4662525239778,3.4822560330458607,3.4822560330458607,0.9,0.0006140492348173376,1,1.191782068965386,1.174454199561142,64.13764818784277,0.14664915659716748,0.7984555063481622,-1.3713817856155117,19.15995169261111,-20.27561312150546,-0.38825085759162903,0.15702350236218443,149.46626533529522,3.482263118945883,3.482263118945883,0.9145299145299145,0.0007023639115952829,1,1.2654448770251285,1.2337806189257583,43.85480217972155,0.1863070827571553,0.8903838318708495,-1.4093317474024332,19.246621981587694,-20.188942832528877,-0.3373286724090576,0.18626752653873224,149.4662589426745,3.482260481354797,3.482260481354797,0.875,0.0007286581560291827,1
57,350235,0.0,0.0,,0,-1.0,1.9210314134026705,15.35325593699134,347.9627235522736,0.8230649900206101,-3.369744885804522,14.291978986500396,18.538386802520197,-21.902327900294097,0.8853588104248047,0.09750501322416516,184.35054374518046,48.34723840399724,48.34723840399724,0.0,0.006422949003331846,1,1.9713307934082838,15.326976687265036,412.5218452176325,0.7546281834822476,-3.237855351005223,14.296696998178959,17.831151466976827,-22.60956323583747,0.41309329867362976,0.10442890196586041,184.35052996463554,48.34723865391401,48.34723865391401,0.0,0.003597935829373511,1,2.234051086352965,15.317718492981703,473.7982996796681,0.7037158533306879,-3.3689862785182925,14.257234269610933,18.330666768765845,-22.110047934048453,0.7060118913650513,0.10789540825359445,184.35054369608548,48.34723599199073,48.34723599199073,0.0,0.005409669733375089,1,2.4744235251549522,15.419094193466481,349.0569459533814,0.8252978604699563,-3.3037086523909522,14.37202529376981,17.962370645960572,-22.47834405685372,0.9471627473831177,0.07470184757573273,184.35053677795082,48.34724392102036,48.34724392102036,0.0,0.00442030114360048,1
58,350316,131.46957083333334,43.81836305555556,0.32679966794445053,0.0786,-1.0,0.6273575075454305,3.731338764559056,49.72643061211743,0.5291405406878495,-6.247722774078483,-7.402611125658595,17.882568754007668,-19.876373849656883,1.1432676315307617,0.57024002339497,131.4696268972408,43.818323096391225,43.818323096391225,0.6298507462686567,0.0020972275224878656,1,0.6122363987295626,3.917961177104305,52.546735631909165,0.5404894951944618,-6.610053374486299,-7.730505773728652,17.473971974566147,-20.284970629098403,1.180113434791565,0.5841281463765322,131.46966142451794,43.81830006350444,43.81830006350444,0.4180790960451977,0.0015373496605366466,1,0.5995892051469354,3.942830628081758,56.70297460844435,0.5236067063305255,-6.588233184860599,-7.833655789744313,18.011748016529612,-19.74719458713494,1.1648422479629517,0.6033768054998417,131.4696592186622,43.81829291776037,43.81829291776037,0.5130890052356021,0.00220220477708033,1,0.6063650117485974,3.8116115924966203,41.413952659047055,0.5922912240495425,-6.424222089825236,-7.526141421086805,17.875183659609405,-19.883758944055145,1.169703722000122,0.6060209556535083,131.46964375352454,43.81831438958143,43.81831438958143,0.2939068100358423,0.0018944425388894848,1
59,350330,151.32033333333334,1.6776388888888887,0.3027335433169918,0.0426,-1.0,0.4980069628846803,0.6907732480962582,2.2896785176083885,0.4565078556650525,-3.027828791913379,-1.1247292141671608,20.260808186106168,-16.107636538942458,-0.03099631704390049,0.3199366215108804,151.3203934999432,1.6775801125707064,1.6775801125707064,0.66,0.003426617344724825,1,0.4829995044649541,0.7200901397684982,2.6560270804257304,0.44184568163550025,-3.0490242449311324,-1.4284711450353171,19.876123258658485,-16.49232146639014,0.03132631257176399,0.0979286286076968,151.32039495297735,1.6775590257419748,1.6775590257419748,0.6724137931034483,0.00273799302391986,1,0.45235240717286895,0.5743929984102374,3.0223756432430724,0.33039610365636823,-2.382125472339169,-1.240540972870889,20.283796720956804,-16.08464800409182,0.09873419255018234,0.2144635980008197,151.32034865876128,1.6775721031303181,1.6775721031303181,0.8787878787878788,0.0027482628684486476,1,0.42090267572616463,0.5307912074019016,2.2896785176083885,0.3507813259484256,-2.14221923080909,-1.2532918003991398,20.247818243431862,-16.120626481616764,0.08972298353910446,0.2699215765525349,151.32033200021516,1.6775712291997018,1.6775712291997018,0.94,0.002286032502804458,1
60,350374,0.0,0.0,,0,-1.0,4.4227999459215726,1.3985795787525659,52.9600320544735,0.19218215678369913,-0.8116656069576322,-0.34197250731220663,21.02729872074771,-20.901776315287147,0.6662763357162476,0.0354500015578757,131.33644503084884,44.23902296530947,44.23902296530947,0.9523809523809523,0.004663527040406401,1,3.1438827103023144,1.0290101784695898,194.1867841997362,0.07384308559401502,-0.6442904806499286,-0.0694957148648001,19.38719119445344,-22.541883841581416,-1.5146241188049316,0.11366376637834308,131.33642904890462,44.2390419910291,44.2390419910291,0.987012987012987,0.0011553912138123623,1,2.9421517671295017,0.9693805234798739,287.4973168671419,0.05717121103580671,-0.6102505788131509,0.016540220413446605,19.38665029550996,-22.542424740524897,1.4909756183624268,0.12565299224575333,131.33642582551656,44.239047986657276,44.239047986657276,0.9912280701754386,0.0009591306443919034,1,2.772488431349673,0.902929460827565,257.2344414074427,0.056297520181843766,-0.5611247110970368,-0.09206568403035931,18.994859526715416,-22.93421550931944,1.4885436296463013,0.10740959717459131,131.3364209687844,44.23904047615193,44.23904047615193,0.9901960784313726,0.0006266300323759522,1
61,350548,0.0,0.0,,0,-1.0,1.1353614712269573,5.921382866356238,335.21638493163465,0.3234152717967137,7.545077899928998,0.5901159000815994,17.237483991783403,-22.352401412656356,-0.7504236698150635,0.027965033479608103,128.84703444380492,44.91367136423479,44.91367136423479,0.6617915904936015,0.0010429446409768728,1,1.0807417937788781,5.927188623541006,378.1142769704179,0.30481561437261656,7.546385460541103,0.6641501035162207,16.496111407922236,-23.093773996517523,-0.8559046387672424,0.04902128619171664,128.84703416127937,44.913676500606215,44.913676500606215,0.6855753646677472,0.0005343958005268323,1,1.0619596729060037,5.86628613921027,430.20457444608326,0.282830167477245,7.465317224704648,0.6963360570101003,16.961888820473863,-22.627996583965896,-0.9891623854637146,0.03673119143226389,128.8470420378552,44.913678855464156,44.913678855464156,0.7022792022792023,0.0006848063141460248,1,1.0974850991843947,5.873318773324559,352.98836877627343,0.31261036613007437,7.476456212260132,0.6732341040945471,16.72357100138456,-22.8663144030552,-0.8587266206741333,0.05367598063491208,128.8470409945496,44.9136772354538,44.9136772354538,0.6145833333333334,0.0005611594895280625,1
62,350607,52.734958333333324,-26.659666666666666,3.2333791364495834,0.6522,-1.0,12.911936838305245,8.037932275383538,119.20136256404058,0.736213425271925,4.268712487458629,-2.257199460801189,12.911936838305245,-29.70876662562017,-0.5477876663208008,0.14728318586157718,52.734067854682145,-26.659250280178767,-26.659250280178767,0.0,4.2037396514094105e-05,0,4.909530240010602,8.037932275383538,119.20136256404058,0.736213425271925,4.268712487458629,-2.257199460801189,19.417548775665786,-22.720343192373477,-0.5477876663208008,0.14728318586157718,52.734067854682145,-26.659250280178767,-26.659250280178767,0.0,0.005877834942826898,1,5.484019350702741,8.013184773100757,274.4403463683725,0.48370566942919896,4.339973243989789,-2.082784075607236,18.560619492097587,-23.577272475941676,-0.18973271548748016,0.254169682942777,52.734062359009826,-26.65923815886864,-26.65923815886864,0.13131313131313133,0.010178986942633639,1,5.056033080717645,7.670858370496448,235.63060041728951,0.49972159716403497,4.130714822846144,-2.042775393421664,18.369614587617694,-23.76827738042157,-0.38761404156684875,0.226820007402026,52.73407862492402,-26.659235423278886,-26.659235423278886,0.2,0.006870016254241662,1
63,350630,162.40502499999997,58.95300666666667,0.34922890512356125,0.3046,-1.0,2.3084343536355685,10.002287476524751,533.8079750709686,0.432919156465226,-6.348736943163857,-5.96834928896844,17.4481521373732,-23.288673661440402,0.06935738772153854,0.29930043495002256,162.4051530825047,58.95292687139173,58.95292687139173,0.4691358024691358,0.0016164888779333086,1,2.08092032479464,9.899767223738206,681.428945954792,0.37924048573838176,-6.348465808528687,-5.83746339567989,16.61862278936589,-24.11820300944771,0.06837733834981918,0.3104752398225299,162.40515317343625,58.952935958402506,58.952935958402506,0.632495164410058,0.0007812315383161073,1,1.9895327564069354,9.83105062577959,807.961206712355,0.3458634569312939,-6.2715232203147195,-5.83250344455962,17.094942784058638,-23.641883014754963,0.032542452216148376,0.3123907525024371,162.4051428196503,58.95293634174806,58.95293634174806,0.6933115823817292,0.001050613884755247,1,2.1028729628936897,9.902586181080366,727.5604993559868,0.36712509721248887,-6.344477795415202,-5.845423691051167,16.655062914088578,-24.081762884725023,0.03011622466146946,0.30040981182718773,162.4051526287883,58.952935407772934,58.952935407772934,0.6594202898550725,0.000753542284534392,1
64,350633,161.32877916666664,59.08173361111111,0.3372062369779223,0.2013,-1.0,1.3453840488734599,6.497116681435597,329.8805825009403,0.35771923220501084,6.801288167505689,-3.406107584611064,17.76380252570492,-22.073241394644867,1.129685640335083,0.1145880166790465,161.32890581383236,59.0816871718171,59.0816871718171,0.6283185840707964,0.0020478289033389885,1,1.251181948010374,6.523393207246269,402.13318796021707,0.3253033971527179,6.722849505931009,-3.6237474520995505,16.92166165567736,-22.915382264672427,1.2513459920883179,0.09399056798453898,161.32891666906878,59.08167211128053,59.08167211128053,0.6497277676950998,0.0009327670767879104,1,1.1854025456782522,6.582817283229095,487.52263077572593,0.2981359932210763,6.776684419727161,-3.6704664123638793,17.35296862216552,-22.48407529818427,1.4035438299179077,0.09634353419148178,161.32890944963856,59.08166883515086,59.08166883515086,0.7964071856287425,0.0012354575308807236,1,1.2771958089775146,6.558215584185089,394.83494498453257,0.3300486018476535,6.74287952006533,-3.6723621676042058,17.05013564054973,-22.78690827980006,1.217929482460022,0.09532889225200558,161.3289140197504,59.0816687242159,59.0816687242159,0.678373382624769,0.000936498021219645,1
65,360030,0.0,0.0,,0,-1.0,3.000574647974246,0.8696838251113533,20.860897632989364,0.1904122552716577,0.11482163778119059,0.776735998018566,21.204147695899756,-19.417261507965797,1.4825648069381714,0.3302726119877214,185.15531356777998,46.52285950524237,46.52285950524237,0.8235294117647058,0.005085180323035177,1,2.6621321790223194,1.0225059674275887,42.94890689144869,0.1560234201773458,0.14119218286626278,0.9122881208652842,20.4355277685499,-20.185881435315654,0.9079679846763611,0.1616839757649512,185.15531093360568,46.52286892113969,46.52286892113969,0.6285714285714286,0.0027791538575986374,1,2.424935545846928,1.1313028940521521,55.220023146148314,0.1522406417346917,0.2536971956087797,0.9893650621742722,20.956162268899085,-19.66524693496647,1.1996784210205078,0.20577468396248988,185.15529959491522,46.52287428847651,46.52287428847651,0.6444444444444445,0.0035965329518095057,1,2.3653628186366844,1.2532823789227343,39.2675720150388,0.20000088117786993,0.2039205720519135,1.1129743116672728,20.711247073871586,-19.910162129993967,1.0716866254806519,0.3561934408789311,185.1553046432088,46.52288286469927,46.52288286469927,0.875,0.002599649015493255,1
66,360145,163.6685958333333,59.01892472222222,0.32291166432051815,0.1983,-1.0,2.1769643842010447,1.6891752774674773,98.37251978678638,0.1703090861460072,-0.6540656122408279,-1.8914124780191344,18.67594003408478,-21.127398444935388,-0.03295542299747467,0.07988628853444779,163.66871488875628,59.0188592249397,59.0188592249397,0.9565217391304348,0.0023617170750301897,1,2.262578809059496,1.757671995363496,116.1936284438129,0.16305971402373548,-0.5765888710146783,-2.0010753584357417,17.861817965278213,-21.941520513741953,-0.012085121124982834,0.0799383565711137,163.66870406040192,59.018851756018336,59.018851756018336,0.9815950920245399,0.0016748492849527619,1,2.417233248152965,1.6557281787071345,140.43033621736896,0.1397199984844114,-0.5931838837384191,-1.8698595418199488,18.211534580312197,-21.59180389870797,-0.28294795751571655,0.09125461468593188,163.668706756755,59.01886083134615,59.01886083134615,0.9796954314720813,0.004710072581799674,1,2.4866154629888184,1.7626576053591507,121.89638321406139,0.15965133308908136,-0.6499685108784234,-1.9846575727501659,17.88847032063577,-21.914868158384397,-0.12537232041358948,0.10514562929332327,163.66871401011534,59.01885276179276,59.01885276179276,0.9707602339181286,0.00540782306230958,1
67,370066,0.0,0.0,,0,-1.0,0.660438868712705,8.27147597905979,148.43625157448056,0.6789112785238082,-17.444777804964332,-8.673178788129462,16.966895724202914,-21.030596919622578,-0.3812461197376251,0.06859193964716448,130.35024324626522,43.05383760572136,43.05383760572136,0.0,0.0030058417642335744,1,0.6630768924573894,8.287795251642073,162.32396891498482,0.6505005781972932,-17.501118425633706,-8.646039451517481,16.47116946808495,-21.526323175740544,-0.5279720425605774,0.08544440984837953,130.35024859171224,43.05383950073226,43.05383950073226,0.0,0.00208335836952922,1,0.6690737297047786,8.270041020616494,178.37600584102222,0.61921211696743,-17.448440359149743,-8.658202324066394,16.980549412815755,-21.016943231009737,-0.41583356261253357,0.09566024468825152,130.35024359005803,43.053838645971396,43.053838645971396,0.0,0.0030527084505785895,1,0.7194581171852469,8.316739646280293,145.91121205802526,0.688507655710551,-17.596584678763023,-8.606338974659337,16.808155265876472,-21.18933737794902,-0.5679758787155151,0.10119109279381355,130.35025765105556,43.053842275436956,43.053842275436956,0.0,0.0027641455874113374,1
68,370098,150.00616666666664,2.4310277777777776,0.3521551666549792,0.2207,-1.0,1.6795435266757102,2.6607125877256377,131.80550704761941,0.23175610652965278,1.838169680044544,-2.2361245106271923,19.0821250611669,-20.967690382885117,-0.35310420393943787,0.3858660478434627,150.0062264013882,2.4309502722475416,2.4309502722475416,0.8846153846153846,0.002013540820127724,1,1.5620257610850274,2.55303883873392,185.87956122100172,0.18725852678668697,1.7318533095930917,-2.1714870380477294,18.004004184940513,-22.045811259111503,-0.4125522971153259,0.39937907868098854,150.00623379107859,2.4309547608540227,2.4309547608540227,0.9090909090909091,0.0008860263000561863,1,1.4881627319984543,2.283851931108807,250.09250055189324,0.14441676402770973,1.4485776436385436,-2.0187193604833595,18.151882190056238,-21.897933253995777,-0.4210929870605469,0.40005803921517036,150.0062534806041,2.4309653694573985,2.4309653694573985,0.9898648648648649,0.0008355323686761729,1,1.5041628901556539,2.5141387551883394,204.46751734310192,0.17582356469246588,1.789154704364833,-2.068886210094135,17.99932447871278,-22.050490965339236,-0.4894661605358124,0.4029790956062167,150.0062298082928,2.4309618858142223,2.4309618858142223,0.9214876033057852,0.0007725422036091167,1
69,370189,0.0,0.0,,0,-1.0,13.02757892381159,1.1068598499563154,6.076297933839014,0.4490276702287271,-1.3234110293480938,-1.2951733614299457,13.02757892381159,-25.968606427760534,-1.0463162660598755,0.21839885312130392,162.0299281136503,58.99771825871523,58.99771825871523,0.6470588235294118,4.84648827259182e-06,0,12.93157892381159,1.1068598499563154,6.076297933839014,0.4490276702287271,-1.3234110293480938,-1.2951733614299457,12.93157892381159,-26.06460642776053,-1.0463162660598755,0.21839885312130392,162.0299281136503,58.99771825871523,58.99771825871523,0.6470588235294118,4.505544051403021e-06,0,1.3848551441128483,1.1068598499563154,6.076297933839014,0.4490276702287271,-1.3234110293480938,-1.2951733614299457,22.09123173195701,-16.772257510906563,-1.0463162660598755,0.21839885312130392,162.0299281136503,58.99771825871523,58.99771825871523,0.6470588235294118,0.004735907604512257,1,12.831746928241126,1.1068598499563154,6.076297933839014,0.4490276702287271,-1.3234110293480938,-1.2951733614299457,12.831746928241126,-26.164438423331,-1.0463162660598755,0.21839885312130392,162.0299281136503,58.99771825871523,58.99771825871523,0.6470588235294118,4.176406405154154e-06,0
70,370286,0.0,0.0,,0,-1.0,1.4234550364236618,0.8940576929760096,7.477397851463202,0.3269567441631823,-1.0117790295668527,-1.242714122568188,21.106897043527805,-17.578511814306545,0.6077849268913269,0.25174384098832825,183.3541363085563,47.75499579586065,47.75499579586065,0.7916666666666666,0.004344539567695094,1,1.193289321524145,1.1145913760839186,9.035189070518037,0.3708062588024374,-1.4879620997283354,-1.3331590982474921,20.788838198673396,-17.896570659160954,0.15447069704532623,0.26243017445995,183.3541856591099,47.75499022124182,47.75499022124182,0.9310344827586207,0.0026464724062207345,1,1.0414302148901997,0.9456805867477648,10.904538533383835,0.2863787756580355,-1.344009322757259,-1.0329307117104634,21.344522065185387,-17.340886792648963,0.5397735834121704,0.18618895975963767,183.35417014710197,47.75501084675935,47.75501084675935,0.9142857142857143,0.003727818919667558,1,1.4468414930594824,0.7870186728078087,5.296490144786435,0.3419723180893825,-1.049340831043807,-0.9428178642245655,21.198583201560343,-17.486825656274007,0.11852055788040161,0.31739919299510033,183.3541395340965,47.75501666626528,47.75501666626528,0.7647058823529411,0.0035153287765735675,1
71,370329,151.30854166666666,1.7006944444444445,0.40795135002256616,0.4761,-1.0,3.4792928712289264,5.697154882585852,82.1650378330053,0.6285133351707981,3.663437394837416,-0.6477534724773193,20.703976126623708,-21.075350696174176,-0.5797836780548096,0.20123263251582646,151.30863308542496,1.7006274268866615,1.7006274268866615,0.0,0.003942027535829062,1,3.1483367705373393,5.861267102647036,122.07377049475073,0.5304938256393484,3.726573075852386,-0.8725998816914995,19.9212099094667,-21.858116913331184,-0.2399044930934906,0.22009082781528466,151.30862868783257,1.7006118207813534,1.7006118207813534,0.038461538461538464,0.0019885889532832435,1,2.926753054629975,5.13132180800789,173.72036570406837,0.38931746296447556,3.2582427051753484,-0.7817673678639494,20.217575590437875,-21.56175123236001,-0.08889292180538177,0.21059338291959495,151.30866121244154,1.7006181044342517,1.7006181044342517,0.5945945945945946,0.0024791104721519908,1,2.9321205856351367,5.097600335518289,133.81163304232294,0.44067544046089513,3.231443563324788,-0.7987215257426357,20.11860681481882,-21.660720007979066,-0.2226705700159073,0.3289928225229759,151.3086630722395,1.7006169261976665,1.7006169261976665,0.5614035087719298,0.002272648956538892,1
72,370333,0.0,0.0,,0,-1.0,0.9798840211010774,0.5602628225847758,13.909611224162884,0.15022226613578288,-1.1232927675569755,-1.0323926066740512,18.225194816067447,-19.41898865290334,-1.1743868589401245,0.11172576146620017,164.38026852562302,57.29767278786056,57.29767278786056,0.970873786407767,0.002066713454861091,1,0.9200725371334576,0.768702233265298,17.015640914995373,0.1863519694001446,-1.4848557073931516,-1.4754219956066237,17.718111733720242,-19.926071735250545,0.8293241262435913,0.18747157214202037,164.38031286301953,57.2976411483629,57.2976411483629,0.9206349206349206,0.0009193960143127899,1,12.943746928241127,0.5602628225847758,13.909611224162884,0.15022226613578288,-1.1232927675569755,-1.0323926066740512,12.943746928241127,-24.77895770135872,-1.1743868589401245,0.11172576146620017,164.38026852562302,57.29767278786056,57.29767278786056,0.970873786407767,3.7397580959663834e-05,0,12.84540416749488,0.5602628225847758,13.909611224162884,0.15022226613578288,-1.1232927675569755,-1.0323926066740512,12.84540416749488,-24.877300462104966,-1.1743868589401245,0.11172576146620017,164.38026852562302,57.29767278786056,57.29767278786056,0.970873786407767,3.470491497181705e-05,0
73,370344,150.17345833333331,1.8316944444444445,0.46465012669591427,-9.9990,-1.0,13.02757892381159,3.321080851357416,30.114963952251095,0.6051851666727712,2.687207322410515,-0.32296330606327217,13.02757892381159,-28.241008080852552,0.21546272933483124,0.3070250890359977,150.17356329594327,1.8316192577662898,1.8316192577662898,0.2,1.1041016299007111e-05,0,3.235654370839945,3.321080851357416,30.114963952251095,0.6051851666727712,2.687207322410515,-0.32296330606327217,20.90409244638878,-20.054049419588672,0.21546272933483124,0.3070250890359977,150.17356329594327,1.8316192577662898,1.8316192577662898,0.2,0.004378329375590795,1,2.469951113156457,1.1245645011446441,70.77016528779008,0.13367779249185174,0.4687110876459002,-0.7875556965007888,20.813499961432704,-20.14464190454475,0.2878000736236572,0.3249739301192539,150.17371742858253,1.8315869809643146,1.8315869809643146,0.9148936170212766,0.0028488242155646493,1,3.3318499870994995,2.6851154856371093,30.114963952251095,0.4892961464779621,2.1730412748424186,-0.25762791573011157,20.951443111126245,-20.006698754851207,0.4181212782859802,0.3657381120439399,150.17359901963403,1.831623791280516,1.831623791280516,0.8,0.004774739060491862,1
74,370356,0.0,0.0,,0,-1.0,0.19737672845093435,11.346269998967816,132.4346130538671,0.9859442543434246,14.519855129199271,86.07893960212277,14.401495344732526,-20.831265481034293,1.5672950744628906,0.41995342217889897,183.4038135534373,46.48942097675958,46.48942097675958,0.0,0.006861040040337163,1,0.18710391877428384,11.28380767429199,152.36319107435332,0.9141461726873283,15.1333827563991,85.48509221005162,13.758417839577264,-21.474342986189555,1.5470294952392578,0.4023106864070266,183.4037529312157,46.48937889777418,46.48937889777418,0.0,0.004193865967104915,1,0.1845697453336202,11.25761119576032,172.038224845215,0.8582894396173781,15.558355296113973,85.20382560750622,14.270910976990507,-20.96184984877631,1.5444259643554688,0.3694079415869097,183.40371067230384,46.48935877921056,46.48935877921056,0.07830615052073099,0.006206129450201603,1,0.19400479231445117,11.486356321673375,145.26395208486716,0.9530229448548533,16.19180936647234,86.876503071826,13.991500695066025,-21.241260130700795,1.5685888528823853,0.3952864876888076,183.4036433761112,46.489473989827005,46.489473989827005,0.0,0.005058249547593929,1
75,370369,0.0,0.0,,0,-1.0,1.5670931090296285,9.665638537567432,341.95748225201487,0.5226903649117998,12.342597985444911,-0.5826696059975802,16.91798501497695,-22.67190038946281,-0.18280340731143951,0.26689224656454513,151.5654718882005,2.4068327579464897,2.4068327579464897,0.5734767025089605,0.0018039370782300113,1,1.3726634429821771,9.87684005844727,715.169142989429,0.3693291929951448,12.603403353889973,-0.7608603507120222,15.751454008366936,-23.838431396072824,-0.20047226548194885,0.2955420456702774,151.56545376137717,2.4068204091392937,2.4068204091392937,0.662382176520994,0.0007595584561508328,1,1.3631357900339138,9.760855962145524,834.6704136688966,0.33785503407753414,12.457981425394024,-0.7078476696828062,16.010831108368798,-23.57905429607096,-0.1560777872800827,0.32234573388871757,151.56546386529843,2.4068240775721694,2.4068240775721694,0.8502202643171806,0.0009131126732535577,1,1.3600234851465929,9.806291696981315,761.1311701738396,0.35544716419786687,12.517772667690195,-0.67867395623405,15.722087013516676,-23.86779839092308,-0.12986761331558228,0.2935312779599828,151.5654597147145,2.406826107503786,2.406826107503786,0.6763285024154589,0.0007229584682458823,1
76,370394,0.0,0.0,,0,-1.0,13.02757892381159,2.365317381737559,32.75992162224146,0.4132548852380824,-0.8700361317713146,1.683230880969134,13.02757892381159,-28.308703528054856,1.3275973796844482,0.10875380142551716,132.37942648141885,45.002284929724496,45.002284929724496,0.09523809523809523,5.847652205681619e-06,0,12.93157892381159,2.365317381737559,32.75992162224146,0.4132548852380824,-0.8700361317713146,1.683230880969134,12.93157892381159,-28.404703528054853,1.3275973796844482,0.10875380142551716,132.37942648141885,45.002284929724496,45.002284929724496,0.09523809523809523,5.43627758009535e-06,0,2.735012685191736,2.365317381737559,32.75992162224146,0.4132548852380824,-0.8700361317713146,1.683230880969134,21.68344196791369,-19.335078488040736,1.3275973796844482,0.10875380142551716,132.37942648141885,45.002284929724496,45.002284929724496,0.09523809523809523,0.00419281361099566,1,3.320453556069575,2.381908368731851,18.719955212709404,0.5505194250239037,-0.8318259256569007,1.7172015008026733,21.418867073593493,-19.599653382360934,-1.1229722499847412,0.23337564602310834,132.37942280437005,45.002287345818445,45.002287345818445,0.0,0.003313564837441607,1
77,370407,186.48104999999998,47.60178888888889,0.47802631497769854,0.0790,-1.0,0.5109629742574561,5.746697080757547,415.32702344090916,0.2819831842687555,-14.910584687344823,-0.5524523530174008,15.2535188505593,-22.50542375310525,-0.4667963981628418,0.329491448008863,186.48123793604788,47.60171412082938,47.60171412082938,0.863831308077198,0.0014370652994094568,1,0.5195280441271006,5.707757246609991,428.2410516894292,0.2758172001818793,-14.817152482891643,-0.27767295451712926,14.817717486595665,-22.941225117068885,-0.4444662630558014,0.32645961118640465,186.48122885437934,47.60173331882571,47.60173331882571,0.8783362218370884,0.0009713919057035003,1,0.5149456191711131,5.706463243510196,463.86595720258794,0.2649541789029241,-14.81526135715059,-0.18437768543627442,15.358265532643776,-22.400677071020773,-0.46142128109931946,0.3234287111928231,186.48122884167432,47.60173979754216,47.60173979754216,0.84544,0.0014213213342924025,1,0.5299255047642126,5.690319577594598,393.6552059204042,0.2867996771934947,-14.773284237746097,-0.18890882038490986,15.201916494634423,-22.557026109030126,-0.44238153100013733,0.32674157388482405,186.48122451185338,47.60173953864352,47.60173953864352,0.8042986425339367,0.0012264384588314137,1
78,370428,0.0,0.0,,0,-1.0,1.3073138170065222,0.6232105549730571,203.40677441025147,0.0436970474913476,-0.6923397589964964,-0.41463501404427916,18.04363205504607,-21.50864457097343,-0.2511650323867798,0.31247143870922467,184.37490073105235,47.54818270738315,47.54818270738315,0.9970674486803519,0.0013304957558882835,1,1.307782157099576,0.6107407567287575,238.0038210841359,0.03958812547175073,-0.7571180818340224,-0.2285077587810207,17.369360784954843,-22.18291584106466,-0.29816463589668274,0.2785068731679823,184.37490724194294,47.54819566759569,47.54819566759569,0.9974937343358395,0.0008398447696666977,1,1.3220752771007063,0.6059530131101044,294.0748967280175,0.03533539681297371,-0.7671970922153122,-0.1645590044779084,17.882200515208762,-21.67007611081074,-0.29584088921546936,0.2713017615265152,184.37490822621237,47.54820011359963,47.54820011359963,0.9979716024340771,0.0012226498552572185,1,1.355835687050286,0.6894264356021287,214.7402896999722,0.04704691651876478,-0.858473918945279,-0.2449621961508086,17.7053305791784,-21.8469460468411,-0.25029438734054565,0.29858402529166306,184.3749176822965,47.54819458171395,47.54819458171395,0.9972222222222222,0.0010452246714054425,1
79,370469,161.36872916666667,59.49680277777778,0.24553517255249122,0.0725,-1.0,0.48481372295407305,10.676423693141073,487.68073556068043,0.48345716412572515,19.766967367165677,22.29395051102452,14.8584377142794,-22.72608145493254,0.42869600653648376,0.34964217217447646,161.36878029781283,59.4967414501621,59.4967414501621,0.606747496046389,0.0017629321234732265,1,0.462585956445411,10.660776835896005,559.5345919598424,0.45068736393708403,19.690013503836838,22.30375433732189,14.098267519271745,-23.486251649940197,0.39974504709243774,0.34816182727368183,161.3687908113804,59.496742174578856,59.496742174578856,0.5093039283252929,0.0009139117754042303,1,0.4564090353244596,10.617977801602361,636.1444281206661,0.42098240927023634,19.52246485142416,22.29207290854049,14.532772584954616,-23.051746584257327,0.4014596939086914,0.34667623485177734,161.36881373884694,59.4967414597853,59.4967414597853,0.8452212568195595,0.001240183575887066,1,0.4629548223624594,10.656607594919176,549.7655524494018,0.45449615360211554,19.55696663857563,22.405126074586747,14.20090474220121,-23.38361442701073,0.3862517178058624,0.345111739106958,161.36880889470132,59.49674928581719,59.49674928581719,0.43628711713818097,0.0009395147791939618,1
80,370498,186.26651249999998,46.80606833333333,4.085743148506555,1.0115,-1.0,1.6976949603584686,19.1027011772567,93.62785677272065,1.9742049706383618,-17.427355948181187,-5.96179750919535,19.267737212233044,-21.147182019795512,1.5259217023849487,0.014983709271219059,186.26808266750385,46.805724923260264,46.805724923260264,0.0,0.00930940125249513,1,1.5318352295043585,19.163410184227327,140.97987628995867,1.613965447855021,-17.424310520496107,-6.148896761673569,17.903914548941167,-22.51100468308739,-0.34119075536727905,0.03294419082608857,186.26808205086184,46.805711937233276,46.805711937233276,0.0,0.0032866454685503976,1,1.2675461907925747,18.978735741448435,384.1970674466813,0.9682561317523575,-17.260322483134814,-6.078501215464485,17.239071234862692,-23.175847997165864,0.2586769759654999,0.1583991644189544,186.26806553521052,46.80571700818027,46.80571700818027,0.0,0.0019388704757227204,1,1.326042994552915,19.207390052147353,331.4641366206662,1.0549942263089038,-17.477792820035887,-6.124636923625957,16.500280978949405,-23.91463825307915,0.12058214098215103,0.002999670147404321,186.26808751487377,46.80571356156759,46.80571356156759,0.0,0.00113347355763449,1
